Age,Attrition,BusinessTravel,Department,Education,EducationField,Gender,JobLevel,JobRole,MaritalStatus,NumCompaniesWorked,PercentSalaryHike,StockOptionLevel,TotalWorkingYears,TrainingTimesLastYear,YearsAtCompany,YearsSinceLastPromotion,YearsWithCurrManager,EnvironmentSatisfaction,JobSatisfaction,WorkLifeBalance,JobInvolvement,PerformanceRating,MonthlyIncome_Squared,DistanceFromHome_Squared,mean_daily_worked_hours,yearly_absents,average_entry_time
51,0,Travel_Rarely,Sales,2,Life Sciences,Female,1,Healthcare Representative,Married,1.0,11,0,1.0,6,1,0,0,3.0,4.0,2.0,3,3,17202945600,36,7.373650622605364,29,10.001422413793104
31,1,Travel_Frequently,Research & Development,1,Life Sciences,Female,1,Research Scientist,Single,0.0,23,1,6.0,3,5,1,4,3.0,2.0,4.0,2,4,1754772100,100,7.718968926553672,25,9.988073210922789
32,0,Travel_Frequently,Research & Development,4,Other,Male,4,Sales Executive,Married,1.0,15,3,5.0,2,5,0,3,2.0,2.0,1.0,3,3,37357158400,289,7.013240358126722,19,10.025060835629017
38,0,Non-Travel,Research & Development,5,Life Sciences,Male,3,Human Resources,Married,3.0,11,3,13.0,5,8,7,5,4.0,4.0,3.0,2,3,6923904100,4,7.193678486997636,26,9.981829787234043
32,0,Travel_Rarely,Research & Development,1,Medical,Male,1,Sales Executive,Single,4.0,12,2,9.0,2,6,0,4,4.0,1.0,3.0,3,3,548496400,100,8.006174603174603,16,9.998493197278911
46,0,Travel_Rarely,Research & Development,3,Life Sciences,Female,4,Research Director,Married,3.0,13,0,28.0,5,7,7,7,3.0,2.0,2.0,3,3,1657304100,64,10.796095874355368,24,9.98897562119081
28,1,Travel_Rarely,Research & Development,2,Medical,Male,2,Sales Executive,Single,2.0,20,1,5.0,2,0,0,0,1.0,3.0,1.0,3,4,3379096900,121,6.923570402298851,29,9.964218151340996
29,0,Travel_Rarely,Research & Development,3,Life Sciences,Male,2,Sales Executive,Married,2.0,22,3,10.0,2,0,0,0,1.0,2.0,3.0,3,4,987844900,324,6.725620713305898,18,10.002719478737998
31,0,Travel_Rarely,Research & Development,3,Life Sciences,Male,3,Laboratory Technician,Married,0.0,21,0,10.0,2,9,7,8,2.0,4.0,3.0,3,4,417793600,1,7.236498792270532,31,10.022519323671498
25,0,Non-Travel,Research & Development,4,Medical,Female,4,Laboratory Technician,Divorced,1.0,13,1,6.0,2,6,1,5,2.0,1.0,3.0,3,3,18127929600,49,7.080087844254511,27,9.96460351377018
45,0,Travel_Rarely,Research & Development,2,Medical,Male,2,Laboratory Technician,Married,0.0,13,2,21.0,2,20,4,10,3.0,4.0,3.0,2,3,6385608100,289,8.403485477178425,20,9.994065237436608
55,0,Travel_Rarely,Research & Development,4,Life Sciences,Female,1,Sales Executive,Single,0.0,17,0,37.0,2,36,4,13,4.0,1.0,3.0,3,3,3066944400,196,9.301409509946627,32,10.018693595342068
47,1,Non-Travel,Research & Development,1,Medical,Male,1,Research Scientist,Married,1.0,11,2,10.0,4,10,9,9,1.0,2.0,2.0,2,3,3320064400,1,9.399931442080378,26,10.00388888888889
28,0,Travel_Rarely,Research & Development,3,Life Sciences,Male,1,Manufacturing Director,Married,1.0,14,0,5.0,2,5,0,4,4.0,4.0,2.0,3,3,671846400,1,6.089687644075611,20,10.008491240202858
37,0,Travel_Rarely,Research & Development,3,Life Sciences,Male,2,Healthcare Representative,Married,4.0,11,0,7.0,2,5,0,1,3.0,4.0,4.0,3,3,2857971600,1,6.705174636661979,24,10.007346460384435
21,0,Travel_Rarely,Research & Development,2,Life Sciences,Male,1,Laboratory Technician,Single,1.0,12,3,3.0,3,3,1,0,4.0,3.0,4.0,2,3,1774936900,9,6.619040626529613,34,10.039029613313755
37,0,Non-Travel,Research & Development,3,Medical,Male,2,Sales Executive,Divorced,2.0,13,1,15.0,2,5,0,2,1.0,4.0,3.0,3,3,1703212900,1,11.014328139114726,15,10.008203477868113
35,0,Travel_Rarely,Sales,4,Life Sciences,Male,1,Sales Representative,Divorced,7.0,16,0,10.0,5,7,6,2,2.0,2.0,2.0,2,3,594384400,49,6.960253831417624,29,9.98879070881226
38,0,Travel_Rarely,Research & Development,3,Life Sciences,Female,1,Manager,Divorced,1.0,11,1,8.0,5,8,7,7,1.0,1.0,3.0,3,3,4719690000,64,9.293555796055795,30,10.030987253487254
26,0,Travel_Frequently,Research & Development,4,Other,Male,2,Laboratory Technician,Divorced,1.0,18,0,6.0,3,6,1,4,3.0,2.0,1.0,3,3,10913980900,1,7.590778256704981,29,9.993880507662837
50,0,Travel_Rarely,Sales,4,Life Sciences,Male,1,Research Scientist,Divorced,3.0,23,0,28.0,2,10,1,6,1.0,2.0,2.0,2,4,9345088900,64,6.008613495469718,28,9.988509775870291
53,0,Travel_Rarely,Research & Development,4,Life Sciences,Female,2,Research Scientist,Married,3.0,11,0,21.0,2,5,1,3,3.0,3.0,2.0,3,3,461390400,121,8.402108477011495,29,10.003424329501916
29,0,Travel_Frequently,Research & Development,4,Medical,Male,1,Laboratory Technician,Single,1.0,11,1,10.0,2,10,0,9,2.0,4.0,2.0,3,3,4241916900,256,7.093167388167388,30,9.971343193843193
55,0,Travel_Rarely,Research & Development,4,Other,Female,1,Research Scientist,Married,3.0,11,0,12.0,2,10,0,8,2.0,4.0,3.0,3,3,4622640100,1,9.362002074688796,20,10.026423467035501
26,0,Travel_Frequently,Research & Development,3,Life Sciences,Female,1,Manager,Married,1.0,22,0,5.0,3,5,3,3,1.0,1.0,3.0,3,4,26539668100,81,10.977123430962342,22,10.004929102742912
37,0,Travel_Rarely,Sales,1,Marketing,Male,1,Research Scientist,Single,1.0,11,0,17.0,2,17,5,7,4.0,4.0,3.0,3,3,731702500,25,7.604444444444445,25,9.99204684557439
44,1,Travel_Frequently,Research & Development,2,Medical,Male,2,Research Scientist,Divorced,3.0,14,1,19.0,2,1,0,0,4.0,3.0,1.0,2,3,10677088900,1,10.97758573388203,18,10.01664951989026
38,0,Travel_Rarely,Sales,3,Marketing,Female,1,Manager,Divorced,9.0,12,0,10.0,3,2,1,2,4.0,4.0,3.0,2,3,1978470400,4,6.8312753623188405,31,9.992445652173913
26,1,Travel_Rarely,Research & Development,3,Medical,Male,3,Research Scientist,Divorced,2.0,11,0,5.0,5,3,0,2,1.0,2.0,3.0,2,3,4697731600,16,10.10940826330532,23,10.005135387488329
28,0,Travel_Rarely,Research & Development,3,Other,Male,1,Human Resources,Single,1.0,13,0,5.0,6,5,0,2,4.0,4.0,3.0,2,3,9287176900,49,6.709665977961433,19,9.977743342516069
49,0,Travel_Frequently,Research & Development,1,Medical,Female,2,Research Scientist,Single,9.0,13,0,22.0,2,3,1,2,3.0,1.0,3.0,3,3,1289528100,1,10.518214624881292,27,10.008382003798669
36,0,Travel_Rarely,Sales,3,Technical Degree,Male,3,Sales Executive,Single,4.0,14,0,10.0,2,8,7,7,3.0,2.0,3.0,3,3,2921402500,25,6.182887517146776,18,9.971323731138545
31,0,Travel_Frequently,Research & Development,4,Medical,Male,1,Sales Executive,Divorced,1.0,16,1,2.0,4,2,2,2,4.0,2.0,2.0,3,3,2193985600,81,6.586388888888889,21,10.034547453703704
26,1,Travel_Rarely,Research & Development,3,Medical,Male,2,Manager,Single,1.0,12,2,8.0,5,8,7,4,4.0,4.0,3.0,3,3,24922936900,64,10.272241379310344,29,9.9471719348659
37,0,Travel_Frequently,Sales,1,Marketing,Male,1,Laboratory Technician,Married,1.0,14,0,4.0,3,4,1,2,2.0,4.0,2.0,3,3,229219600,81,9.982733011937558,19,10.00844008264463
42,0,Travel_Frequently,Sales,2,Marketing,Male,3,Research Director,Married,5.0,13,0,23.0,2,20,4,8,3.0,2.0,4.0,3,3,873793600,4,5.979567632850242,31,10.012849033816424
18,1,Travel_Rarely,Research & Development,4,Life Sciences,Male,1,Sales Executive,Single,1.0,14,2,0.0,3,0,0,0,3.0,3.0,3.0,2,3,545222500,1,6.775967939304944,34,9.993920704845815
35,0,Travel_Rarely,Sales,2,Life Sciences,Male,1,Laboratory Technician,Married,0.0,19,0,12.0,2,11,6,9,3.0,2.0,2.0,2,3,2656371600,400,7.690160390516039,22,10.029782659228266
51,0,Travel_Rarely,Research & Development,3,Life Sciences,Male,2,Laboratory Technician,Divorced,5.0,13,0,13.0,2,4,1,2,4.0,2.0,3.0,2,3,3220562500,4,7.594769503546099,26,10.052526004728131
41,0,Travel_Rarely,Research & Development,1,Life Sciences,Male,1,Laboratory Technician,Single,1.0,12,0,22.0,6,22,0,4,4.0,2.0,3.0,3,3,565964100,841,6.952642332415059,19,10.001768824609734
18,0,Travel_Rarely,Sales,3,Life Sciences,Male,1,Research Scientist,Single,1.0,15,0,0.0,3,0,0,0,4.0,3.0,3.0,3,3,1453134400,49,7.008878472222222,21,9.960936342592593
28,0,Travel_Rarely,Research & Development,3,Medical,Male,1,Sales Representative,Single,0.0,23,2,9.0,2,8,0,7,2.0,1.0,3.0,2,4,2160390400,81,7.201573315118398,17,9.978769353369763
31,0,Travel_Rarely,Research & Development,1,Technical Degree,Male,1,Manufacturing Director,Married,4.0,12,1,10.0,2,8,7,7,2.0,4.0,2.0,3,3,862009600,64,7.172875,21,10.012166666666667
39,0,Travel_Rarely,Sales,4,Marketing,Female,2,Human Resources,Divorced,0.0,20,0,19.0,3,18,3,7,3.0,4.0,2.0,3,4,443102500,25,7.636801418439716,26,9.983275413711585
36,0,Non-Travel,Research & Development,4,Life Sciences,Male,1,Sales Executive,Married,7.0,21,0,11.0,4,9,0,8,2.0,2.0,3.0,3,4,7358208400,25,7.83278129395218,24,10.003683778715423
32,0,Travel_Rarely,Sales,3,Marketing,Male,2,Laboratory Technician,Married,1.0,21,1,13.0,4,13,4,8,4.0,3.0,2.0,3,4,732243600,4,6.974765051395008,34,10.020851688693098
38,0,Travel_Rarely,Research & Development,2,Life Sciences,Female,3,Research Scientist,Married,3.0,19,2,19.0,4,10,0,1,1.0,2.0,3.0,2,3,4075545600,25,6.906424220272905,33,9.991286549707603
58,0,Non-Travel,Research & Development,3,Life Sciences,Male,2,Manufacturing Director,Divorced,2.0,13,2,12.0,3,5,1,2,4.0,3.0,3.0,2,3,1574502400,4,10.895463728191,19,9.992540174471992
31,0,Travel_Rarely,Research & Development,1,Technical Degree,Female,3,Research Scientist,Married,0.0,13,1,6.0,3,5,0,3,3.0,4.0,3.0,2,3,9814864900,400,9.12566572902016,24,9.992515236755743
31,0,Travel_Rarely,Sales,4,Marketing,Male,2,Sales Executive,Married,3.0,21,1,9.0,2,2,1,0,1.0,1.0,3.0,3,4,17490062500,49,6.831459786145978,22,9.988336820083681
45,0,Travel_Frequently,Research & Development,1,Medical,Female,1,Sales Executive,Divorced,1.0,13,0,24.0,6,24,9,11,1.0,1.0,3.0,3,3,1253160000,9,7.3160499058380415,25,10.005561440677967
31,0,Travel_Rarely,Sales,4,Marketing,Female,2,Research Scientist,Divorced,0.0,19,2,3.0,0,2,2,2,3.0,4.0,1.0,3,3,786241600,256,8.610798041894355,17,10.006408242258653
33,0,Travel_Frequently,Research & Development,3,Life Sciences,Male,4,Research Director,Married,6.0,12,1,12.0,3,10,8,8,4.0,2.0,3.0,3,3,37604966400,81,6.784845288326301,24,10.00315752461322
39,0,Travel_Rarely,Sales,4,Life Sciences,Male,1,Sales Executive,Married,1.0,22,1,21.0,6,21,11,10,3.0,1.0,3.0,3,4,38671222500,1,10.98609977324263,16,10.02665192743764
43,0,Travel_Frequently,Research & Development,4,Medical,Male,4,Research Scientist,Single,0.0,15,0,9.0,2,8,1,7,3.0,4.0,3.0,3,3,594872100,49,7.68658467939305,34,10.005825991189427
49,0,Travel_Rarely,Research & Development,3,Life Sciences,Male,3,Manufacturing Director,Single,7.0,22,0,25.0,2,7,0,7,3.0,3.0,3.0,3,4,5349459600,1,9.948856881572931,18,10.011800411522634
52,1,Travel_Rarely,Research & Development,1,Life Sciences,Female,2,Research Scientist,Married,2.0,18,1,11.0,2,8,7,7,3.0,2.0,2.0,3,3,2279107600,49,7.9055276615527665,22,9.975975127847514
27,0,Travel_Rarely,Research & Development,4,Medical,Male,3,Research Scientist,Single,1.0,22,0,4.0,2,4,1,2,3.0,2.0,2.0,3,4,1522560400,225,10.67241461748634,17,9.992372495446267
32,0,Travel_Rarely,Research & Development,3,Life Sciences,Male,3,Research Scientist,Married,1.0,11,1,13.0,6,13,11,9,3.0,2.0,3.0,4,3,708624400,1,10.496171548117156,22,10.010438168293815
27,0,Travel_Rarely,Research & Development,2,Medical,Female,4,Research Director,Single,1.0,12,2,5.0,5,5,0,4,4.0,3.0,3.0,4,3,815673600,169,10.069261664261665,30,10.017515632515632
31,0,Travel_Rarely,Sales,3,Life Sciences,Male,2,Healthcare Representative,Divorced,4.0,11,3,13.0,4,7,1,7,4.0,4.0,3.0,4,3,116856100,576,6.607014174668496,18,9.990739597622314
32,0,Travel_Rarely,Research & Development,3,Technical Degree,Male,2,Healthcare Representative,Single,7.0,13,0,10.0,2,7,0,7,1.0,4.0,2.0,3,3,611078400,49,7.497914908579466,24,9.996497890295359
28,1,Travel_Rarely,Research & Development,4,Medical,Male,1,Sales Executive,Married,5.0,14,1,5.0,4,3,2,2,1.0,4.0,2.0,2,3,3218292900,81,10.727235717498877,14,10.015702878992352
30,0,Travel_Rarely,Research & Development,3,Life Sciences,Female,4,Research Director,Married,1.0,13,0,11.0,3,10,1,9,4.0,4.0,3.0,3,3,1761480900,169,6.184816810344828,29,10.004669540229886
31,0,Travel_Frequently,Research & Development,1,Life Sciences,Female,1,Manager,Married,1.0,17,0,10.0,5,10,8,9,3.0,3.0,3.0,2,3,9434236900,4,6.609300048947627,34,10.019640234948605
39,0,Travel_Frequently,Research & Development,4,Medical,Female,1,Research Scientist,Married,1.0,13,0,21.0,4,21,13,3,3.0,4.0,3.0,3,3,425184400,361,6.07624634502924,33,10.028157894736843
39,1,Travel_Rarely,Research & Development,1,Medical,Female,1,Laboratory Technician,Married,4.0,17,1,12.0,0,1,0,0,4.0,3.0,2.0,3,3,1835265600,1,9.971745709123757,15,9.99921635049684
33,0,Travel_Frequently,Sales,2,Life Sciences,Male,4,Research Scientist,Single,3.0,11,1,9.0,0,7,0,1,2.0,4.0,2.0,3,3,2292494400,16,7.42145202020202,19,10.010307621671258
47,0,Travel_Rarely,Research & Development,3,Life Sciences,Female,2,Healthcare Representative,Married,4.0,23,0,21.0,4,3,1,1,4.0,3.0,3.0,4,4,3488083600,16,6.493810013717422,18,10.017544581618656
43,0,Travel_Frequently,Research & Development,3,Medical,Female,5,Research Director,Divorced,1.0,17,2,9.0,2,9,0,0,3.0,3.0,4.0,3,3,1510099600,196,6.299470449172577,26,10.033511820330968
27,0,Non-Travel,Research & Development,3,Life Sciences,Male,1,Research Director,Married,0.0,17,0,6.0,3,5,1,4,3.0,2.0,3.0,3,3,28301332900,4,9.316973304473304,30,10.036067821067821
54,0,Travel_Frequently,Research & Development,4,Life Sciences,Male,2,Research Scientist,Single,3.0,12,2,20.0,2,4,0,3,4.0,3.0,2.0,3,3,860248900,1,6.097862787356322,29,10.005444204980844
43,0,Travel_Rarely,Research & Development,2,Life Sciences,Female,2,Manager,Married,8.0,23,0,10.0,3,1,0,0,3.0,1.0,2.0,3,4,4225000000,49,7.217327264239029,23,10.024623015873015
45,0,Travel_Rarely,Sales,1,Marketing,Female,1,Sales Executive,Married,9.0,14,1,12.0,6,10,9,8,4.0,4.0,3.0,3,3,29494627600,9,7.100070018365472,19,10.011597796143251
40,0,Travel_Rarely,Research & Development,4,Other,Male,4,Research Scientist,Married,2.0,14,2,6.0,6,4,0,2,2.0,4.0,2.0,3,3,2533108900,4,9.914107744107744,30,10.009428811928812
29,1,Travel_Rarely,Research & Development,3,Medical,Female,1,Research Scientist,Married,1.0,13,1,7.0,0,7,0,7,2.0,1.0,2.0,3,3,532224900,841,10.477788647342994,31,9.987106280193236
29,0,Travel_Rarely,Human Resources,3,Medical,Male,3,Sales Representative,Single,0.0,22,2,4.0,3,3,2,2,2.0,4.0,3.0,3,4,669256900,64,6.906938633193864,22,10.009901208740121
30,0,Travel_Rarely,Research & Development,3,Life Sciences,Male,2,Research Scientist,Divorced,1.0,12,2,10.0,2,10,1,2,4.0,3.0,3.0,2,3,3032704900,100,7.589092432950192,29,9.989172653256706
27,0,Travel_Rarely,Research & Development,2,Medical,Male,1,Manager,Married,1.0,18,1,8.0,2,8,0,7,2.0,2.0,3.0,2,3,1929844900,121,6.079724499089253,17,9.994260018214936
37,0,Travel_Rarely,Sales,4,Life Sciences,Male,2,Healthcare Representative,Divorced,7.0,14,0,8.0,4,6,0,4,4.0,4.0,2.0,3,3,17816910400,1,6.001112288135594,25,9.998448681732581
38,0,Travel_Rarely,Research & Development,4,Medical,Male,1,Laboratory Technician,Divorced,0.0,12,0,12.0,1,11,2,9,3.0,4.0,3.0,3,3,4333588900,784,8.983123278236915,19,10.02752984389348
29,0,Travel_Rarely,Research & Development,4,Life Sciences,Male,3,Sales Executive,Divorced,1.0,11,0,7.0,0,7,1,7,4.0,2.0,3.0,3,3,1582448400,9,8.387526183970857,17,9.9790220856102
35,0,Travel_Rarely,Sales,2,Technical Degree,Male,3,Manager,Single,0.0,13,1,17.0,3,16,0,13,3.0,2.0,3.0,4,3,647193600,256,7.9120386266094425,28,9.958005484024797
23,0,Travel_Rarely,Research & Development,4,Life Sciences,Male,1,Manufacturing Director,Divorced,1.0,23,0,4.0,2,4,0,2,3.0,4.0,2.0,2,4,2914920100,400,7.105291842475387,24,10.018381387716829
41,0,Travel_Rarely,Research & Development,2,Life Sciences,Female,1,Laboratory Technician,Single,6.0,19,2,8.0,0,5,1,2,4.0,2.0,3.0,3,3,3010716900,81,9.68863319386332,22,10.016163412366343
47,0,Travel_Frequently,Sales,3,Medical,Female,2,Laboratory Technician,Single,3.0,16,1,5.0,2,0,0,0,2.0,3.0,3.0,4,3,4670355600,1,7.770347512784752,22,9.9890330079033
42,0,Travel_Rarely,Research & Development,4,Life Sciences,Male,1,Manager,Single,2.0,22,0,16.0,0,1,0,0,1.0,4.0,3.0,1,4,119028100,9,6.284280356305673,24,10.001179090482887
29,0,Non-Travel,Sales,4,Marketing,Male,2,Human Resources,Married,1.0,22,0,4.0,1,4,0,2,4.0,3.0,2.0,2,4,3290169600,484,6.306108726752504,28,10.018177157844539
42,0,Travel_Rarely,Sales,4,Medical,Male,3,Research Scientist,Divorced,0.0,12,1,4.0,3,3,1,0,3.0,3.0,3.0,2,3,495507600,49,8.831585038986356,33,10.01514254385965
32,0,Travel_Rarely,Research & Development,3,Medical,Male,2,Research Scientist,Married,1.0,13,0,8.0,0,8,0,7,3.0,2.0,3.0,3,3,3302800900,4,7.722377344877344,30,10.001792929292929
48,0,Travel_Rarely,Sales,4,Medical,Male,4,Sales Executive,Married,3.0,16,1,15.0,2,0,0,0,1.0,3.0,1.0,2,3,9710131600,169,7.317479732951836,28,9.976679780639008
37,0,Travel_Rarely,Research & Development,5,Technical Degree,Male,2,Manufacturing Director,Divorced,4.0,12,0,13.0,2,7,6,7,3.0,1.0,3.0,3,3,2988808900,64,10.798262483130904,14,9.979363472784524
30,0,Non-Travel,Sales,4,Other,Male,1,Healthcare Representative,Married,7.0,21,1,4.0,0,2,2,2,4.0,3.0,4.0,3,4,2894440000,625,10.40136394557823,16,9.971925170068028
26,0,Travel_Rarely,Sales,3,Medical,Female,5,Laboratory Technician,Married,1.0,15,3,8.0,3,8,7,7,3.0,3.0,3.0,3,3,2653280100,784,5.994326703246457,18,9.996082533150433
42,0,Travel_Rarely,Sales,2,Medical,Female,1,Laboratory Technician,Single,3.0,13,2,14.0,2,1,0,0,1.0,4.0,3.0,3,3,454968900,4,6.113110181311018,22,9.987991631799163
21,1,Travel_Frequently,Research & Development,3,Medical,Female,4,Manufacturing Director,Single,1.0,12,0,3.0,5,3,1,2,1.0,2.0,3.0,2,3,31951562500,81,8.133578096539162,17,9.999754098360656
36,0,Non-Travel,Human Resources,3,Human Resources,Male,2,Laboratory Technician,Single,4.0,22,0,7.0,4,1,0,0,4.0,4.0,3.0,1,4,591462400,784,7.306164990421457,29,9.97287954980843
36,0,Travel_Frequently,Research & Development,3,Life Sciences,Female,2,Research Scientist,Married,4.0,13,1,16.0,2,13,1,12,1.0,4.0,3.0,3,3,2276244100,36,7.105030345471522,23,9.994171335200747
57,0,Travel_Rarely,Research & Development,4,Life Sciences,Male,5,Research Scientist,Married,2.0,18,0,15.0,2,3,1,2,4.0,3.0,3.0,1,3,36714392100,441,6.327729314420804,26,10.00644208037825
40,0,Travel_Rarely,Research & Development,3,Other,Male,2,Sales Executive,Married,3.0,14,1,10.0,3,7,1,7,4.0,3.0,3.0,3,3,2587756900,64,8.1285121602289,28,10.00147114926085
21,0,Non-Travel,Research & Development,5,Life Sciences,Female,2,Manager,Single,1.0,14,0,3.0,2,3,2,2,1.0,4.0,2.0,1,3,819676900,1,7.9864325570111605,32,9.989507520621059
33,1,Travel_Rarely,Human Resources,2,Human Resources,Female,5,Manager,Single,1.0,21,1,1.0,3,1,0,0,4.0,3.0,3.0,1,4,3092472100,784,10.509096921596921,30,10.013292448292448
37,0,Travel_Rarely,Research & Development,3,Life Sciences,Male,4,Research Scientist,Married,6.0,19,0,17.0,3,5,0,3,3.0,1.0,3.0,4,3,459673600,25,7.993284030784031,30,10.007816257816259
46,0,Non-Travel,Sales,4,Marketing,Female,2,Laboratory Technician,Married,2.0,11,0,7.0,3,1,0,0,3.0,3.0,4.0,3,3,939422500,4,6.103653752436647,33,9.997184454191032
41,1,Travel_Frequently,Research & Development,1,Medical,Female,1,Research Scientist,Single,1.0,11,0,8.0,3,8,7,7,1.0,2.0,3.0,4,3,789610000,256,7.587908917501192,28,9.99733190271817
50,0,Travel_Rarely,Research & Development,3,Medical,Female,3,Laboratory Technician,Single,6.0,15,0,20.0,2,4,1,3,4.0,4.0,3.0,3,3,9777254400,81,6.890321256038647,31,9.991513285024155
40,1,Travel_Rarely,Research & Development,3,Medical,Female,1,Healthcare Representative,Married,2.0,20,0,8.0,2,6,1,0,3.0,3.0,3.0,2,4,7444238400,64,9.295999525166193,27,9.978798670465336
21,1,Travel_Rarely,Human Resources,2,Human Resources,Male,1,Laboratory Technician,Single,1.0,12,1,1.0,2,1,0,0,3.0,2.0,3.0,3,3,2886912900,100,5.995219806763284,31,10.005141304347827
29,0,Travel_Rarely,Research & Development,3,Life Sciences,Female,2,Research Director,Single,9.0,12,1,6.0,6,3,1,2,4.0,4.0,3.0,4,3,4444888900,1,7.788609977324263,16,10.008104308390024
35,0,Travel_Rarely,Research & Development,3,Life Sciences,Female,3,Sales Executive,Single,9.0,15,0,10.0,2,1,0,0,3.0,2.0,3.0,3,3,2503000900,841,7.717707156308851,25,9.983974811676083
28,0,Travel_Rarely,Research & Development,2,Medical,Male,3,Manager,Single,1.0,12,0,7.0,2,7,0,7,2.0,4.0,3.0,2,3,816816400,4,7.120614224137931,29,9.963808668582375
49,0,Travel_Rarely,Sales,3,Technical Degree,Male,2,Manufacturing Director,Single,8.0,14,1,26.0,3,5,0,0,2.0,3.0,3.0,3,3,2708161600,4,7.825193287037037,21,9.991324074074075
51,0,Travel_Rarely,Research & Development,2,Life Sciences,Male,1,Sales Executive,Married,4.0,22,1,18.0,2,7,0,7,3.0,4.0,2.0,3,4,1685102500,1,7.619401803118908,33,9.99474902534113
36,0,Travel_Rarely,Sales,2,Life Sciences,Male,1,Sales Executive,Married,4.0,12,0,6.0,1,2,2,2,4.0,3.0,3.0,3,3,9368304100,225,6.002463200379867,27,10.011273741690408
34,1,Non-Travel,Research & Development,3,Life Sciences,Male,1,Sales Representative,Single,8.0,25,1,9.0,3,5,0,4,1.0,4.0,2.0,3,4,3155068900,49,9.113126477541371,26,9.990939716312058
55,0,Travel_Rarely,Sales,3,Marketing,Male,1,Laboratory Technician,Single,2.0,13,0,30.0,3,5,1,2,3.0,4.0,3.0,3,3,10916070400,676,8.684139595103579,25,9.978148540489642
24,0,Travel_Rarely,Research & Development,3,Life Sciences,Female,5,Manager,Divorced,1.0,18,3,5.0,4,5,0,3,4.0,3.0,4.0,3,3,839260900,1,9.993131642512077,31,10.012049516908212
30,0,Travel_Rarely,Research & Development,3,Life Sciences,Female,2,Manager,Married,1.0,13,0,1.0,3,1,0,0,3.0,2.0,3.0,3,3,3561702400,9,6.900539923039923,30,9.997781385281385
22,0,Travel_Rarely,Research & Development,5,Other,Male,1,Research Scientist,Married,1.0,19,2,2.0,3,2,1,2,1.0,2.0,3.0,2,3,894608100,256,6.286230158730159,30,9.979716209716209
36,0,Travel_Rarely,Research & Development,3,Medical,Female,5,Healthcare Representative,Married,1.0,12,1,10.0,3,10,9,0,2.0,3.0,3.0,3,3,38557249600,1,6.3661511299435025,25,9.965129472693032
30,1,Travel_Frequently,Sales,2,Marketing,Male,3,Research Scientist,Single,9.0,19,0,3.0,2,1,0,0,3.0,4.0,3.0,2,3,127464100,9,8.19166087962963,21,9.975614583333334
37,0,Travel_Rarely,Research & Development,1,Technical Degree,Male,1,Sales Executive,Divorced,1.0,14,1,18.0,3,18,12,17,4.0,1.0,2.0,3,3,17798228100,100,6.4520891203703705,21,9.986643518518518
40,0,Travel_Rarely,Research & Development,2,Medical,Male,3,Research Scientist,Divorced,7.0,14,2,8.0,3,5,1,3,4.0,2.0,3.0,2,3,1876622400,36,6.682986714975845,31,10.004644927536232
42,0,Travel_Rarely,Research & Development,3,Medical,Female,4,Manager,Divorced,3.0,12,1,8.0,2,5,1,2,2.0,1.0,3.0,2,3,12168296100,4,7.4826477541371155,26,9.976697399527186
37,0,Travel_Rarely,Sales,1,Marketing,Male,3,Sales Executive,Single,2.0,11,1,18.0,3,1,0,1,3.0,2.0,2.0,2,3,1971360000,81,9.920131519274376,16,9.9836768707483
43,0,Travel_Rarely,Sales,2,Life Sciences,Female,1,Sales Executive,Divorced,1.0,11,0,25.0,2,25,3,9,1.0,2.0,3.0,3,3,2131668900,100,7.4156382978723405,26,9.998671394799054
40,0,Travel_Rarely,Sales,2,Life Sciences,Female,1,Laboratory Technician,Married,6.0,13,0,20.0,2,1,0,0,2.0,3.0,3.0,2,3,700660900,36,7.4953384687208215,23,9.98247432306256
54,0,Travel_Rarely,Human Resources,3,Life Sciences,Female,2,Manufacturing Director,Married,4.0,23,1,24.0,2,4,1,2,1.0,1.0,2.0,2,4,3998032900,81,5.998969652471855,34,10.019284140969164
34,0,Non-Travel,Research & Development,3,Medical,Male,1,Laboratory Technician,Married,9.0,20,1,6.0,3,3,1,2,3.0,3.0,3.0,3,4,3222832900,784,6.85954534662868,27,10.006526590693257
31,0,Travel_Rarely,Research & Development,4,Life Sciences,Male,3,Sales Executive,Married,1.0,15,1,13.0,2,13,3,12,2.0,1.0,1.0,2,3,478296900,100,6.131909722222222,29,9.995748323754789
43,0,Travel_Rarely,Sales,4,Life Sciences,Male,2,Sales Representative,Divorced,4.0,18,1,8.0,3,5,0,2,3.0,3.0,3.0,3,3,1581652900,729,8.878969421101775,23,9.994802754435108
25,0,Travel_Rarely,Human Resources,2,Human Resources,Male,1,Manufacturing Director,Single,1.0,19,1,5.0,2,5,1,3,2.0,4.0,3.0,4,3,7452868900,49,10.89584530651341,29,9.99323754789272
37,0,Non-Travel,Research & Development,3,Medical,Male,3,Laboratory Technician,Married,3.0,22,0,15.0,5,13,10,7,2.0,3.0,3.0,2,4,403206400,1,10.692001669051026,28,9.982858845970435
31,0,Travel_Rarely,Research & Development,1,Medical,Male,3,Laboratory Technician,Married,1.0,13,1,4.0,2,4,3,2,4.0,1.0,3.0,3,3,1971360000,576,7.060316091954023,29,10.048332136015325
39,0,Travel_Frequently,Research & Development,4,Technical Degree,Female,1,Sales Executive,Divorced,1.0,20,1,21.0,5,21,1,6,2.0,3.0,3.0,1,4,940648900,676,9.009179138321997,16,9.990044217687075
56,0,Travel_Frequently,Research & Development,4,Life Sciences,Female,3,Sales Executive,Married,9.0,14,0,36.0,1,7,7,7,3.0,1.0,2.0,3,3,2831304100,400,7.420447466294746,22,10.024180613668062
30,0,Travel_Rarely,Sales,4,Medical,Female,2,Manufacturing Director,Single,0.0,17,1,6.0,2,5,4,4,2.0,3.0,3.0,3,3,2926810000,25,7.585973922902495,16,9.998879818594105
41,0,Travel_Rarely,Research & Development,3,Technical Degree,Female,3,Research Scientist,Married,1.0,14,0,10.0,2,10,0,7,2.0,1.0,3.0,2,3,773952400,49,6.624136698939603,20,9.983981097279852
28,0,Travel_Rarely,Research & Development,3,Medical,Male,3,Healthcare Representative,Divorced,1.0,13,0,10.0,2,10,1,8,3.0,1.0,3.0,2,3,14296984900,49,6.192764830508475,25,10.008773540489642
25,1,Travel_Rarely,Research & Development,2,Life Sciences,Female,3,Laboratory Technician,Married,5.0,13,0,6.0,3,2,0,2,1.0,1.0,3.0,3,3,707560000,25,6.472303436911488,25,10.005415489642184
52,0,Travel_Rarely,Research & Development,2,Life Sciences,Female,2,Sales Representative,Married,2.0,21,0,28.0,2,5,0,4,4.0,3.0,3.0,2,4,1139062500,676,8.19505144032922,18,10.002319387288523
45,0,Travel_Rarely,Research & Development,3,Medical,Female,1,Sales Executive,Married,3.0,14,1,8.0,4,2,0,2,1.0,4.0,2.0,3,3,2598960400,4,6.787695733708392,24,9.999379981247069
52,0,Travel_Rarely,Research & Development,3,Medical,Male,2,Research Scientist,Married,2.0,11,1,31.0,3,5,1,4,4.0,4.0,1.0,3,3,2379488400,144,7.3021394799054375,26,10.0145768321513
42,0,Travel_Frequently,Sales,3,Marketing,Female,2,Healthcare Representative,Divorced,2.0,13,1,19.0,0,5,0,2,1.0,3.0,3.0,2,3,804856900,100,6.822407010014307,28,9.987222222222222
30,0,Travel_Rarely,Sales,3,Marketing,Male,1,Sales Executive,Single,2.0,20,1,11.0,5,5,0,2,3.0,4.0,3.0,3,4,578883600,625,7.322458937198068,31,9.996675120772947
60,0,Travel_Rarely,Research & Development,3,Life Sciences,Female,1,Manufacturing Director,Married,5.0,18,1,33.0,4,29,11,10,1.0,1.0,1.0,3,3,514836100,100,6.164361829501916,29,9.998593151340996
46,0,Travel_Rarely,Sales,4,Marketing,Female,1,Sales Executive,Divorced,2.0,14,0,19.0,5,10,0,8,3.0,3.0,2.0,2,3,1687566400,361,7.610284810126583,24,10.017790670417252
42,0,Travel_Frequently,Research & Development,4,Technical Degree,Male,4,Sales Executive,Married,0.0,13,2,7.0,2,6,0,4,4.0,4.0,4.0,3,3,17439843600,324,6.5951353874883285,23,9.972673902894492
24,1,Travel_Rarely,Research & Development,2,Medical,Male,1,Research Scientist,Single,1.0,17,1,6.0,0,5,1,4,1.0,2.0,3.0,2,3,10861808400,729,10.648925376647835,25,10.021228813559324
34,1,Travel_Frequently,Research & Development,3,Medical,Male,2,Research Scientist,Divorced,0.0,20,1,3.0,3,2,1,0,4.0,3.0,2.0,3,4,18889753600,25,6.20442731277533,34,10.003771414586392
38,0,Travel_Frequently,Sales,3,Marketing,Female,2,Sales Executive,Married,1.0,11,1,1.0,3,1,0,0,4.0,4.0,3.0,3,3,2407864900,9,8.591902250351618,24,10.021142756680732
40,0,Travel_Rarely,Sales,4,Marketing,Female,1,Sales Executive,Married,0.0,18,1,21.0,2,20,1,12,3.0,3.0,3.0,2,3,1212432400,676,6.001353864734299,31,9.996157004830918
26,0,Travel_Rarely,Research & Development,2,Medical,Female,4,Healthcare Representative,Divorced,1.0,24,0,3.0,2,3,0,2,1.0,4.0,1.0,4,4,593409600,9,6.281751101321586,34,10.003160792951542
30,0,Non-Travel,Research & Development,3,Medical,Female,2,Sales Executive,Married,4.0,18,3,9.0,2,5,1,4,3.0,4.0,1.0,2,3,566440000,225,7.9055698005698005,27,10.002966524216523
29,0,Travel_Rarely,Research & Development,3,Medical,Female,3,Manufacturing Director,Married,1.0,11,0,10.0,3,10,0,7,2.0,3.0,3.0,3,3,37756376100,64,7.175699035812673,19,10.02785927456382
29,1,Travel_Rarely,Research & Development,4,Life Sciences,Male,3,Research Scientist,Married,5.0,16,1,6.0,4,2,1,1,3.0,2.0,4.0,2,3,320410000,361,6.651255274261604,24,10.014987107360525
19,1,Travel_Rarely,Research & Development,3,Medical,Male,1,Sales Executive,Single,1.0,15,2,1.0,2,1,0,0,1.0,4.0,4.0,3,3,5843073600,16,7.906068376068376,27,10.04906101614435
30,0,Non-Travel,Research & Development,4,Life Sciences,Female,3,Research Scientist,Married,0.0,15,1,10.0,2,9,7,8,3.0,1.0,3.0,3,3,2632716100,4,6.718815667131567,22,10.0184170153417
57,0,Travel_Rarely,Research & Development,2,Life Sciences,Male,4,Research Scientist,Divorced,3.0,12,1,32.0,3,1,0,0,1.0,4.0,2.0,3,3,3976563600,4,6.290588023088023,30,9.987932900432899
50,0,Travel_Rarely,Sales,4,Life Sciences,Female,3,Manager,Married,0.0,12,0,28.0,3,27,15,7,2.0,3.0,3.0,3,3,2291536900,100,7.178114997713763,18,9.978974622770918
30,0,Non-Travel,Sales,2,Life Sciences,Male,3,Laboratory Technician,Single,0.0,22,1,12.0,3,11,6,7,3.0,4.0,2.0,3,4,35645440000,100,6.286431712962963,21,10.002774305555556
60,0,Travel_Frequently,Research & Development,3,Life Sciences,Female,4,Laboratory Technician,Married,4.0,20,0,22.0,4,18,13,11,3.0,1.0,4.0,3,4,547092100,256,7.217978595478596,30,10.010303030303032
47,0,Travel_Rarely,Research & Development,3,Technical Degree,Male,5,Manufacturing Director,Divorced,5.0,16,2,20.0,2,5,0,4,1.0,4.0,3.0,2,3,18414490000,1,7.809089371980676,31,10.02231038647343
46,0,Travel_Rarely,Sales,1,Technical Degree,Male,1,Laboratory Technician,Married,6.0,21,1,26.0,3,3,0,1,1.0,3.0,1.0,2,4,4505094400,16,6.805152662993573,19,9.978044077134987
35,0,Travel_Rarely,Research & Development,2,Medical,Female,2,Laboratory Technician,Single,0.0,12,1,6.0,2,5,4,3,4.0,3.0,3.0,3,3,2922483600,225,6.484045584045584,27,9.978598053181386
54,0,Travel_Rarely,Research & Development,4,Medical,Male,2,Human Resources,Single,7.0,11,3,19.0,2,1,0,0,3.0,3.0,3.0,3,3,7988784400,4,7.651214845550945,20,9.998234209313049
34,0,Travel_Rarely,Sales,2,Life Sciences,Male,1,Laboratory Technician,Divorced,3.0,11,2,14.0,2,7,5,7,4.0,3.0,3.0,4,3,594872100,64,7.585962725546058,27,10.005070037986705
46,0,Travel_Rarely,Research & Development,3,Life Sciences,Male,1,Healthcare Representative,Married,2.0,18,0,15.0,3,3,1,2,3.0,4.0,3.0,2,3,7809256900,4,9.179540598290599,27,10.002650759734093
31,0,Travel_Rarely,Research & Development,3,Life Sciences,Male,2,Research Director,Divorced,1.0,14,1,13.0,3,13,0,8,3.0,2.0,4.0,3,3,2854764900,49,6.37815324858757,25,9.976603107344634
33,1,Travel_Rarely,Research & Development,3,Life Sciences,Female,4,Research Director,Married,7.0,22,0,15.0,2,7,7,7,2.0,3.0,4.0,2,4,4526598400,100,8.477647198480533,27,9.996682098765431
33,1,Travel_Rarely,Sales,4,Marketing,Male,2,Research Director,Divorced,7.0,25,0,8.0,5,4,1,3,1.0,4.0,3.0,3,4,4424910400,25,6.965121812386157,17,9.98954348816029
30,0,Travel_Rarely,Research & Development,3,Life Sciences,Male,1,Sales Executive,Single,0.0,12,1,4.0,4,3,1,2,4.0,2.0,3.0,3,3,2352250000,4,6.474620792992162,20,9.965688105117566
35,0,Travel_Rarely,Research & Development,2,Medical,Female,2,Sales Representative,Married,4.0,23,1,10.0,2,8,0,0,4.0,3.0,3.0,1,4,789048100,144,8.876004361799817,19,10.025979109274564
31,1,Travel_Frequently,Research & Development,2,Medical,Female,2,Sales Executive,Married,3.0,15,2,12.0,2,1,0,0,1.0,3.0,3.0,2,3,3236472100,484,6.58834186159844,33,10.029569931773878
34,1,Travel_Frequently,Sales,1,Marketing,Male,1,Research Director,Divorced,9.0,22,1,11.0,5,3,0,2,2.0,1.0,3.0,4,4,400400100,289,10.995573136427566,24,10.027664088138772
42,0,Travel_Frequently,Research & Development,4,Medical,Female,1,Research Scientist,Married,4.0,15,3,8.0,3,2,2,0,2.0,3.0,3.0,2,3,886252900,4,7.810652071563088,25,10.00425141242938
36,0,Non-Travel,Research & Development,4,Medical,Male,1,Research Scientist,Single,1.0,11,0,10.0,3,10,9,7,2.0,4.0,2.0,3,3,1620062500,9,7.22925660291439,17,9.98844262295082
22,1,Travel_Frequently,Research & Development,3,Medical,Female,2,Laboratory Technician,Single,5.0,13,2,4.0,2,2,1,2,3.0,3.0,3.0,3,3,1432622500,49,6.419389838556505,27,9.996088556505223
48,0,Travel_Rarely,Research & Development,3,Medical,Male,1,Laboratory Technician,Married,2.0,14,1,14.0,6,9,6,7,2.0,4.0,3.0,3,3,11780931600,36,6.779623617123617,30,10.00674001924002
55,0,Travel_Rarely,Research & Development,3,Medical,Female,1,Sales Executive,Single,3.0,11,0,37.0,5,10,7,7,1.0,2.0,3.0,3,3,14474496100,1,7.390809591642925,27,9.995432098765432
41,0,Non-Travel,Research & Development,2,Life Sciences,Female,2,Research Scientist,Single,7.0,17,1,16.0,2,14,1,10,4.0,4.0,3.0,2,3,9872409600,9,6.192049516908213,31,10.023062801932367
35,0,Travel_Rarely,Research & Development,3,Medical,Female,1,Sales Representative,Married,9.0,18,0,15.0,2,11,6,9,2.0,3.0,3.0,2,3,879715600,484,6.014660228898426,28,10.019285884597045
40,0,Travel_Rarely,Research & Development,3,Life Sciences,Female,2,Laboratory Technician,Single,7.0,14,0,22.0,1,20,5,13,2.0,3.0,3.0,3,3,661004100,225,7.3010291438979955,17,10.009527550091075
39,0,Travel_Frequently,Research & Development,1,Medical,Male,1,Research Scientist,Married,1.0,16,1,8.0,3,8,0,7,3.0,3.0,3.0,3,3,9982008100,144,7.061997245179064,19,9.980177915518825
31,0,Travel_Rarely,Research & Development,4,Life Sciences,Male,3,Research Director,Single,4.0,13,2,10.0,2,6,0,5,2.0,4.0,4.0,2,3,3772416400,1,8.724735996326906,19,10.041269513314969
42,0,Travel_Rarely,Research & Development,3,Medical,Male,3,Sales Executive,Married,1.0,14,0,10.0,3,10,5,8,4.0,1.0,2.0,3,3,2905210000,25,10.807604755178907,25,9.993798258003768
45,0,Travel_Rarely,Research & Development,1,Medical,Female,4,Sales Executive,Married,0.0,23,0,9.0,2,8,3,7,4.0,2.0,4.0,3,4,1939521600,4,7.41028883972468,35,10.00844395280236
29,0,Travel_Rarely,Research & Development,3,Medical,Male,1,Research Scientist,Divorced,4.0,11,0,8.0,3,3,1,2,4.0,4.0,4.0,2,3,2631690000,25,7.393010477582846,33,10.022875243664718
33,0,Travel_Rarely,Research & Development,3,Medical,Female,1,Laboratory Technician,Divorced,4.0,16,0,10.0,2,6,0,5,1.0,3.0,3.0,3,3,436810000,256,7.402587597971416,20,9.990865606270171
31,0,Travel_Rarely,Research & Development,4,Life Sciences,Female,1,Sales Executive,Divorced,9.0,14,2,10.0,2,5,0,1,3.0,4.0,2.0,3,3,846228100,4,6.711708214624881,27,9.982573599240267
18,1,Travel_Frequently,Research & Development,3,Technical Degree,Male,1,Sales Executive,Single,1.0,18,2,0.0,4,0,0,0,2.0,2.0,3.0,4,3,1202702400,4,9.230231673582297,20,9.999264638082066
40,0,Non-Travel,Research & Development,4,Technical Degree,Female,2,Laboratory Technician,Divorced,3.0,19,0,20.0,3,1,0,1,3.0,1.0,3.0,2,3,941262400,1,6.880860065086006,22,9.977718503021851
41,0,Non-Travel,Research & Development,3,Life Sciences,Male,2,Manufacturing Director,Single,2.0,15,2,10.0,2,8,0,7,1.0,3.0,3.0,2,3,712890000,529,9.292572463768115,31,10.020456521739131
26,0,Travel_Rarely,Research & Development,4,Medical,Male,3,Healthcare Representative,Divorced,5.0,17,3,8.0,3,0,0,0,1.0,3.0,3.0,2,3,725224900,81,6.0161487142164,32,10.005481562348375
35,0,Travel_Rarely,Research & Development,4,Medical,Male,2,Human Resources,Single,1.0,15,0,5.0,2,5,0,3,1.0,3.0,3.0,2,3,9074467600,256,6.326000243664717,33,10.03306164717349
34,0,Travel_Rarely,Research & Development,3,Medical,Male,1,Laboratory Technician,Single,1.0,19,1,10.0,3,10,5,7,4.0,4.0,3.0,2,3,2742616900,676,6.406121659634318,24,10.011140412564464
26,1,Travel_Rarely,Sales,3,Marketing,Female,2,Manufacturing Director,Single,1.0,22,0,1.0,3,1,0,0,3.0,4.0,1.0,1,4,588547600,1,8.751425846447306,28,9.998150929899857
37,0,Travel_Rarely,Research & Development,1,Life Sciences,Male,1,Sales Executive,Single,4.0,16,1,12.0,5,6,1,2,2.0,4.0,4.0,3,3,1758124900,64,7.389827546296297,21,10.003846064814814
46,0,Travel_Frequently,Research & Development,1,Medical,Male,5,Human Resources,Married,5.0,13,0,28.0,3,2,1,2,1.0,3.0,2.0,3,3,847392100,16,6.196189083820663,33,9.981758040935672
41,0,Travel_Rarely,Research & Development,1,Life Sciences,Male,1,Research Director,Married,7.0,14,1,22.0,2,18,11,8,2.0,1.0,3.0,3,3,708092100,576,7.706279637377964,22,10.006238958623896
37,0,Non-Travel,Research & Development,2,Medical,Male,1,Sales Executive,Divorced,1.0,16,1,9.0,3,9,7,7,1.0,2.0,3.0,3,3,411278400,49,7.50663439372983,20,9.975496772706315
32,1,Non-Travel,Research & Development,2,Life Sciences,Female,2,Research Director,Married,8.0,22,0,6.0,4,4,1,2,4.0,3.0,3.0,2,4,1087680400,49,5.993242277547258,20,9.98637621023513
24,0,Travel_Frequently,Sales,3,Life Sciences,Female,1,Healthcare Representative,Married,0.0,14,2,3.0,5,2,2,1,4.0,4.0,3.0,2,3,861422500,484,6.030856290174472,19,10.013745408631772
38,0,Travel_Rarely,Research & Development,3,Life Sciences,Female,1,Research Scientist,Married,3.0,16,1,18.0,2,1,0,0,3.0,3.0,3.0,3,3,23799232900,25,6.020102278010228,22,10.052526731752673
37,0,Travel_Rarely,Research & Development,4,Technical Degree,Female,5,Research Scientist,Married,6.0,11,2,8.0,3,6,4,3,2.0,2.0,2.0,3,3,1555513600,1,6.8990951711204875,24,9.978713080168776
49,0,Travel_Rarely,Sales,1,Life Sciences,Male,1,Sales Executive,Divorced,1.0,18,2,31.0,2,31,0,9,4.0,3.0,3.0,1,3,1608812100,441,10.781685108344858,20,9.95838174273859
24,0,Travel_Rarely,Sales,3,Marketing,Female,1,Sales Executive,Married,1.0,15,2,6.0,2,6,1,4,2.0,4.0,3.0,2,3,1160764900,1,8.983126503126503,30,10.003849206349207
26,0,Travel_Rarely,Research & Development,4,Technical Degree,Female,4,Sales Executive,Married,1.0,14,1,6.0,6,5,1,4,1.0,2.0,4.0,3,3,14385603600,361,7.383425160697889,19,9.979563820018365
24,0,Travel_Rarely,Sales,3,Medical,Female,1,Laboratory Technician,Married,1.0,12,0,1.0,4,1,0,0,4.0,2.0,3.0,1,3,151782400,49,6.823666187739463,29,10.02213122605364
50,0,Travel_Frequently,Sales,2,Marketing,Male,1,Sales Executive,Married,1.0,14,3,32.0,2,32,10,7,1.0,2.0,3.0,3,3,876160000,4,6.789116575591986,17,9.99713683970856
25,0,Travel_Rarely,Research & Development,3,Life Sciences,Male,1,Research Scientist,Married,1.0,16,0,7.0,3,7,0,6,2.0,3.0,3.0,2,3,36458083600,4,7.409312285854137,34,10.024123837493882
24,1,Travel_Frequently,Research & Development,3,Medical,Male,2,Research Scientist,Married,1.0,21,0,6.0,3,6,1,2,1.0,3.0,3.0,3,4,1535856100,4,10.82543586269196,15,10.014757226738933
30,1,Travel_Frequently,Research & Development,3,Other,Male,2,Healthcare Representative,Married,1.0,14,0,1.0,2,1,0,0,2.0,1.0,4.0,3,3,4658062500,81,6.877650214592275,28,9.970098950882212
34,0,Travel_Rarely,Sales,2,Life Sciences,Male,4,Research Director,Married,1.0,12,1,6.0,4,6,1,3,2.0,4.0,3.0,3,3,10502150400,36,8.90651394901395,30,10.005228475228474
31,1,Travel_Rarely,Research & Development,1,Medical,Female,1,Sales Representative,Divorced,2.0,12,2,9.0,2,3,1,2,2.0,1.0,1.0,2,3,35898880900,81,6.683451882845189,22,10.022853324035331
35,0,Travel_Rarely,Research & Development,3,Life Sciences,Female,5,Sales Executive,Single,4.0,17,3,9.0,3,3,0,2,1.0,4.0,3.0,3,3,623001600,4,7.924495583449559,22,9.99014760576476
31,0,Travel_Rarely,Sales,3,Marketing,Female,2,Sales Executive,Divorced,4.0,17,0,13.0,3,7,5,7,1.0,4.0,4.0,3,3,4179622500,1,6.310503323836657,27,9.96928774928775
27,0,Travel_Rarely,Sales,4,Medical,Male,1,Sales Representative,Divorced,0.0,14,1,6.0,4,5,0,3,1.0,3.0,2.0,3,3,486643600,484,7.887926545792655,22,10.007359367735937
37,0,Travel_Rarely,Sales,4,Marketing,Female,2,Laboratory Technician,Married,4.0,14,0,17.0,3,3,1,0,4.0,3.0,2.0,3,3,435139600,81,8.882879515317788,18,10.0149577046182
20,0,Travel_Rarely,Research & Development,4,Medical,Female,1,Sales Representative,Single,1.0,13,2,1.0,3,1,0,0,4.0,2.0,4.0,1,3,525784900,289,7.089900137741047,19,9.997085629017448
42,0,Travel_Rarely,Research & Development,4,Life Sciences,Female,2,Manufacturing Director,Married,1.0,15,0,10.0,5,10,2,2,3.0,4.0,3.0,3,3,699602500,784,7.4908156028368795,26,10.016152482269502
43,0,Travel_Rarely,Research & Development,5,Technical Degree,Female,2,Sales Executive,Divorced,4.0,11,0,21.0,3,1,0,0,2.0,4.0,2.0,3,3,719848900,100,8.685538548752834,16,9.985639455782314
38,0,Travel_Rarely,Human Resources,4,Medical,Male,1,Human Resources,Single,3.0,17,1,8.0,5,0,0,0,3.0,1.0,2.0,4,3,405619600,4,6.802448347107438,19,9.977501147842057
43,0,Travel_Frequently,Sales,3,Medical,Female,2,Healthcare Representative,Divorced,3.0,11,1,10.0,5,8,4,7,4.0,3.0,3.0,3,3,1168956100,16,9.126422039323273,18,10.007583447645176
48,0,Travel_Rarely,Research & Development,1,Medical,Male,2,Laboratory Technician,Married,7.0,13,1,21.0,3,3,0,2,4.0,1.0,1.0,4,3,2890137600,64,7.0165869667135485,24,9.98079817158931
44,0,Travel_Rarely,Sales,4,Marketing,Male,2,Sales Executive,Single,4.0,22,3,10.0,4,2,0,2,1.0,3.0,4.0,4,4,380640100,841,6.7042970272904485,33,9.99159478557505
34,0,Travel_Rarely,Research & Development,4,Life Sciences,Female,1,Laboratory Technician,Divorced,1.0,20,2,8.0,3,8,0,6,3.0,3.0,3.0,2,4,548028100,169,8.402038626609443,28,10.01101573676681
27,1,Travel_Rarely,Sales,3,Life Sciences,Male,2,Research Scientist,Divorced,0.0,18,0,5.0,0,4,0,2,3.0,1.0,3.0,3,3,525784900,729,6.483074151557415,22,9.987379125987912
21,0,Travel_Rarely,Sales,2,Life Sciences,Male,3,Sales Executive,Single,1.0,11,1,3.0,2,3,1,2,3.0,3.0,3.0,1,3,7614307600,256,7.233100241545894,31,9.981634057971014
44,0,Travel_Rarely,Research & Development,2,Life Sciences,Male,1,Laboratory Technician,Married,4.0,14,1,26.0,2,2,0,1,4.0,4.0,4.0,3,3,1608812100,4,8.69020202020202,30,10.02272126022126
22,0,Travel_Rarely,Research & Development,2,Medical,Female,2,Laboratory Technician,Married,0.0,14,0,3.0,3,2,2,2,1.0,3.0,3.0,2,3,38200702500,4,6.037342143906021,34,10.000198237885462
33,0,Travel_Rarely,Sales,4,Marketing,Female,2,Manufacturing Director,Divorced,0.0,18,1,6.0,2,5,1,2,3.0,3.0,3.0,3,3,2086662400,169,7.28216548463357,26,10.046750591016549
32,0,Travel_Rarely,Research & Development,1,Life Sciences,Female,1,Healthcare Representative,Married,1.0,16,1,6.0,3,6,0,5,1.0,4.0,2.0,3,3,913248400,1,9.377237144168962,19,10.013204775022956
30,0,Travel_Frequently,Research & Development,5,Technical Degree,Male,3,Manager,Divorced,1.0,17,0,1.0,3,1,0,0,3.0,3.0,3.0,3,3,3331598400,16,7.309830051570557,24,9.988244256915143
53,0,Travel_Rarely,Research & Development,3,Other,Female,3,Manager,Single,7.0,11,1,18.0,2,14,8,10,4.0,1.0,4.0,2,3,514836100,576,7.1137529550827425,26,9.986504728132388
34,0,Travel_Rarely,Research & Development,5,Medical,Male,1,Research Scientist,Married,1.0,12,0,10.0,0,10,8,8,2.0,4.0,2.0,3,3,2895516100,1,7.438477452347745,22,9.996552766155277
45,1,Travel_Frequently,Research & Development,4,Life Sciences,Male,3,Research Director,Married,2.0,13,1,5.0,5,1,0,0,1.0,1.0,3.0,3,3,1184048100,361,7.57411306042885,33,9.981684941520468
26,0,Travel_Rarely,Research & Development,2,Life Sciences,Male,1,Manufacturing Director,Married,1.0,13,1,3.0,5,3,0,2,3.0,4.0,3.0,4,3,2974611600,49,9.963191029143898,17,10.012559198542805
37,0,Travel_Rarely,Research & Development,3,Medical,Male,1,Manager,Married,1.0,14,0,10.0,3,10,7,8,3.0,3.0,3.0,2,3,9769345600,16,6.214981325863679,23,9.991946778711485
29,0,Travel_Rarely,Research & Development,3,Life Sciences,Female,1,Healthcare Representative,Married,1.0,17,3,6.0,2,6,1,2,2.0,3.0,2.0,3,3,1728064900,4,6.810724121557455,27,10.020154320987654
35,0,Travel_Rarely,Research & Development,5,Medical,Female,4,Laboratory Technician,Single,1.0,11,0,17.0,3,17,11,8,2.0,4.0,3.0,3,3,18111776400,100,6.655866150961088,24,9.983981481481482
33,0,Travel_Frequently,Research & Development,3,Technical Degree,Male,2,Laboratory Technician,Divorced,3.0,25,1,15.0,3,13,4,7,3.0,4.0,1.0,3,4,8224676100,64,7.5149104683195596,19,10.033065886134068
54,0,Travel_Rarely,Research & Development,2,Life Sciences,Female,2,Sales Executive,Married,2.0,19,1,16.0,4,9,7,1,3.0,2.0,4.0,2,3,1611219600,25,6.408397904483431,33,9.993116471734892
36,0,Travel_Rarely,Research & Development,3,Life Sciences,Male,2,Research Scientist,Divorced,2.0,13,1,13.0,3,3,0,2,2.0,2.0,3.0,2,3,3498722500,64,10.702960618846694,24,9.988754102203469
27,0,Travel_Rarely,Sales,3,Marketing,Male,5,Research Director,Single,0.0,14,1,5.0,3,4,1,1,1.0,4.0,3.0,1,3,3591604900,81,7.003219806763285,31,9.993265700483091
20,1,Travel_Rarely,Research & Development,3,Life Sciences,Male,5,Sales Representative,Single,1.0,12,3,1.0,2,1,1,1,4.0,3.0,3.0,2,3,3797024400,1,8.629089635854342,23,9.973208450046686
33,1,Travel_Frequently,Research & Development,4,Medical,Female,1,Laboratory Technician,Single,1.0,11,0,10.0,3,10,9,7,1.0,1.0,3.0,3,3,578883600,225,10.40263888888889,15,10.03447041553749
35,0,Non-Travel,Research & Development,1,Medical,Male,1,Research Scientist,Married,1.0,19,1,1.0,2,1,0,0,3.0,3.0,3.0,4,3,35118760000,4,6.731132756132756,30,10.006043771043771
23,0,Travel_Rarely,Research & Development,3,Life Sciences,Male,1,Healthcare Representative,Married,2.0,11,1,5.0,3,3,0,2,1.0,1.0,4.0,3,3,5832376900,4,7.089940645773979,27,9.975604226020891
25,0,Travel_Rarely,Research & Development,3,Medical,Male,2,Manufacturing Director,Married,0.0,11,1,4.0,3,3,1,2,4.0,2.0,3.0,3,3,10192921600,121,7.680787229137851,20,10.007977178423237
38,0,Travel_Rarely,Research & Development,3,Life Sciences,Male,5,Research Scientist,Single,0.0,20,1,8.0,3,7,0,5,4.0,4.0,3.0,2,4,21773953600,256,6.798771808999081,19,10.029692378328741
29,0,Travel_Frequently,Sales,4,Life Sciences,Male,4,Healthcare Representative,Divorced,1.0,18,3,10.0,3,10,2,8,2.0,4.0,3.0,2,3,4223700100,4,7.8054694323144105,32,9.980908539543911
48,0,Travel_Rarely,Research & Development,3,Technical Degree,Male,1,Sales Executive,Married,3.0,13,0,12.0,2,2,2,2,2.0,2.0,3.0,4,3,9455617600,256,7.0984033816425125,31,9.994371980676329
27,0,Travel_Frequently,Sales,3,Technical Degree,Male,5,Laboratory Technician,Divorced,1.0,12,0,6.0,5,6,0,4,4.0,4.0,3.0,3,3,481363600,16,8.88621676163343,27,9.994197530864197
37,0,Travel_Rarely,Research & Development,3,Life Sciences,Male,3,Manager,Single,3.0,11,0,4.0,2,1,0,0,4.0,4.0,3.0,4,3,1147854400,256,7.604899320718098,32,10.019819262493936
50,0,Travel_Rarely,Sales,3,Medical,Male,1,Laboratory Technician,Married,1.0,19,1,20.0,2,20,3,8,4.0,3.0,3.0,4,3,2995372900,25,9.119233288166214,15,10.024637533875339
34,0,Travel_Rarely,Research & Development,1,Medical,Male,1,Healthcare Representative,Single,1.0,21,1,9.0,2,8,7,7,4.0,2.0,4.0,3,4,730620900,324,6.820739942528736,29,10.001452346743296
24,1,Travel_Rarely,Research & Development,2,Life Sciences,Female,1,Healthcare Representative,Single,9.0,12,0,4.0,3,2,2,0,1.0,3.0,3.0,1,3,625500100,289,7.512698248040572,20,9.993216920239743
39,0,Travel_Rarely,Research & Development,5,Medical,Female,1,Sales Representative,Single,1.0,14,2,20.0,2,20,11,10,4.0,3.0,3.0,3,3,3868840000,144,6.712491654744873,28,10.011804959465902
32,0,Travel_Rarely,Research & Development,3,Life Sciences,Male,5,Research Scientist,Single,1.0,11,0,10.0,5,10,0,8,4.0,4.0,2.0,1,3,922944400,4,7.899165479582146,27,10.000062915479582
50,1,Travel_Frequently,Research & Development,2,Medical,Male,4,Sales Representative,Married,3.0,14,1,18.0,2,4,1,3,2.0,3.0,3.0,2,3,1957177600,16,8.20500112917796,15,9.976950090334237
38,0,Travel_Rarely,Research & Development,4,Life Sciences,Male,1,Sales Executive,Single,0.0,12,1,10.0,2,9,1,8,2.0,4.0,2.0,2,3,1859334400,81,7.165214592274678,28,10.010182403433475
27,0,Travel_Rarely,Research & Development,3,Medical,Male,5,Research Scientist,Married,1.0,23,1,9.0,3,9,0,7,3.0,1.0,3.0,2,4,17543002500,100,6.510595238095238,30,10.026921596921596
47,0,Travel_Rarely,Research & Development,3,Medical,Female,5,Sales Executive,Single,2.0,17,0,20.0,3,7,1,7,4.0,1.0,3.0,3,3,2521044100,4,6.717376142376143,30,10.010607263107264
40,0,Travel_Frequently,Research & Development,4,Medical,Female,3,Human Resources,Married,5.0,18,0,20.0,2,18,1,12,4.0,1.0,3.0,3,3,2627587600,9,8.616050275482095,19,10.010268595041323
53,0,Travel_Rarely,Research & Development,1,Life Sciences,Male,2,Laboratory Technician,Married,3.0,18,1,32.0,2,5,1,3,3.0,3.0,3.0,3,3,817388100,49,6.7559891304347826,31,10.031961352657005
41,0,Travel_Rarely,Sales,3,Medical,Male,1,Sales Executive,Divorced,3.0,24,3,23.0,3,21,12,6,2.0,4.0,2.0,3,4,10483712100,36,7.710548213411649,34,10.005198237885462
60,0,Travel_Rarely,Research & Development,2,Life Sciences,Female,5,Laboratory Technician,Single,8.0,20,0,10.0,3,2,2,2,1.0,1.0,3.0,4,4,2839824100,64,6.608694327238632,24,10.004279184247538
27,0,Travel_Frequently,Research & Development,1,Life Sciences,Male,2,Manufacturing Director,Divorced,1.0,14,0,9.0,2,9,1,7,4.0,1.0,2.0,2,3,1870562500,841,7.345515705578996,24,9.999138537271449
41,0,Travel_Rarely,Research & Development,3,Medical,Male,1,Manufacturing Director,Married,1.0,16,0,22.0,2,22,2,10,4.0,3.0,3.0,3,3,5270760000,9,6.168100858369098,28,9.99203743443014
50,0,Travel_Rarely,Sales,3,Life Sciences,Male,2,Research Scientist,Married,7.0,25,1,4.0,0,2,2,2,4.0,2.0,3.0,4,4,539168400,81,7.386711943220754,34,9.999777288301516
28,1,Travel_Rarely,Sales,4,Life Sciences,Male,3,Research Scientist,Single,7.0,18,3,10.0,0,7,3,7,1.0,2.0,3.0,2,3,430562500,4,8.098430373605048,32,10.000633187772927
36,0,Non-Travel,Research & Development,4,Technical Degree,Female,2,Research Scientist,Married,9.0,19,1,10.0,3,8,0,5,1.0,1.0,3.0,3,3,1723910400,100,6.020169234360411,23,10.002930672268908
38,0,Travel_Rarely,Research & Development,3,Medical,Female,3,Manager,Single,4.0,13,1,10.0,2,1,0,0,3.0,3.0,4.0,3,3,9252516100,1,9.813845220766618,32,10.013514070839397
44,0,Non-Travel,Research & Development,2,Life Sciences,Male,1,Research Scientist,Single,2.0,12,0,9.0,6,5,1,4,1.0,3.0,3.0,2,3,18233100900,64,6.108189257722453,20,9.997544951590596
47,0,Travel_Frequently,Research & Development,3,Life Sciences,Male,1,Research Scientist,Divorced,9.0,22,1,28.0,6,22,11,13,4.0,3.0,2.0,2,4,2960448100,729,8.305402717127608,32,10.00474284327996
30,0,Travel_Rarely,Research & Development,3,Life Sciences,Male,2,Sales Executive,Divorced,7.0,14,1,10.0,3,8,7,7,3.0,4.0,2.0,3,3,2713368100,64,7.521103958035289,28,9.996727467811159
29,0,Travel_Rarely,Research & Development,2,Medical,Female,1,Sales Executive,Single,1.0,13,3,1.0,2,1,0,0,3.0,3.0,3.0,3,3,11391292900,1,6.406720393232739,18,10.006689529035206
42,1,Travel_Frequently,Research & Development,1,Life Sciences,Female,1,Sales Executive,Divorced,6.0,21,3,7.0,3,2,2,2,3.0,3.0,3.0,3,4,2510010000,100,10.00545560204556,22,10.003705253370525
43,0,Travel_Frequently,Research & Development,1,Life Sciences,Male,1,Laboratory Technician,Married,3.0,11,2,7.0,3,2,2,2,4.0,4.0,3.0,3,3,18357540100,676,7.097786016949153,25,9.983553436911487
34,0,Travel_Rarely,Research & Development,5,Technical Degree,Male,2,Healthcare Representative,Single,3.0,12,2,10.0,2,5,4,3,2.0,3.0,3.0,4,3,2499000100,4,6.407837219935986,18,10.004039780521262
23,0,Travel_Rarely,Sales,3,Marketing,Male,5,Sales Executive,Married,1.0,11,1,5.0,4,4,0,2,2.0,1.0,4.0,3,3,1781684100,169,7.803427128427129,30,9.987748917748918
39,0,Travel_Rarely,Sales,4,Marketing,Female,4,Healthcare Representative,Married,9.0,12,3,12.0,3,8,3,6,3.0,2.0,1.0,2,3,19243238400,4,6.295862148455509,20,9.958017519594282
56,0,Travel_Rarely,Research & Development,4,Medical,Male,1,Manager,Married,7.0,12,0,30.0,6,10,1,1,3.0,4.0,2.0,3,3,416976400,4,7.136065808297568,28,9.973090128755365
40,0,Travel_Rarely,Sales,3,Marketing,Male,2,Research Scientist,Single,0.0,14,0,5.0,3,4,2,3,4.0,4.0,2.0,3,3,429732900,81,8.798176638176638,27,10.010010683760683
27,0,Travel_Rarely,Research & Development,3,Life Sciences,Female,1,Laboratory Technician,Single,8.0,13,0,9.0,6,7,0,7,4.0,1.0,1.0,3,3,873793600,100,7.500663706739527,17,9.980911885245902
29,0,Travel_Rarely,Sales,3,Marketing,Female,2,Manager,Divorced,1.0,15,1,2.0,3,2,2,2,4.0,2.0,3.0,2,3,856147600,400,7.083401261523533,32,9.991397379912662
53,0,Travel_Rarely,Research & Development,3,Life Sciences,Female,3,Laboratory Technician,Single,2.0,18,0,19.0,2,2,2,2,4.0,4.0,3.0,3,3,2312648100,81,6.276725403817915,34,9.986545521292218
35,0,Non-Travel,Research & Development,1,Medical,Male,1,Healthcare Representative,Divorced,2.0,18,2,16.0,4,1,0,0,4.0,1.0,4.0,3,3,2665656900,25,7.098347763347763,30,9.981094276094275
38,0,Travel_Rarely,Sales,3,Medical,Male,4,Laboratory Technician,Married,6.0,12,2,6.0,5,1,0,1,4.0,3.0,1.0,3,3,33022158400,100,10.902830520393811,24,10.007512892639475
34,0,Travel_Rarely,Research & Development,3,Medical,Female,3,Laboratory Technician,Divorced,3.0,19,1,7.0,4,0,0,0,2.0,1.0,3.0,2,3,3299353600,400,6.1924824929971996,23,9.992000466853408
52,0,Travel_Rarely,Sales,5,Technical Degree,Male,3,Manager,Married,1.0,11,1,34.0,2,34,1,16,3.0,1.0,4.0,3,3,834632100,441,5.994694444444445,31,10.018876811594202
33,1,Travel_Rarely,Research & Development,2,Medical,Male,3,Laboratory Technician,Single,1.0,17,3,10.0,2,10,7,8,4.0,4.0,2.0,3,3,824264100,1,10.050054855275445,23,9.985776143790849
25,0,Travel_Rarely,Research & Development,3,Life Sciences,Male,2,Research Scientist,Single,1.0,15,0,6.0,3,6,1,4,3.0,4.0,2.0,3,3,5601025600,64,7.678097461685824,29,9.9875155651341
45,0,Travel_Rarely,Sales,3,Life Sciences,Male,3,Healthcare Representative,Single,0.0,14,0,9.0,2,8,3,1,2.0,3.0,3.0,3,3,3689347600,4,5.978927895981087,26,9.976451536643028
23,0,Travel_Rarely,Research & Development,1,Life Sciences,Female,2,Research Scientist,Single,1.0,17,1,2.0,2,2,0,2,1.0,3.0,3.0,1,3,30025958400,529,7.978443486590039,29,10.002696360153257
34,0,Travel_Rarely,Research & Development,3,Technical Degree,Male,1,Research Scientist,Single,1.0,12,0,6.0,3,6,1,4,4.0,4.0,3.0,3,3,2029502500,144,7.783258196721311,17,10.01026980874317
55,1,Travel_Rarely,Human Resources,3,Human Resources,Male,4,Laboratory Technician,Married,5.0,12,0,24.0,2,5,1,4,4.0,1.0,3.0,3,3,5517518400,49,7.9786750348675035,22,9.985864714086473
36,0,Non-Travel,Research & Development,2,Life Sciences,Male,5,Sales Executive,Single,1.0,18,1,10.0,2,10,0,9,1.0,1.0,3.0,1,3,13528016100,49,7.403508141762452,29,9.992328783524904
52,0,Non-Travel,Research & Development,4,Life Sciences,Male,5,Sales Executive,Married,0.0,18,2,5.0,2,4,1,2,4.0,4.0,3.0,3,3,9482864400,1,7.212850091827365,19,9.988715564738293
29,0,Travel_Rarely,Research & Development,2,Medical,Male,3,Manufacturing Director,Married,4.0,14,3,11.0,5,8,1,1,2.0,3.0,2.0,3,3,28760768100,100,6.293542824074074,21,9.996015046296296
26,1,Travel_Rarely,Research & Development,2,Life Sciences,Male,2,Laboratory Technician,Single,6.0,19,1,6.0,2,4,1,2,4.0,1.0,2.0,3,3,682776900,225,6.192324879227053,31,9.971112318840579
34,0,Travel_Rarely,Research & Development,4,Technical Degree,Male,2,Manufacturing Director,Single,2.0,12,0,10.0,3,4,1,3,2.0,4.0,3.0,3,3,3777331600,196,6.202630172013017,22,9.980299860529986
54,0,Travel_Rarely,Research & Development,4,Medical,Female,2,Laboratory Technician,Divorced,9.0,15,1,9.0,2,5,1,4,4.0,1.0,3.0,3,3,2463136900,324,8.909899817850638,17,10.027709471766848
27,0,Travel_Frequently,Research & Development,2,Life Sciences,Female,4,Research Scientist,Married,0.0,12,0,5.0,5,4,1,1,3.0,4.0,3.0,3,3,38169436900,169,6.80999299719888,23,10.040030345471521
37,0,Travel_Rarely,Sales,4,Technical Degree,Male,2,Manufacturing Director,Divorced,0.0,11,0,6.0,1,5,4,3,4.0,1.0,2.0,3,3,3809358400,4,9.45522633744856,18,10.017767489711934
38,0,Travel_Frequently,Sales,4,Life Sciences,Female,2,Research Scientist,Single,6.0,11,1,17.0,3,15,4,12,1.0,1.0,3.0,3,3,560742400,4,10.810497015610652,19,10.005878099173554
34,0,Travel_Rarely,Sales,3,Marketing,Male,1,Sales Representative,Single,1.0,12,0,6.0,2,6,1,3,3.0,1.0,3.0,3,3,10633734400,4,6.92431697931698,30,9.997900432900433
35,0,Travel_Rarely,Research & Development,4,Medical,Male,3,Manager,Married,1.0,16,0,3.0,6,3,0,2,1.0,4.0,2.0,2,3,280562500,25,7.799306693989072,17,9.982777777777779
30,0,Travel_Rarely,Research & Development,3,Medical,Male,1,Laboratory Technician,Married,3.0,13,1,7.0,2,2,0,2,4.0,3.0,3.0,3,3,636552900,400,7.168747563352827,33,9.979451754385964
40,0,Travel_Frequently,Research & Development,4,Medical,Male,2,Manufacturing Director,Married,1.0,13,1,8.0,3,8,3,7,3.0,2.0,3.0,4,3,4312548900,100,6.453228166438043,18,9.984053497942387
34,0,Travel_Rarely,Research & Development,3,Life Sciences,Male,3,Healthcare Representative,Married,5.0,24,2,6.0,2,3,1,2,3.0,1.0,3.0,3,4,2245812100,100,7.936015283842795,32,9.989568170790879
42,0,Travel_Frequently,Research & Development,4,Medical,Male,1,Manufacturing Director,Divorced,1.0,15,1,24.0,2,24,14,9,2.0,4.0,2.0,4,3,8478726400,81,7.822759412304867,19,10.010802341597795
23,1,Travel_Rarely,Sales,3,Medical,Female,4,Manufacturing Director,Married,1.0,18,1,1.0,2,0,0,0,3.0,1.0,3.0,2,3,2078448100,4,7.975096108766995,24,10.00403305203938
24,0,Non-Travel,Sales,5,Marketing,Female,1,Manufacturing Director,Divorced,1.0,14,1,1.0,3,1,0,0,3.0,2.0,3.0,3,3,6705972100,1,6.815337713231904,20,9.978891194098663
52,0,Travel_Rarely,Research & Development,3,Life Sciences,Male,2,Manufacturing Director,Married,8.0,11,1,9.0,1,5,1,4,4.0,3.0,3.0,2,3,865536400,841,6.073565400843882,24,9.998128223159869
50,0,Travel_Rarely,Research & Development,4,Life Sciences,Male,2,Sales Executive,Married,5.0,11,1,30.0,3,4,0,3,3.0,3.0,3.0,1,3,2441348100,64,6.410002354048964,25,10.033274482109228
29,1,Travel_Rarely,Sales,4,Marketing,Female,4,Research Scientist,Married,1.0,13,2,1.0,2,1,0,0,2.0,1.0,3.0,4,3,11342250000,4,10.695543234767024,13,9.996962365591397
33,0,Travel_Rarely,Research & Development,4,Life Sciences,Male,4,Manufacturing Director,Married,0.0,12,1,14.0,2,13,3,7,3.0,3.0,4.0,3,3,3483360400,9,6.985387275242046,20,10.017649838635316
33,1,Travel_Rarely,Research & Development,5,Life Sciences,Male,1,Human Resources,Single,5.0,16,2,6.0,3,3,0,2,1.0,1.0,3.0,2,3,7463232100,529,7.986834251606979,19,10.005878099173554
47,0,Travel_Rarely,Research & Development,4,Other,Male,2,Manager,Married,1.0,14,0,26.0,2,26,3,0,3.0,4.0,2.0,4,3,4028440900,36,9.466814892623717,23,9.990032679738562
36,0,Travel_Rarely,Sales,3,Medical,Female,2,Sales Executive,Married,0.0,22,0,10.0,3,9,0,5,3.0,2.0,3.0,3,4,1764000000,36,7.715425194931774,33,9.978890107212477
29,0,Travel_Rarely,Research & Development,3,Other,Male,1,Research Scientist,Married,1.0,11,0,10.0,3,10,0,7,3.0,3.0,3.0,2,3,1191630400,100,7.72597758702909,28,9.975441106342394
58,1,Travel_Rarely,Research & Development,3,Other,Female,2,Research Scientist,Single,7.0,17,0,40.0,2,31,13,8,4.0,2.0,3.0,3,3,1863648900,576,8.896329022988507,29,10.015604645593868
35,0,Travel_Rarely,Sales,4,Marketing,Female,1,Research Scientist,Single,3.0,13,3,7.0,3,2,2,2,4.0,3.0,3.0,4,3,692742400,100,7.781327941865917,24,9.991940928270044
42,0,Travel_Rarely,Sales,1,Marketing,Male,2,Laboratory Technician,Married,9.0,18,2,8.0,2,4,0,2,4.0,4.0,3.0,3,3,2179022400,225,10.4721719348659,29,10.015371168582375
28,1,Travel_Rarely,Research & Development,4,Medical,Female,2,Sales Executive,Single,6.0,16,1,5.0,4,2,2,1,3.0,3.0,2.0,2,3,1026561600,361,6.202743961352657,31,10.001771739130433
36,0,Travel_Rarely,Research & Development,3,Life Sciences,Male,2,Healthcare Representative,Married,4.0,14,1,8.0,3,5,0,4,3.0,2.0,3.0,3,3,739840000,4,6.620693226120857,33,10.008463693957115
32,0,Travel_Rarely,Research & Development,1,Medical,Male,2,Manufacturing Director,Married,1.0,14,0,14.0,2,14,6,8,3.0,3.0,3.0,2,3,29518676100,9,7.9929966329966335,30,10.028131313131313
30,0,Travel_Rarely,Research & Development,3,Technical Degree,Male,2,Research Director,Single,5.0,13,0,12.0,3,0,0,0,3.0,4.0,2.0,3,3,219928900,49,9.37787641723356,16,10.014185941043085
45,0,Travel_Rarely,Research & Development,4,Life Sciences,Male,1,Research Director,Single,1.0,12,2,1.0,2,1,0,0,2.0,3.0,3.0,3,3,3141602500,100,6.619438431938432,30,10.04470177970178
42,0,Travel_Rarely,Research & Development,2,Medical,Male,2,Sales Representative,Married,1.0,15,0,10.0,3,9,7,8,2.0,2.0,2.0,3,3,5321702500,400,7.581864426154549,18,10.019948559670782
38,0,Travel_Frequently,Sales,3,Medical,Male,2,Research Scientist,Divorced,2.0,19,1,13.0,5,4,1,2,1.0,1.0,2.0,3,3,531763600,16,7.59510101010101,19,9.996132920110192
34,0,Travel_Frequently,Research & Development,4,Life Sciences,Male,3,Laboratory Technician,Single,1.0,14,1,6.0,3,5,1,3,3.0,4.0,3.0,3,3,551310400,49,6.873507092198581,26,9.953724586288416
49,1,Travel_Rarely,Sales,2,Life Sciences,Female,2,Healthcare Representative,Married,1.0,14,2,9.0,2,9,7,7,3.0,4.0,4.0,4,3,8096400400,49,6.287247474747475,30,10.00424482924483
55,1,Travel_Rarely,Human Resources,3,Technical Degree,Male,4,Manufacturing Director,Single,4.0,11,0,12.0,3,9,7,3,3.0,4.0,2.0,4,3,1865376100,256,6.376486354775829,33,10.012033382066276
43,0,Travel_Rarely,Research & Development,2,Medical,Male,2,Healthcare Representative,Married,6.0,13,0,22.0,3,4,1,0,2.0,1.0,3.0,2,3,3760142400,625,7.334411976911977,30,9.988783068783068
27,0,Travel_Rarely,Sales,4,Medical,Male,2,Manager,Divorced,1.0,21,1,9.0,2,9,0,8,3.0,4.0,3.0,2,4,1119571600,4,10.494040835707501,27,10.008917378917378
35,0,Travel_Rarely,Research & Development,3,Medical,Male,1,Research Director,Single,3.0,13,1,17.0,2,8,1,6,3.0,3.0,4.0,3,3,11783102500,1,6.994789915966386,23,9.98825746965453
28,0,Travel_Rarely,Sales,2,Technical Degree,Female,1,Sales Executive,Married,1.0,12,0,8.0,3,8,7,5,2.0,2.0,3.0,2,3,497736100,1,9.909392076502733,17,9.975262978142077
34,0,Travel_Rarely,Sales,5,Life Sciences,Male,4,Research Scientist,Married,0.0,17,0,4.0,2,3,0,2,3.0,4.0,1.0,3,3,539632900,4,6.892396694214876,19,10.017952249770431
26,1,Travel_Frequently,Research & Development,4,Other,Female,1,Sales Executive,Married,1.0,23,0,8.0,2,8,1,7,3.0,3.0,3.0,3,4,409657600,484,7.998314009661836,31,10.018196859903382
27,0,Non-Travel,Sales,3,Technical Degree,Female,1,Sales Executive,Married,1.0,11,0,0.0,2,0,0,0,4.0,4.0,2.0,3,3,736036900,1,7.311344671201814,16,9.970439909297053
51,0,Travel_Rarely,Sales,3,Medical,Male,3,Research Scientist,Married,2.0,15,3,29.0,0,20,4,17,1.0,3.0,2.0,3,3,8909472100,256,6.114925444925445,30,9.995101010101012
44,0,Travel_Rarely,Sales,5,Medical,Female,1,Sales Executive,Single,9.0,11,1,10.0,3,5,2,3,4.0,2.0,2.0,3,3,658435600,576,6.318081125058113,22,10.019680381218038
25,0,Travel_Rarely,Research & Development,3,Medical,Male,1,Laboratory Technician,Single,7.0,11,3,6.0,5,4,0,1,1.0,1.0,2.0,4,3,39704547600,289,6.416490429505136,23,9.961280345471522
33,0,Travel_Rarely,Research & Development,4,Life Sciences,Male,3,Laboratory Technician,Divorced,1.0,13,1,9.0,3,9,0,8,1.0,1.0,3.0,2,3,600740100,64,6.019625403411711,20,10.00057745504841
35,0,Travel_Rarely,Sales,4,Medical,Female,2,Manager,Single,1.0,24,1,6.0,5,6,1,1,3.0,1.0,2.0,2,4,8871756100,36,6.903253968253968,30,9.97832611832612
36,0,Travel_Rarely,Sales,4,Marketing,Male,3,Manager,Married,1.0,13,0,18.0,2,18,4,11,2.0,4.0,2.0,3,3,7544659600,100,9.704113475177305,26,9.985225768321513
32,0,Travel_Rarely,Research & Development,4,Medical,Female,4,Sales Executive,Divorced,2.0,20,0,8.0,3,5,0,3,2.0,4.0,2.0,3,4,922944400,9,7.789356600189934,27,9.999357787274453
30,0,Travel_Frequently,Research & Development,5,Medical,Male,5,Sales Representative,Divorced,9.0,14,1,10.0,2,5,0,3,2.0,4.0,2.0,3,3,935136400,16,6.412108695652174,31,9.98412801932367
53,0,Travel_Rarely,Sales,3,Marketing,Male,4,Sales Executive,Married,7.0,18,1,35.0,1,5,0,4,1.0,4.0,3.0,4,3,540562500,36,10.391128117913832,16,10.005209750566893
45,0,Travel_Rarely,Research & Development,5,Technical Degree,Male,2,Healthcare Representative,Divorced,4.0,15,3,18.0,2,5,0,2,4.0,1.0,3.0,3,3,435974400,1,8.524001406469761,24,10.017521097046414
32,0,Travel_Rarely,Sales,3,Marketing,Female,1,Human Resources,Married,5.0,12,0,9.0,4,5,1,3,3.0,3.0,2.0,1,3,943718400,100,6.58656795224977,19,10.015748393021122
52,0,Travel_Frequently,Research & Development,1,Life Sciences,Male,2,Laboratory Technician,Married,3.0,16,1,31.0,2,9,0,0,3.0,4.0,3.0,3,3,2506003600,1,7.5865811965811965,27,10.00361111111111
37,0,Travel_Rarely,Sales,2,Life Sciences,Female,4,Laboratory Technician,Divorced,4.0,15,0,9.0,2,1,0,0,4.0,3.0,3.0,3,3,1812204900,576,6.104338404794836,20,9.992785846011987
28,0,Travel_Rarely,Research & Development,4,Life Sciences,Female,1,Healthcare Representative,Divorced,1.0,16,2,6.0,3,5,0,4,2.0,4.0,3.0,3,3,625000000,441,6.291572442486539,34,9.998697993147333
22,0,Travel_Rarely,Research & Development,2,Life Sciences,Male,1,Sales Representative,Married,6.0,19,0,4.0,3,2,2,2,4.0,4.0,1.0,2,3,121440400,4,6.482304837164751,29,9.988321360153257
44,0,Travel_Rarely,Research & Development,3,Medical,Female,1,Laboratory Technician,Married,2.0,11,1,10.0,2,3,0,2,1.0,4.0,2.0,3,3,10926520900,484,10.983654910096819,20,10.005554402950668
42,0,Travel_Frequently,Sales,4,Life Sciences,Female,2,Laboratory Technician,Single,5.0,16,1,8.0,4,2,2,2,2.0,4.0,3.0,2,3,523494400,169,8.008833333333333,31,9.994411835748792
36,0,Travel_Rarely,Research & Development,3,Other,Male,2,Research Scientist,Married,0.0,24,0,6.0,6,5,0,3,1.0,1.0,3.0,2,4,1543704100,196,7.591120293847567,19,10.025653122130395
25,0,Travel_Rarely,Sales,3,Life Sciences,Female,1,Laboratory Technician,Married,1.0,11,1,5.0,2,5,0,3,3.0,1.0,3.0,3,3,534072100,121,10.409626200274348,18,9.982598308184727
35,0,Travel_Rarely,Research & Development,2,Life Sciences,Female,1,Healthcare Representative,Married,1.0,13,1,17.0,2,17,5,15,4.0,3.0,3.0,2,3,985960000,81,8.795422125181952,32,10.010402717127608
35,1,Travel_Frequently,Sales,2,Marketing,Female,1,Laboratory Technician,Divorced,1.0,13,1,10.0,2,10,7,8,4.0,2.0,2.0,4,3,1361610000,64,10.000467772967772,30,9.96991341991342
32,0,Non-Travel,Research & Development,3,Life Sciences,Male,1,Sales Executive,Divorced,0.0,13,0,4.0,3,3,0,2,4.0,4.0,3.0,3,3,1980250000,441,7.885713245997089,32,9.983994420184375
25,0,Travel_Rarely,Sales,3,Marketing,Female,4,Research Scientist,Married,1.0,12,2,5.0,2,5,0,3,3.0,1.0,4.0,3,3,759553600,25,7.795277777777778,24,10.038886544772621
49,0,Travel_Rarely,Sales,3,Technical Degree,Female,2,Sales Representative,Married,2.0,18,1,7.0,5,4,0,2,3.0,1.0,3.0,3,3,36225508900,81,7.469465191332411,20,10.00326071922545
24,0,Non-Travel,Research & Development,5,Technical Degree,Male,2,Healthcare Representative,Married,0.0,22,1,6.0,3,5,3,4,1.0,4.0,2.0,3,4,35051328400,4,7.561153381642512,31,9.997303140096617
32,0,Travel_Frequently,Research & Development,5,Medical,Male,1,Research Scientist,Married,1.0,13,1,10.0,3,10,5,3,2.0,2.0,3.0,2,3,9114520900,144,6.814644208037826,26,9.96816548463357
38,0,Travel_Rarely,Sales,2,Medical,Male,1,Sales Executive,Married,0.0,13,0,3.0,3,2,1,2,2.0,2.0,3.0,4,3,18862275600,484,6.987524717514124,25,9.997584745762712
42,0,Travel_Rarely,Research & Development,1,Technical Degree,Female,2,Research Scientist,Married,2.0,23,1,17.0,6,5,1,3,3.0,4.0,2.0,3,4,39996000100,324,9.614905857740586,22,9.965536959553695
31,0,Travel_Rarely,Research & Development,3,Life Sciences,Female,3,Sales Executive,Married,3.0,12,1,8.0,3,6,0,2,4.0,4.0,3.0,3,3,519384100,256,10.09835300925926,21,10.016131944444444
29,1,Travel_Rarely,Sales,3,Marketing,Male,3,Laboratory Technician,Divorced,6.0,12,0,5.0,2,3,0,2,2.0,3.0,3.0,3,3,3499905600,9,9.394445592286502,19,9.99847337006428
53,0,Travel_Rarely,Research & Development,3,Life Sciences,Male,1,Sales Representative,Married,5.0,16,0,28.0,2,2,2,2,1.0,4.0,3.0,2,3,436392100,81,6.3660610395803525,28,10.002485693848355
35,0,Travel_Rarely,Research & Development,3,Life Sciences,Male,3,Healthcare Representative,Married,3.0,12,1,16.0,3,13,4,8,4.0,2.0,3.0,4,3,28197126400,1,7.1049999999999995,25,10.004874058380414
37,0,Travel_Frequently,Research & Development,4,Life Sciences,Female,3,Human Resources,Married,5.0,11,0,10.0,1,5,0,0,3.0,4.0,3.0,1,3,1270209600,169,7.408802600472813,26,10.007729314420803
53,0,Travel_Rarely,Research & Development,1,Medical,Male,1,Sales Executive,Single,6.0,22,1,33.0,2,12,3,8,4.0,4.0,3.0,4,4,1958062500,1,6.669338570127504,17,10.005146857923497
43,0,Travel_Frequently,Research & Development,3,Medical,Male,1,Laboratory Technician,Married,4.0,11,1,12.0,4,5,2,2,4.0,4.0,2.0,3,3,2772022500,1,7.585617283950618,27,9.999267568850902
47,0,Travel_Rarely,Sales,4,Marketing,Female,3,Research Director,Married,0.0,15,0,8.0,2,7,7,7,3.0,4.0,3.0,3,3,4294180900,225,10.68291325136612,17,10.041750910746812
37,0,Non-Travel,Research & Development,5,Medical,Female,2,Research Scientist,Single,1.0,12,0,10.0,1,10,0,9,1.0,2.0,3.0,3,3,3920012100,1,8.30906938584154,24,9.955979840600095
50,0,Non-Travel,Research & Development,3,Medical,Female,1,Laboratory Technician,Divorced,1.0,20,1,31.0,6,31,14,7,1.0,1.0,3.0,3,4,1847280400,289,6.612721734892788,33,9.992138157894738
39,0,Travel_Rarely,Research & Development,3,Other,Female,3,Human Resources,Married,8.0,14,1,13.0,3,5,0,4,4.0,4.0,3.0,2,3,4629441600,1,6.88271201814059,16,9.999656462585033
33,0,Travel_Rarely,Sales,3,Life Sciences,Male,2,Manufacturing Director,Divorced,3.0,11,1,7.0,3,4,0,3,4.0,2.0,4.0,3,3,1455422500,49,9.416354609929078,26,9.985354609929079
32,1,Travel_Rarely,Research & Development,1,Medical,Female,1,Laboratory Technician,Single,1.0,15,1,1.0,5,1,0,1,1.0,4.0,1.0,2,3,751308100,81,10.025033738191633,14,9.968206252811516
29,0,Travel_Rarely,Research & Development,4,Life Sciences,Female,4,Healthcare Representative,Divorced,6.0,12,1,8.0,2,4,0,3,1.0,4.0,3.0,4,3,4452892900,25,6.452346460384435,24,10.025763009845289
44,0,Travel_Rarely,Research & Development,2,Life Sciences,Male,2,Manufacturing Director,Married,1.0,14,0,8.0,6,8,7,1,2.0,1.0,3.0,3,3,5835432100,676,9.774024872152488,22,9.978884239888425
28,0,Travel_Rarely,Sales,5,Life Sciences,Female,1,Research Scientist,Single,1.0,11,2,4.0,3,4,0,2,1.0,4.0,3.0,3,3,541958400,576,6.417041116005874,34,10.02160915320607
58,1,Travel_Frequently,Sales,2,Technical Degree,Male,1,Sales Executive,Divorced,9.0,11,0,3.0,3,1,0,0,4.0,4.0,2.0,3,3,463540900,81,10.500407559198543,17,9.98182718579235
43,0,Travel_Rarely,Sales,4,Marketing,Male,2,Sales Executive,Divorced,4.0,16,2,4.0,4,1,0,0,1.0,2.0,4.0,3,3,2377537600,49,6.578010603964961,20,10.012949515905948
20,1,Travel_Rarely,Research & Development,3,Medical,Male,2,Sales Executive,Single,1.0,12,0,2.0,6,2,0,2,3.0,3.0,2.0,1,3,8828481600,121,7.105422602089269,27,10.006431623931624
36,0,Travel_Rarely,Research & Development,4,Medical,Male,1,Laboratory Technician,Married,0.0,14,0,17.0,3,16,4,11,3.0,4.0,2.0,3,3,7180867600,676,10.29772654826958,17,9.992647996357013
47,0,Travel_Rarely,Research & Development,3,Life Sciences,Male,2,Manufacturing Director,Single,1.0,21,1,3.0,3,3,1,2,4.0,4.0,2.0,3,4,9962036100,4,8.485591889357712,24,9.97218120018753
22,1,Travel_Rarely,Research & Development,4,Life Sciences,Female,1,Laboratory Technician,Married,0.0,13,0,4.0,3,3,0,2,2.0,3.0,4.0,3,3,15600010000,225,9.802309820193637,20,10.01221876440756
41,1,Travel_Rarely,Research & Development,3,Life Sciences,Female,2,Sales Executive,Divorced,4.0,11,0,10.0,3,7,1,0,2.0,4.0,2.0,4,3,705964900,529,10.410460557960558,30,10.00712000962001
28,0,Travel_Rarely,Research & Development,3,Life Sciences,Female,3,Manager,Divorced,5.0,20,1,6.0,2,2,2,2,3.0,3.0,3.0,3,4,18471528100,100,7.677303436911488,25,9.998075564971753
39,1,Travel_Rarely,Research & Development,4,Life Sciences,Female,4,Human Resources,Married,7.0,11,0,8.0,3,2,2,2,4.0,1.0,1.0,3,3,4483641600,100,10.666269177126917,22,9.996237796373778
27,0,Travel_Rarely,Research & Development,3,Medical,Male,1,Research Scientist,Single,1.0,14,1,1.0,5,1,0,0,2.0,3.0,3.0,3,3,423536400,1,7.680679916317992,22,9.987190841469083
34,0,Travel_Rarely,Research & Development,2,Technical Degree,Male,2,Human Resources,Divorced,1.0,11,1,1.0,0,1,1,0,2.0,2.0,3.0,3,3,7858822500,144,7.72257226738934,15,9.987015582655825
42,0,Travel_Rarely,Sales,1,Technical Degree,Male,2,Human Resources,Single,7.0,16,0,10.0,2,5,0,3,3.0,3.0,3.0,2,3,3528360000,121,6.878238304093567,33,9.988447855750488
33,0,Travel_Rarely,Sales,3,Marketing,Female,1,Sales Executive,Single,3.0,16,1,6.0,4,3,0,2,3.0,1.0,3.0,3,3,3497539600,4,10.548225957049485,23,9.965032679738563
58,0,Travel_Rarely,Research & Development,4,Life Sciences,Male,1,Research Scientist,Divorced,2.0,23,0,24.0,3,6,0,4,3.0,2.0,3.0,3,4,687488400,4,8.32031148303115,22,10.010903068340307
31,0,Travel_Rarely,Sales,3,Life Sciences,Female,1,Sales Representative,Married,3.0,14,0,13.0,2,7,5,2,2.0,3.0,4.0,3,3,14847422500,1,6.081554641060814,18,9.975102880658437
35,0,Travel_Rarely,Research & Development,1,Life Sciences,Male,3,Healthcare Representative,Married,1.0,22,0,10.0,3,10,0,7,4.0,4.0,1.0,3,4,11255088100,4,10.380476190476191,23,10.032365779645191
49,0,Travel_Rarely,Research & Development,2,Life Sciences,Female,2,Sales Executive,Married,4.0,15,0,29.0,3,26,1,7,1.0,2.0,2.0,2,3,1887902500,625,6.991830699233716,29,10.003850574712644
48,0,Travel_Rarely,Research & Development,4,Medical,Male,1,Research Scientist,Married,4.0,18,0,13.0,4,0,0,0,4.0,3.0,2.0,3,3,473932900,1,6.698963272896328,22,10.040520688052068
31,0,Non-Travel,Research & Development,2,Technical Degree,Female,2,Sales Executive,Married,1.0,16,0,9.0,4,9,0,0,4.0,3.0,2.0,3,3,780084900,1,7.083433515482696,17,10.005341530054645
36,0,Travel_Rarely,Human Resources,4,Technical Degree,Male,1,Sales Executive,Single,2.0,12,2,8.0,3,6,0,1,2.0,4.0,3.0,2,3,6269472400,4,6.503389121338912,22,10.001906090190609
38,0,Travel_Rarely,Sales,3,Other,Male,2,Sales Executive,Married,1.0,11,3,15.0,4,15,5,11,4.0,1.0,3.0,3,3,7724652100,36,7.0820662568306005,17,10.002211976320583
32,0,Non-Travel,Sales,3,Marketing,Male,1,Laboratory Technician,Married,6.0,12,1,5.0,4,3,0,2,3.0,2.0,3.0,2,3,570732100,324,7.082806473829201,19,9.99626147842057
25,1,Travel_Rarely,Research & Development,2,Life Sciences,Male,1,Sales Executive,Married,1.0,15,1,1.0,3,1,0,0,3.0,2.0,3.0,2,3,1031694400,1,8.902678826895565,28,10.01438245112065
40,0,Travel_Rarely,Research & Development,4,Medical,Male,2,Research Scientist,Divorced,2.0,14,1,11.0,3,1,0,0,1.0,2.0,2.0,3,3,36986982400,1,6.066140609636184,35,9.999795968534906
26,0,Travel_Frequently,Sales,3,Marketing,Male,2,Healthcare Representative,Single,1.0,19,3,7.0,2,7,0,7,3.0,1.0,3.0,2,3,513928900,121,7.643866989396035,20,9.97918510834486
41,0,Travel_Rarely,Research & Development,4,Medical,Male,1,Research Scientist,Single,2.0,13,0,20.0,5,18,2,17,4.0,1.0,3.0,3,3,38091328900,1,10.713868621840724,28,10.009178588459704
36,0,Travel_Rarely,Research & Development,3,Life Sciences,Female,2,Healthcare Representative,Single,4.0,13,0,16.0,3,11,3,9,3.0,3.0,3.0,1,3,593409600,81,7.096325863678805,23,9.982125350140056
19,1,Travel_Rarely,Research & Development,3,Life Sciences,Male,2,Research Scientist,Single,1.0,15,1,1.0,3,1,0,0,4.0,2.0,4.0,3,3,25805209600,225,10.61501613646842,20,10.00125979714154
20,1,Travel_Rarely,Research & Development,3,Life Sciences,Female,3,Laboratory Technician,Single,1.0,11,0,1.0,2,1,0,0,1.0,1.0,3.0,3,3,732784900,841,6.0836524334251605,19,9.99662419651056
31,0,Travel_Rarely,Research & Development,4,Life Sciences,Male,4,Research Director,Married,0.0,12,0,10.0,1,9,8,5,4.0,4.0,1.0,3,3,36358862400,1,8.32958633958634,30,9.992623857623858
40,0,Travel_Frequently,Sales,3,Marketing,Male,1,Research Scientist,Divorced,8.0,19,0,3.0,2,1,0,0,4.0,2.0,3.0,2,3,1545276100,1,8.140834467120182,16,9.991412698412699
32,0,Travel_Rarely,Research & Development,3,Life Sciences,Male,4,Laboratory Technician,Married,1.0,25,1,8.0,4,8,6,3,3.0,1.0,4.0,3,4,1391290000,576,7.8935768321513,26,10.019458628841607
36,1,Travel_Rarely,Research & Development,3,Medical,Male,3,Sales Executive,Married,1.0,12,1,16.0,2,16,3,7,3.0,4.0,3.0,3,3,498182400,100,9.80588959212377,24,9.979327238631036
33,0,Travel_Rarely,Research & Development,4,Medical,Female,4,Manufacturing Director,Single,0.0,13,0,6.0,3,5,1,4,2.0,4.0,3.0,3,3,1993622500,1,6.017259790528233,17,10.019274817850636
37,1,Travel_Rarely,Sales,4,Marketing,Female,3,Human Resources,Married,5.0,14,0,17.0,3,14,11,7,1.0,3.0,1.0,2,3,943718400,100,6.274626352015733,35,10.005864060963619
45,0,Non-Travel,Research & Development,1,Life Sciences,Male,2,Sales Executive,Married,1.0,12,1,9.0,3,9,0,8,3.0,2.0,2.0,3,3,1101576100,64,6.3090928270042195,24,10.003470464135022
29,0,Travel_Frequently,Research & Development,1,Life Sciences,Male,1,Sales Representative,Married,1.0,12,0,3.0,5,3,0,2,3.0,4.0,3.0,3,3,36871680400,841,7.619650655021834,32,9.9878384279476
35,0,Travel_Rarely,Human Resources,3,Human Resources,Male,3,Laboratory Technician,Married,1.0,15,3,5.0,5,5,1,0,3.0,3.0,3.0,2,3,18700562500,1,6.370707923112986,24,10.015073839662447
52,0,Travel_Rarely,Research & Development,4,Other,Male,1,Laboratory Technician,Married,2.0,17,2,26.0,3,9,7,8,4.0,4.0,2.0,3,3,847392100,25,6.990128384687208,23,10.011063258636788
58,1,Travel_Rarely,Sales,2,Medical,Female,4,Sales Executive,Single,4.0,14,1,7.0,2,1,0,0,4.0,3.0,3.0,1,3,3548584900,81,7.4758405797101455,31,10.002927536231883
53,0,Travel_Rarely,Research & Development,3,Technical Degree,Male,1,Manager,Divorced,6.0,16,1,22.0,3,17,15,2,3.0,3.0,4.0,3,3,1536640000,81,6.523184113865931,19,10.014271120293847
30,0,Travel_Rarely,Sales,4,Marketing,Male,1,Sales Executive,Divorced,5.0,14,1,10.0,3,8,7,7,3.0,3.0,4.0,2,3,4139635600,9,8.003096797671034,32,9.976467734109654
38,0,Non-Travel,Sales,3,Life Sciences,Male,2,Research Director,Single,1.0,23,1,6.0,2,5,1,3,3.0,4.0,3.0,3,4,10096230400,16,8.100102339181287,33,10.042541423001948
35,0,Travel_Rarely,Sales,2,Life Sciences,Female,2,Healthcare Representative,Divorced,6.0,14,2,12.0,2,10,0,8,4.0,4.0,3.0,1,3,11963984400,1,7.3186814345991555,24,10.038681434599155
39,0,Travel_Rarely,Sales,1,Marketing,Male,2,Research Scientist,Single,0.0,11,1,9.0,2,8,0,7,1.0,3.0,3.0,2,3,547560000,1,6.510007246376812,31,9.990208937198068
40,1,Non-Travel,Research & Development,4,Life Sciences,Male,1,Human Resources,Single,4.0,15,0,22.0,2,1,0,0,2.0,2.0,2.0,3,3,4283702500,4,9.47278715424285,24,9.990242616033754
47,0,Travel_Frequently,Research & Development,4,Life Sciences,Male,3,Sales Executive,Divorced,1.0,11,0,20.0,3,19,2,7,3.0,3.0,4.0,3,3,4803876100,49,10.091632387706856,26,10.006578014184397
36,0,Non-Travel,Sales,1,Life Sciences,Male,2,Research Scientist,Divorced,4.0,13,1,12.0,3,7,0,7,1.0,4.0,3.0,3,3,2399040400,784,6.805802341597796,19,10.00714416896235
31,1,Non-Travel,Research & Development,4,Medical,Male,2,Research Scientist,Single,0.0,21,0,4.0,2,3,1,2,3.0,1.0,3.0,3,4,672364900,784,8.187664565826331,23,10.005429505135389
33,0,Non-Travel,Sales,3,Other,Male,4,Research Director,Single,1.0,19,2,10.0,4,10,6,0,4.0,3.0,3.0,3,3,37775809600,225,7.934158285440613,29,10.017671216475097
29,1,Travel_Rarely,Human Resources,5,Life Sciences,Male,1,Sales Executive,Single,6.0,11,1,3.0,2,0,0,0,4.0,1.0,3.0,2,3,741472900,9,10.280916902071564,25,10.017073917137477
33,0,Travel_Rarely,Research & Development,2,Technical Degree,Male,2,Laboratory Technician,Single,3.0,12,0,5.0,3,3,0,2,2.0,4.0,3.0,3,3,1210344100,4,7.515693306010929,17,10.02778233151184
45,0,Travel_Rarely,Research & Development,1,Medical,Female,3,Healthcare Representative,Divorced,3.0,19,1,8.0,2,5,0,2,4.0,4.0,3.0,3,3,780643600,676,7.010381512217612,20,9.966265560165976
50,0,Travel_Rarely,Sales,1,Life Sciences,Female,1,Manufacturing Director,Divorced,9.0,21,2,32.0,2,5,1,3,4.0,4.0,2.0,2,4,2755200100,100,7.38759541062802,31,10.001423913043478
33,0,Travel_Frequently,Sales,3,Marketing,Male,2,Human Resources,Married,1.0,14,1,6.0,2,6,1,2,3.0,2.0,3.0,2,3,473497600,1,8.981857999077915,20,10.03836560627017
41,0,Travel_Frequently,Sales,3,Other,Male,1,Laboratory Technician,Divorced,2.0,15,1,21.0,2,18,0,11,1.0,3.0,4.0,3,3,28466438400,121,7.905851370851371,30,9.980223665223665
27,0,Travel_Rarely,Research & Development,4,Other,Male,2,Manufacturing Director,Married,9.0,17,2,4.0,2,2,2,2,3.0,2.0,3.0,3,3,1214522500,400,7.078493085360038,28,9.99413328564616
45,0,Non-Travel,Sales,3,Medical,Female,1,Sales Executive,Married,1.0,12,0,9.0,3,9,0,8,4.0,1.0,3.0,4,3,4414273600,4,8.703335629017447,19,10.007029384756656
47,0,Travel_Rarely,Sales,4,Medical,Female,2,Research Scientist,Single,1.0,16,0,9.0,3,9,0,7,4.0,4.0,3.0,3,3,3115872400,324,7.97212235996327,19,10.000491276400368
30,1,Travel_Rarely,Sales,3,Life Sciences,Male,2,Healthcare Representative,Married,4.0,12,0,7.0,5,5,0,1,1.0,3.0,3.0,2,3,1600000000,4,10.50509574468085,26,9.99170330969267
50,0,Travel_Rarely,Research & Development,3,Technical Degree,Female,2,Sales Executive,Married,3.0,18,1,22.0,3,12,1,5,4.0,3.0,3.0,3,3,18214201600,1,9.480353223593964,18,9.98451646090535
38,0,Travel_Frequently,Research & Development,3,Technical Degree,Male,1,Manufacturing Director,Married,0.0,17,2,3.0,5,2,0,2,3.0,3.0,2.0,2,3,1030410000,169,7.704971539162114,17,10.003655510018216
46,0,Travel_Rarely,Research & Development,3,Medical,Female,3,Human Resources,Divorced,6.0,11,3,13.0,2,8,0,7,4.0,3.0,3.0,3,3,36271202500,784,6.886907713498623,19,10.00035927456382
24,0,Travel_Rarely,Sales,3,Life Sciences,Female,1,Healthcare Representative,Divorced,1.0,16,1,5.0,3,4,3,2,4.0,3.0,3.0,3,3,14039880100,784,6.593336748633879,17,9.970927823315117
35,1,Travel_Rarely,Sales,3,Medical,Male,3,Healthcare Representative,Divorced,1.0,13,3,5.0,1,4,0,2,3.0,2.0,1.0,2,3,428490000,576,9.320771072796935,29,10.006467911877396
31,0,Travel_Frequently,Research & Development,2,Technical Degree,Male,2,Sales Executive,Married,1.0,12,0,4.0,3,4,0,3,3.0,1.0,3.0,3,3,4227600400,25,6.301517447199266,19,9.998925619834711
18,0,Non-Travel,Sales,4,Other,Male,2,Manager,Single,1.0,12,1,0.0,3,0,0,0,2.0,4.0,3.0,3,3,1043290000,25,6.313124113475178,26,9.98083096926714
54,0,Travel_Rarely,Sales,3,Medical,Female,1,Laboratory Technician,Married,8.0,13,1,22.0,2,10,0,8,3.0,3.0,3.0,3,3,18504160900,529,6.600198067632849,31,9.983538647342996
35,0,Travel_Rarely,Research & Development,4,Medical,Female,1,Manufacturing Director,Divorced,1.0,19,2,16.0,3,16,10,1,3.0,3.0,2.0,3,3,14390401600,36,9.58983449074074,21,10.012511574074074
30,0,Travel_Rarely,Research & Development,3,Life Sciences,Female,5,Healthcare Representative,Married,0.0,12,1,9.0,0,8,1,7,2.0,1.0,2.0,2,3,3141602500,16,10.11788268955651,28,9.966473533619457
20,1,Travel_Rarely,Research & Development,2,Life Sciences,Female,2,Research Scientist,Single,1.0,17,1,1.0,3,1,0,0,4.0,1.0,3.0,3,3,4092160900,4,8.31476602120793,20,9.998662978331028
30,1,Travel_Frequently,Research & Development,4,Medical,Male,1,Sales Executive,Single,0.0,11,0,4.0,3,3,1,2,2.0,2.0,3.0,3,3,36649273600,64,7.605639619883041,33,10.028268762183236
26,0,Travel_Rarely,Sales,3,Marketing,Female,2,Research Scientist,Married,1.0,20,0,8.0,2,8,1,3,4.0,4.0,3.0,3,4,30919705600,1,7.928281400966183,31,9.99595652173913
48,0,Travel_Rarely,Human Resources,4,Medical,Male,2,Sales Executive,Single,2.0,11,2,19.0,3,2,2,2,1.0,3.0,3.0,3,3,2073891600,4,7.9805807041609516,18,9.987852080475538
48,0,Travel_Rarely,Sales,3,Medical,Male,1,Research Director,Single,7.0,11,1,27.0,1,15,4,8,3.0,3.0,3.0,3,3,2932222500,9,6.542558922558922,30,9.988848003848004
41,0,Travel_Rarely,Research & Development,3,Life Sciences,Male,2,Research Scientist,Single,6.0,16,0,8.0,3,2,2,1,4.0,3.0,3.0,3,3,2247708100,4,6.894249533146591,23,10.01797619047619
39,0,Travel_Rarely,Sales,3,Life Sciences,Male,3,Human Resources,Married,1.0,18,0,21.0,3,21,11,8,4.0,4.0,3.0,4,3,447322500,4,7.099682372245664,24,10.003219643694328
27,0,Travel_Rarely,Research & Development,3,Life Sciences,Male,2,Human Resources,Married,0.0,13,2,4.0,0,3,2,2,1.0,4.0,3.0,3,3,999192100,9,7.294853680841335,18,9.998245313214449
35,0,Travel_Rarely,Sales,3,Medical,Male,5,Sales Executive,Divorced,1.0,17,3,3.0,4,3,1,2,2.0,4.0,2.0,3,3,3300502500,576,6.933727824463118,23,9.990205415499533
50,0,Travel_Rarely,Sales,3,Medical,Male,2,Sales Executive,Married,4.0,22,1,8.0,3,1,0,0,1.0,4.0,3.0,4,4,1095610000,729,6.191245291902071,25,10.00885004708098
59,0,Travel_Rarely,Research & Development,4,Medical,Female,5,Laboratory Technician,Single,3.0,12,0,30.0,3,5,4,3,3.0,4.0,3.0,2,3,34838222500,256,10.105665532879819,16,10.012756235827663
37,1,Travel_Rarely,Sales,3,Marketing,Male,2,Laboratory Technician,Married,5.0,11,1,15.0,2,1,0,0,1.0,2.0,1.0,4,3,2011522500,225,6.590548433048433,27,9.989131054131054
55,0,Travel_Frequently,Research & Development,2,Life Sciences,Female,2,Sales Executive,Married,3.0,13,1,17.0,2,8,6,7,3.0,2.0,3.0,2,3,777852100,676,8.626039312617703,25,9.979583333333334
41,0,Non-Travel,Research & Development,1,Life Sciences,Male,2,Research Scientist,Divorced,1.0,13,0,21.0,0,21,5,10,2.0,3.0,3.0,3,3,3396558400,361,6.273640479686735,34,10.017656632403328
26,1,Non-Travel,Research & Development,1,Life Sciences,Female,1,Manufacturing Director,Single,8.0,17,1,7.0,4,2,2,2,2.0,1.0,3.0,2,3,18292562500,441,7.659834287076777,28,9.98788268955651
52,1,Travel_Rarely,Research & Development,4,Medical,Female,4,Human Resources,Married,1.0,13,1,33.0,2,32,6,9,1.0,4.0,3.0,4,3,201640000,25,6.014918785310734,25,10.001418314500942
44,0,Travel_Rarely,Research & Development,3,Life Sciences,Female,1,Healthcare Representative,Married,3.0,11,1,23.0,2,12,11,11,4.0,4.0,3.0,3,3,6432040000,256,10.897943989071038,17,10.007569444444444
50,0,Non-Travel,Human Resources,2,Life Sciences,Male,1,Laboratory Technician,Married,0.0,11,0,19.0,3,18,0,13,4.0,3.0,3.0,2,3,1360134400,4,6.443813352826511,33,10.012207602339181
36,1,Travel_Rarely,Sales,4,Technical Degree,Male,4,Sales Executive,Single,1.0,18,0,18.0,3,17,15,14,3.0,1.0,3.0,3,3,3005232400,4,7.827982941447671,20,10.000731904103274
39,0,Travel_Frequently,Sales,3,Marketing,Male,1,Sales Executive,Single,1.0,11,0,21.0,3,21,2,8,4.0,1.0,3.0,4,3,25648022500,121,10.819737268518518,21,10.020094907407408
33,0,Non-Travel,Sales,2,Technical Degree,Male,5,Sales Representative,Single,0.0,11,1,3.0,3,2,2,2,2.0,4.0,2.0,3,3,144000000,81,7.626725768321513,26,10.009944444444445
45,0,Travel_Rarely,Research & Development,2,Other,Male,1,Human Resources,Married,3.0,12,0,26.0,2,9,1,1,4.0,4.0,4.0,2,3,3204692100,49,7.3994878829446735,18,10.005394375857339
32,0,Non-Travel,Research & Development,3,Medical,Male,2,Manager,Single,9.0,20,0,10.0,6,8,7,7,4.0,3.0,3.0,1,4,4801104100,225,7.197954014939309,23,10.010826330532211
34,0,Travel_Rarely,Sales,4,Marketing,Male,2,Research Director,Divorced,0.0,12,1,16.0,5,15,0,9,2.0,4.0,2.0,2,3,9240976900,36,7.064413580246914,18,9.96683241883859
59,0,Travel_Rarely,Research & Development,3,Life Sciences,Male,2,Research Scientist,Married,3.0,12,0,14.0,6,6,0,4,2.0,4.0,1.0,3,3,3219427600,25,8.10601775011526,20,9.994989626556016
45,0,Travel_Rarely,Research & Development,1,Medical,Male,2,Sales Executive,Single,1.0,20,3,6.0,6,6,0,4,2.0,2.0,3.0,3,4,3007425600,256,6.67149931693989,17,9.993021402550092
53,0,Travel_Frequently,Sales,2,Medical,Male,2,Research Scientist,Married,2.0,20,1,30.0,2,15,6,12,3.0,2.0,3.0,4,4,14546772100,64,7.780307621671258,19,10.009846189164373
36,1,Travel_Rarely,Research & Development,2,Life Sciences,Female,1,Research Scientist,Divorced,7.0,12,0,9.0,3,1,0,0,1.0,3.0,2.0,3,3,3203560000,49,6.0826198955365625,27,9.978693019943021
26,1,Travel_Frequently,Sales,3,Life Sciences,Male,2,Research Scientist,Married,6.0,14,2,6.0,2,3,1,2,1.0,1.0,3.0,3,3,2324204100,4,8.209500962000963,30,10.00751443001443
34,0,Travel_Rarely,Research & Development,2,Life Sciences,Male,1,Sales Representative,Married,1.0,13,1,1.0,5,1,0,0,3.0,3.0,3.0,2,3,4108810000,4,9.218184198542804,17,10.01934767759563
28,0,Travel_Rarely,Research & Development,3,Other,Male,2,Sales Representative,Married,1.0,15,0,1.0,1,1,0,0,4.0,2.0,3.0,4,3,2714410000,100,7.768436639118457,19,9.970366161616163
38,0,Travel_Frequently,Sales,4,Medical,Male,2,Research Scientist,Married,3.0,14,1,8.0,4,2,2,2,3.0,3.0,3.0,1,3,726302500,81,7.590477357609711,23,9.998682306255837
50,0,Travel_Rarely,Research & Development,4,Life Sciences,Male,1,Sales Executive,Married,2.0,13,1,29.0,2,8,7,7,2.0,3.0,2.0,3,3,14108688400,25,9.595219610636278,27,10.006514719848054
37,0,Travel_Rarely,Research & Development,3,Life Sciences,Male,1,Laboratory Technician,Single,3.0,23,0,8.0,6,4,0,1,4.0,2.0,2.0,3,4,29131662400,1,7.26327536231884,31,9.99355193236715
40,0,Travel_Rarely,Human Resources,3,Medical,Male,5,Sales Executive,Married,1.0,15,1,8.0,2,7,7,5,3.0,1.0,2.0,3,3,602702500,4,6.117728613569321,35,10.021161504424779
26,0,Travel_Frequently,Research & Development,3,Medical,Male,2,Laboratory Technician,Divorced,1.0,11,2,5.0,1,5,1,3,1.0,3.0,3.0,2,3,19499329600,9,7.708791383219955,16,10.022063492063493
46,0,Travel_Rarely,Research & Development,1,Medical,Female,3,Research Scientist,Divorced,9.0,13,2,23.0,2,2,2,2,4.0,4.0,3.0,2,3,2441348100,4,7.396068376068376,27,9.995986467236467
54,0,Travel_Rarely,Research & Development,3,Medical,Female,2,Manufacturing Director,Married,6.0,11,0,13.0,0,9,7,0,3.0,3.0,3.0,3,3,614048400,25,7.5718037974683545,24,9.997563291139242
56,0,Travel_Frequently,Research & Development,2,Life Sciences,Female,2,Manufacturing Director,Married,2.0,11,0,18.0,4,5,0,3,1.0,3.0,3.0,3,3,2733198400,1,6.912598950882213,28,9.980001192179303
36,0,Travel_Rarely,Research & Development,2,Life Sciences,Female,2,Human Resources,Single,0.0,18,1,15.0,3,14,7,8,4.0,4.0,2.0,3,3,2005248400,16,6.608065134099617,29,10.006136254789272
55,0,Non-Travel,Research & Development,3,Medical,Female,2,Manager,Single,7.0,16,0,31.0,2,9,6,2,3.0,1.0,4.0,2,3,5695720900,4,6.108080029368575,34,9.999385707293197
43,0,Travel_Rarely,Sales,2,Life Sciences,Male,3,Research Scientist,Divorced,5.0,22,0,18.0,2,1,0,0,3.0,4.0,3.0,2,4,2555302500,625,7.925064545873675,20,10.00140848317197
20,1,Travel_Frequently,Sales,3,Marketing,Male,3,Sales Executive,Single,1.0,20,0,2.0,3,2,0,2,4.0,4.0,3.0,2,4,1199929600,64,9.111901005944217,18,10.012306812985825
21,1,Travel_Rarely,Research & Development,4,Life Sciences,Male,1,Manager,Single,1.0,18,0,1.0,2,1,1,0,3.0,1.0,2.0,3,3,3335062500,1,6.6217576419213975,32,9.96321931101407
46,0,Travel_Rarely,Sales,3,Marketing,Female,3,Healthcare Representative,Divorced,8.0,12,1,19.0,6,16,1,7,4.0,1.0,3.0,3,3,7997724900,144,10.988871455137145,22,10.025405625290562
51,1,Travel_Rarely,Sales,3,Medical,Female,2,Research Scientist,Married,9.0,20,0,18.0,2,10,2,7,1.0,3.0,4.0,3,4,37140998400,529,8.716918044077136,19,10.03557277318641
28,1,Non-Travel,Research & Development,4,Life Sciences,Female,4,Laboratory Technician,Single,1.0,17,1,10.0,4,10,1,9,2.0,1.0,2.0,2,3,2743664400,361,7.419935622317596,28,10.010002384358607
26,0,Travel_Rarely,Research & Development,4,Medical,Female,2,Sales Executive,Married,1.0,11,1,6.0,3,5,1,3,1.0,1.0,3.0,1,3,2192112400,25,7.517420634920635,30,10.02084535834536
30,0,Travel_Rarely,Research & Development,3,Medical,Female,1,Sales Executive,Married,0.0,14,0,7.0,6,6,0,2,3.0,1.0,2.0,3,3,33489000000,64,6.2512734339277545,18,9.989879972565157
41,0,Travel_Rarely,Sales,4,Life Sciences,Female,1,Research Director,Married,1.0,14,0,10.0,2,10,0,8,2.0,3.0,3.0,4,3,2763604900,1,7.878476324425692,24,10.001442803563057
38,0,Travel_Rarely,Research & Development,3,Technical Degree,Male,1,Sales Executive,Married,0.0,11,0,20.0,3,19,1,9,3.0,3.0,2.0,3,3,4030980100,25,7.293590579710145,31,10.003829710144927
40,0,Travel_Rarely,Sales,4,Marketing,Male,1,Sales Executive,Married,4.0,12,0,14.0,2,11,11,1,1.0,4.0,3.0,3,3,2370716100,1,7.923936741363212,23,9.979556489262372
27,0,Non-Travel,Sales,3,Technical Degree,Female,2,Laboratory Technician,Married,1.0,14,1,3.0,3,3,1,2,1.0,3.0,3.0,2,3,9970022500,121,8.007610882487427,18,10.026098536808414
55,0,Travel_Frequently,Research & Development,5,Life Sciences,Male,3,Laboratory Technician,Married,3.0,13,1,23.0,1,3,1,2,4.0,2.0,3.0,3,3,1366780900,529,6.733892496392497,30,9.968999518999519
28,0,Travel_Rarely,Research & Development,3,Life Sciences,Male,2,Healthcare Representative,Single,3.0,11,2,10.0,1,8,1,7,3.0,3.0,4.0,4,3,5560684900,1,6.612759487882944,18,9.997174211248286
44,1,Travel_Rarely,Research & Development,4,Life Sciences,Female,2,Sales Executive,Married,9.0,15,0,24.0,3,20,3,6,2.0,1.0,3.0,3,3,449016100,324,6.190119870908253,20,9.978948824343016
33,0,Travel_Rarely,Sales,4,Marketing,Female,4,Sales Executive,Divorced,4.0,12,0,9.0,3,3,1,2,4.0,4.0,3.0,3,3,1586428900,529,6.412309251311397,28,9.983272532188842
35,1,Travel_Rarely,Sales,4,Life Sciences,Male,3,Sales Representative,Single,0.0,21,1,9.0,3,8,4,7,4.0,1.0,3.0,2,4,3742992400,49,9.812394349477682,27,9.960868945868945
33,1,Travel_Frequently,Research & Development,2,Life Sciences,Female,1,Sales Executive,Single,1.0,19,2,14.0,3,13,3,8,1.0,3.0,3.0,3,3,3861379600,1,7.795180737506065,32,9.996325812712275
28,0,Travel_Rarely,Human Resources,1,Human Resources,Male,2,Research Scientist,Divorced,1.0,15,1,4.0,2,4,2,2,1.0,3.0,2.0,3,3,4028440900,1,6.665248419150858,15,10.002582429990966
34,0,Travel_Frequently,Sales,4,Marketing,Male,1,Research Scientist,Single,0.0,14,1,7.0,5,6,0,4,1.0,4.0,2.0,3,3,13248010000,841,6.688168328584995,27,9.9960232668566
37,0,Travel_Rarely,Research & Development,4,Life Sciences,Male,4,Sales Executive,Divorced,2.0,21,0,8.0,6,1,0,0,4.0,4.0,3.0,2,4,5102244900,49,10.582439909297053,16,9.99945238095238
25,1,Travel_Rarely,Human Resources,4,Human Resources,Female,2,Research Scientist,Married,1.0,12,0,7.0,3,7,5,6,4.0,4.0,4.0,2,3,6835982400,625,10.899974537037036,21,10.001921296296295
26,1,Travel_Rarely,Sales,2,Marketing,Male,2,Sales Executive,Divorced,1.0,15,0,1.0,3,1,0,0,1.0,3.0,2.0,4,3,6552902500,64,7.810643776824035,28,9.983402479732952
33,1,Travel_Rarely,Research & Development,2,Life Sciences,Male,4,Manufacturing Director,Single,4.0,13,0,5.0,2,2,2,2,1.0,2.0,3.0,3,3,843321600,64,10.211385327635327,27,9.961454178537512
42,0,Travel_Rarely,Research & Development,1,Life Sciences,Male,4,Research Scientist,Married,0.0,14,0,23.0,2,22,13,7,4.0,1.0,3.0,2,3,3638502400,121,6.781549408014572,17,9.997913251366121
28,1,Travel_Frequently,Research & Development,3,Life Sciences,Male,2,Manager,Divorced,1.0,14,0,1.0,3,1,0,0,1.0,2.0,3.0,3,3,885657600,49,6.296936170212766,26,10.017507092198581
50,1,Travel_Frequently,Research & Development,4,Medical,Male,2,Research Scientist,Single,3.0,14,0,5.0,3,0,0,0,4.0,3.0,3.0,3,3,25574406400,1,10.463207994579946,15,9.994471544715449
33,0,Travel_Frequently,Sales,3,Medical,Female,2,Research Scientist,Married,0.0,12,0,4.0,2,3,0,2,4.0,2.0,3.0,2,3,2161320100,81,8.041233424782808,18,9.996854138088707
34,0,Non-Travel,Sales,1,Marketing,Female,2,Research Director,Married,3.0,23,0,6.0,3,0,0,0,3.0,4.0,3.0,3,4,726841600,1,7.120342066957788,32,9.99588791848617
48,0,Non-Travel,Sales,1,Life Sciences,Male,2,Sales Executive,Single,2.0,11,0,27.0,3,5,2,1,1.0,4.0,2.0,3,3,561690000,4,6.210528752436647,33,10.024082602339181
45,0,Non-Travel,Research & Development,3,Medical,Female,2,Human Resources,Married,1.0,12,1,15.0,2,15,4,12,2.0,3.0,3.0,3,3,15635001600,1,6.015613026819923,29,10.03315014367816
52,0,Travel_Rarely,Sales,3,Life Sciences,Male,1,Sales Executive,Single,7.0,18,1,18.0,6,8,4,0,2.0,2.0,3.0,3,3,3568867600,1,7.982319788797062,19,9.972040863177225
38,0,Travel_Rarely,Research & Development,2,Medical,Male,1,Research Scientist,Divorced,0.0,11,1,9.0,3,8,2,7,3.0,3.0,3.0,2,3,2242969600,36,10.697828385065227,14,10.010682636077373
29,0,Travel_Rarely,Research & Development,3,Medical,Female,4,Research Scientist,Divorced,4.0,14,0,11.0,3,7,1,7,3.0,4.0,3.0,4,3,2804761600,64,6.323727053140097,31,10.02559541062802
28,0,Travel_Rarely,Human Resources,3,Human Resources,Female,4,Laboratory Technician,Divorced,0.0,15,1,10.0,2,9,1,7,4.0,2.0,2.0,3,3,4598196100,1,6.89652719174871,24,10.051657290201593
46,0,Travel_Rarely,Research & Development,4,Medical,Male,3,Sales Executive,Married,3.0,11,1,23.0,3,12,4,9,1.0,3.0,3.0,3,3,472627600,36,6.399091970121382,23,10.033675303454714
38,0,Travel_Rarely,Research & Development,4,Medical,Male,1,Sales Executive,Single,7.0,20,1,10.0,2,1,0,0,4.0,2.0,3.0,3,4,4426240900,49,7.389816810344827,29,9.978772749042145
43,0,Travel_Frequently,Research & Development,3,Medical,Female,2,Laboratory Technician,Married,8.0,19,1,18.0,3,8,0,1,3.0,1.0,3.0,3,3,9407060100,25,7.119895264116576,17,10.010348360655737
39,1,Travel_Frequently,Sales,3,Marketing,Male,2,Healthcare Representative,Divorced,7.0,14,1,21.0,2,18,11,5,1.0,4.0,3.0,3,3,4563002500,1,7.1997842155460186,28,9.997614449213161
40,0,Travel_Rarely,Research & Development,1,Life Sciences,Male,1,Healthcare Representative,Single,1.0,17,0,21.0,4,20,4,9,3.0,3.0,4.0,3,3,489736900,1,5.983684270690444,18,10.011764974851394
21,0,Travel_Rarely,Research & Development,4,Life Sciences,Female,1,Research Scientist,Single,1.0,11,1,2.0,3,2,2,2,4.0,2.0,4.0,2,3,681210000,1,10.518713512241055,25,9.998641713747647
39,0,Non-Travel,Research & Development,3,Life Sciences,Male,1,Laboratory Technician,Single,9.0,15,0,9.0,2,5,0,3,3.0,2.0,2.0,3,3,812820100,36,6.195073915116834,28,10.019054601812114
36,0,Non-Travel,Research & Development,3,Medical,Male,3,Sales Representative,Single,2.0,13,3,18.0,4,11,0,9,1.0,4.0,3.0,4,3,1191630400,1,7.195747584541063,31,10.010178743961353
31,0,Travel_Frequently,Research & Development,3,Life Sciences,Male,1,Sales Executive,Married,0.0,14,3,3.0,5,2,2,2,3.0,4.0,3.0,3,3,2764656400,49,6.6062621832358674,33,10.009035087719298
28,0,Travel_Rarely,Sales,4,Marketing,Male,1,Sales Executive,Married,0.0,11,0,6.0,4,5,0,4,1.0,2.0,1.0,3,3,8751602500,4,7.4839790448343075,33,9.988669590643275
35,0,Travel_Frequently,Research & Development,2,Other,Female,1,Manufacturing Director,Divorced,1.0,13,1,5.0,2,5,0,2,4.0,4.0,3.0,3,3,11016601600,81,6.5963852498787,32,10.003833090732654
49,0,Travel_Rarely,Sales,2,Medical,Female,1,Sales Executive,Married,6.0,23,1,22.0,1,9,2,3,4.0,2.0,3.0,2,4,4070440000,4,7.172206521739131,31,10.013596618357488
34,0,Travel_Frequently,Sales,1,Technical Degree,Male,2,Sales Executive,Single,2.0,13,1,5.0,3,3,0,2,4.0,3.0,2.0,2,3,705964900,81,8.026111111111112,31,9.992608695652173
29,0,Travel_Frequently,Research & Development,4,Medical,Male,3,Research Scientist,Divorced,0.0,18,0,8.0,2,7,1,1,4.0,2.0,2.0,1,3,737665600,1,7.10237188697318,29,9.988783524904216
42,0,Travel_Rarely,Sales,2,Life Sciences,Female,1,Healthcare Representative,Single,4.0,12,1,16.0,3,1,0,0,2.0,4.0,3.0,4,3,484440100,441,7.202196251129178,15,9.984878048780487
29,0,Travel_Rarely,Sales,2,Other,Female,2,Healthcare Representative,Married,1.0,22,0,10.0,2,10,1,2,2.0,4.0,2.0,1,4,4277160000,16,10.8985589569161,16,9.976433106575962
38,0,Travel_Rarely,Research & Development,3,Medical,Female,1,Human Resources,Married,1.0,13,2,7.0,2,7,5,0,3.0,3.0,4.0,2,3,1456185600,1,6.523463618485742,35,10.01508726647001
28,0,Travel_Frequently,Sales,4,Life Sciences,Male,1,Manager,Divorced,1.0,15,0,3.0,2,3,0,2,3.0,3.0,3.0,3,3,2759400900,36,10.684742231638419,25,9.972681261770244
18,1,Non-Travel,Research & Development,4,Medical,Male,3,Laboratory Technician,Single,1.0,18,0,0.0,5,0,0,0,3.0,3.0,3.0,4,3,12023122500,4,6.993391500474834,27,9.974481244064577
33,1,Travel_Rarely,Research & Development,2,Life Sciences,Male,1,Sales Executive,Single,0.0,14,0,6.0,2,5,0,3,1.0,1.0,3.0,2,3,2436409600,9,8.983830721747388,27,9.965261158594492
41,0,Travel_Rarely,Research & Development,2,Medical,Male,2,Research Scientist,Married,3.0,12,0,6.0,3,1,0,0,2.0,4.0,3.0,3,3,646684900,16,8.124268207282913,23,9.94892273576097
31,1,Travel_Frequently,Sales,3,Technical Degree,Female,1,Research Director,Married,1.0,17,0,2.0,3,2,2,2,3.0,3.0,2.0,4,3,2813241600,100,7.1295670995671,30,10.016943241943242
27,0,Travel_Rarely,Research & Development,2,Medical,Female,1,Healthcare Representative,Married,1.0,11,2,4.0,2,4,2,2,4.0,3.0,3.0,3,3,1814760000,36,7.4150274201239865,28,9.98948736289938
34,0,Travel_Rarely,Sales,1,Marketing,Female,2,Laboratory Technician,Married,1.0,19,0,6.0,2,6,1,3,2.0,3.0,2.0,3,3,613057600,1,7.086783816425121,31,9.963374396135265
35,0,Travel_Rarely,Research & Development,3,Life Sciences,Female,3,Laboratory Technician,Single,1.0,13,1,6.0,3,5,1,4,3.0,3.0,1.0,2,3,962240400,36,6.802122359963269,19,9.993306932966025
29,1,Travel_Rarely,Research & Development,3,Life Sciences,Male,1,Sales Executive,Married,1.0,12,3,11.0,5,11,3,10,4.0,1.0,1.0,1,3,503553600,36,6.792666201766621,22,10.006381915388193
40,0,Travel_Frequently,Research & Development,4,Medical,Male,4,Human Resources,Single,9.0,11,0,20.0,0,18,2,13,2.0,3.0,2.0,1,3,5769921600,4,6.714373219373219,27,10.008867521367522
42,1,Travel_Frequently,Sales,4,Life Sciences,Male,1,Laboratory Technician,Single,0.0,16,0,22.0,3,21,13,14,3.0,1.0,2.0,1,3,522122500,4,8.01858706108706,30,9.98453342953343
42,0,Travel_Rarely,Research & Development,2,Life Sciences,Male,4,Laboratory Technician,Single,7.0,21,1,9.0,3,6,1,5,2.0,1.0,4.0,2,4,920515600,1,7.694989177489178,30,10.013558201058203
35,0,Travel_Rarely,Research & Development,3,Medical,Male,1,Healthcare Representative,Married,6.0,24,2,10.0,0,8,1,7,4.0,3.0,3.0,3,4,3266122500,25,7.065130934899657,34,10.003296622613805
24,0,Travel_Rarely,Sales,4,Life Sciences,Female,1,Laboratory Technician,Single,8.0,17,3,6.0,3,4,1,2,4.0,2.0,3.0,3,3,663577600,49,7.90828216374269,33,10.005476364522417
28,1,Travel_Rarely,Research & Development,4,Life Sciences,Male,2,Sales Executive,Married,1.0,13,0,1.0,3,1,0,0,3.0,4.0,2.0,1,3,1761480900,225,10.291057422969187,23,10.011534780578899
26,0,Travel_Rarely,Research & Development,4,Life Sciences,Male,2,Sales Representative,Married,1.0,21,1,8.0,3,8,0,7,1.0,4.0,3.0,3,4,20552089600,1,7.521268861454047,18,9.9904561042524
40,0,Travel_Frequently,Research & Development,4,Life Sciences,Male,2,Research Scientist,Married,3.0,20,3,16.0,2,1,0,0,3.0,4.0,1.0,3,4,37659283600,676,10.515668510834487,20,9.99608805901337
35,0,Travel_Rarely,Research & Development,5,Medical,Female,2,Research Scientist,Divorced,2.0,16,1,15.0,3,7,6,4,3.0,2.0,4.0,3,3,4274544400,324,6.89815166432255,24,10.002361697140177
34,0,Travel_Frequently,Research & Development,2,Life Sciences,Male,1,Research Director,Single,0.0,11,0,14.0,2,13,4,9,4.0,1.0,3.0,3,3,1854163600,36,7.492503429355281,18,10.075325788751714
35,0,Travel_Frequently,Research & Development,3,Medical,Female,2,Laboratory Technician,Married,1.0,11,1,2.0,2,2,2,2,4.0,4.0,4.0,3,3,509856400,9,7.986484953703704,21,10.026188657407408
43,1,Travel_Rarely,Sales,3,Marketing,Female,3,Research Scientist,Single,8.0,15,1,7.0,3,4,1,3,1.0,3.0,2.0,3,3,2044848400,25,7.510137741046832,19,10.016681588613405
32,0,Non-Travel,Research & Development,2,Other,Female,2,Research Scientist,Divorced,1.0,11,0,1.0,5,1,0,0,3.0,1.0,3.0,2,3,2013316900,121,6.5948269980506815,33,9.99291179337232
56,0,Travel_Rarely,Research & Development,2,Other,Male,2,Healthcare Representative,Divorced,4.0,15,0,28.0,3,5,4,2,4.0,1.0,3.0,1,3,1979360100,9,6.282283677482792,35,9.974875860373647
29,0,Travel_Rarely,Research & Development,1,Life Sciences,Male,1,Laboratory Technician,Married,1.0,24,1,10.0,1,10,0,8,2.0,4.0,3.0,3,4,491952400,676,7.468521241830065,23,10.000273109243697
19,0,Travel_Rarely,Research & Development,4,Life Sciences,Male,2,Laboratory Technician,Single,1.0,12,0,1.0,2,1,0,0,3.0,1.0,3.0,3,3,36852480900,529,7.285244072524407,22,10.02384239888424
45,0,Travel_Rarely,Research & Development,3,Life Sciences,Female,2,Sales Representative,Married,4.0,13,0,7.0,4,3,0,2,1.0,3.0,2.0,3,3,17455694400,484,8.797695810564663,17,9.994491120218578
37,0,Travel_Rarely,Research & Development,4,Life Sciences,Male,3,Research Scientist,Married,1.0,13,0,14.0,1,14,3,11,4.0,4.0,2.0,1,3,4325692900,196,6.775005715592135,18,10.028959762231366
20,0,Travel_Rarely,Research & Development,3,Medical,Male,5,Research Director,Single,1.0,17,0,2.0,5,2,1,2,1.0,3.0,2.0,3,3,7042566400,36,6.699550094966762,27,10.004493114909781
44,1,Travel_Rarely,Human Resources,2,Human Resources,Male,3,Sales Executive,Single,1.0,13,1,6.0,2,6,0,2,3.0,3.0,3.0,1,3,2077536400,36,10.402478354978355,30,10.019217171717171
53,0,Travel_Rarely,Research & Development,4,Life Sciences,Male,1,Research Director,Divorced,3.0,12,1,26.0,3,7,4,7,4.0,3.0,3.0,2,3,1624896100,36,5.996221993598536,18,9.992945816186557
29,0,Travel_Rarely,Research & Development,3,Medical,Male,1,Sales Executive,Married,0.0,14,0,6.0,3,5,1,3,2.0,4.0,2.0,3,3,6350496100,529,8.894559306141584,24,9.98425105485232
22,1,Travel_Frequently,Research & Development,4,Medical,Male,1,Sales Representative,Married,0.0,24,0,1.0,5,0,0,0,3.0,4.0,3.0,2,4,704371600,484,9.878622831692452,24,9.983919362400375
46,0,Travel_Rarely,Research & Development,3,Life Sciences,Male,2,Research Scientist,Married,8.0,14,2,28.0,4,26,15,9,3.0,1.0,3.0,3,3,27406802500,4,5.993167372881356,25,10.03690324858757
44,0,Non-Travel,Research & Development,3,Life Sciences,Male,1,Sales Representative,Single,2.0,13,0,6.0,4,0,0,0,4.0,3.0,3.0,3,3,2075713600,400,6.1708656609195405,29,9.991992337164751
33,0,Travel_Rarely,Research & Development,4,Life Sciences,Female,1,Manager,Married,1.0,15,0,5.0,6,5,1,4,2.0,3.0,3.0,1,3,3710028100,784,7.820513361462728,24,10.009345991561181
41,1,Non-Travel,Research & Development,3,Life Sciences,Male,2,Sales Representative,Divorced,6.0,16,0,5.0,2,1,0,0,1.0,1.0,1.0,4,3,38282835600,144,7.181788194444445,21,9.980761574074075
30,0,Travel_Rarely,Sales,3,Marketing,Male,3,Sales Executive,Divorced,8.0,18,0,8.0,3,4,0,3,3.0,1.0,3.0,2,3,2313610000,400,7.494121557454891,27,10.018937559354224
40,0,Travel_Frequently,Sales,3,Medical,Male,1,Manufacturing Director,Married,5.0,16,1,5.0,5,0,0,0,2.0,2.0,3.0,4,3,2045752900,81,6.791671583087512,35,9.994287118977384
28,0,Travel_Rarely,Research & Development,3,Technical Degree,Male,2,Research Scientist,Married,1.0,16,0,6.0,4,6,3,3,4.0,1.0,3.0,3,3,552720100,36,7.196454031465094,35,10.015596116027533
46,0,Travel_Rarely,Research & Development,4,Other,Male,3,Manager,Married,5.0,21,0,25.0,2,4,0,3,4.0,2.0,3.0,3,4,289680400,64,7.289913267698078,24,9.993867791842474
35,0,Travel_Rarely,Sales,4,Marketing,Male,1,Laboratory Technician,Married,3.0,20,1,15.0,3,7,1,7,3.0,1.0,3.0,2,4,32547768100,16,8.498400423728814,25,9.997501177024482
24,1,Travel_Rarely,Human Resources,4,Human Resources,Male,3,Manufacturing Director,Married,1.0,19,1,1.0,5,1,0,0,4.0,2.0,1.0,3,3,832899600,784,6.56247552618698,34,9.990894517865884
33,0,Travel_Frequently,Research & Development,2,Medical,Female,1,Sales Executive,Married,1.0,14,2,10.0,5,10,0,1,2.0,3.0,2.0,2,3,439740900,81,6.017825712881023,35,9.984441986234021
36,0,Travel_Rarely,Research & Development,2,Medical,Male,2,Sales Executive,Divorced,1.0,11,3,7.0,6,7,1,7,3.0,3.0,3.0,4,3,14244422500,81,6.583521348859777,32,10.020913391557496
30,0,Travel_Rarely,Sales,3,Marketing,Male,1,Sales Executive,Divorced,1.0,14,1,10.0,2,10,8,9,3.0,3.0,2.0,3,3,648211600,841,6.008942837465565,19,9.961817033976125
44,0,Travel_Rarely,Research & Development,4,Medical,Male,2,Research Scientist,Single,1.0,12,3,20.0,3,20,13,17,4.0,4.0,3.0,1,3,657409600,9,7.590850914205345,24,9.984906235349273
20,0,Travel_Rarely,Research & Development,4,Medical,Male,1,Human Resources,Single,1.0,13,0,2.0,2,2,2,2,3.0,4.0,3.0,2,3,7076174400,324,6.2810387488328665,23,10.00234360410831
46,0,Travel_Rarely,Sales,1,Medical,Female,1,Sales Executive,Divorced,2.0,22,0,12.0,3,6,1,4,4.0,4.0,2.0,3,4,19931792400,81,6.215752415458937,31,9.984980676328503
42,0,Non-Travel,Research & Development,4,Medical,Male,5,Sales Executive,Married,7.0,11,0,10.0,3,4,0,3,4.0,1.0,4.0,2,3,29056611600,25,7.501866898148148,21,10.024181712962964
60,0,Travel_Rarely,Sales,2,Life Sciences,Male,2,Sales Executive,Divorced,0.0,14,1,12.0,3,11,1,9,2.0,4.0,3.0,3,3,657409600,4,8.617627847512784,22,10.002942817294281
32,0,Travel_Frequently,Sales,3,Life Sciences,Female,1,Sales Executive,Married,1.0,11,0,2.0,3,2,2,2,3.0,2.0,3.0,3,3,10539075600,100,7.2657635933806155,26,10.016535460992907
32,0,Travel_Frequently,Research & Development,3,Life Sciences,Female,2,Research Scientist,Single,4.0,12,1,10.0,6,8,0,7,4.0,3.0,3.0,3,3,2570490000,81,8.39286799620133,27,9.99656576448243
36,0,Travel_Rarely,Sales,2,Marketing,Male,4,Healthcare Representative,Divorced,2.0,18,0,17.0,2,7,7,7,3.0,1.0,3.0,2,3,31901532100,9,8.036303688141924,23,10.034809757236228
33,0,Travel_Rarely,Sales,2,Marketing,Male,1,Research Scientist,Married,0.0,12,0,15.0,0,14,4,10,1.0,4.0,3.0,3,3,1789290000,676,6.055536562203229,27,10.015902184235516
40,0,Travel_Rarely,Research & Development,3,Medical,Female,2,Research Scientist,Divorced,7.0,12,0,7.0,2,5,1,3,2.0,2.0,4.0,1,3,1428840000,1,7.291101449275362,31,10.030864734299517
25,0,Travel_Rarely,Research & Development,2,Medical,Female,1,Laboratory Technician,Single,0.0,22,1,5.0,0,4,1,1,3.0,4.0,3.0,3,4,766182400,36,8.014339708561021,17,10.007686703096539
30,0,Travel_Rarely,Sales,3,Marketing,Female,1,Research Scientist,Married,0.0,19,1,12.0,2,11,5,7,4.0,2.0,3.0,2,3,8228304100,81,9.183357843137255,23,9.9949766573296
42,0,Travel_Frequently,Human Resources,2,Medical,Male,1,Sales Executive,Married,3.0,13,1,20.0,1,1,0,0,1.0,1.0,3.0,3,3,11337990400,64,9.52881179138322,16,9.970061224489797
35,0,Non-Travel,Research & Development,1,Life Sciences,Male,2,Sales Executive,Married,4.0,22,2,16.0,4,13,4,12,3.0,4.0,2.0,2,4,18523210000,1,9.807640027322403,17,10.004964708561019
27,0,Travel_Rarely,Research & Development,3,Life Sciences,Male,3,Manufacturing Director,Married,1.0,24,0,9.0,2,9,6,8,1.0,1.0,2.0,3,4,1161446400,49,9.17621483071054,28,9.99050309966619
54,0,Travel_Frequently,Research & Development,2,Medical,Male,2,Sales Representative,Divorced,7.0,14,1,33.0,2,5,1,4,4.0,3.0,1.0,2,3,889828900,81,6.31840539284054,22,10.004253835425384
44,0,Travel_Rarely,Human Resources,4,Life Sciences,Male,5,Laboratory Technician,Married,1.0,21,0,10.0,3,10,7,7,1.0,4.0,3.0,3,4,5824742400,16,6.005806030389364,27,10.024250949667618
19,1,Non-Travel,Sales,2,Other,Male,3,Healthcare Representative,Single,1.0,18,0,1.0,2,1,0,0,1.0,2.0,4.0,3,3,9651097600,4,8.388885357815443,25,9.99544138418079
29,0,Travel_Rarely,Research & Development,4,Life Sciences,Male,1,Manufacturing Director,Divorced,1.0,20,0,3.0,3,3,1,2,1.0,4.0,3.0,3,4,9900250000,361,7.376378019323671,31,9.989335748792271
54,0,Travel_Rarely,Research & Development,4,Life Sciences,Male,2,Sales Executive,Married,3.0,19,0,36.0,2,10,0,9,4.0,4.0,3.0,3,3,438064900,81,7.671983151183971,17,10.013967440801457
31,0,Travel_Rarely,Research & Development,3,Life Sciences,Male,2,Laboratory Technician,Married,1.0,12,0,6.0,1,6,0,1,3.0,1.0,2.0,3,3,9960040000,441,8.591818287037038,21,9.988288194444445
31,0,Travel_Rarely,Sales,1,Marketing,Female,1,Sales Executive,Single,1.0,12,0,10.0,3,10,1,8,3.0,1.0,3.0,4,3,1516323600,576,7.271392419962335,25,10.015612052730697
59,0,Travel_Rarely,Research & Development,4,Technical Degree,Male,1,Research Scientist,Single,5.0,16,3,13.0,3,6,0,5,3.0,4.0,3.0,3,3,1641060100,9,7.370457175925925,21,10.02055787037037
43,0,Travel_Rarely,Research & Development,2,Life Sciences,Male,3,Laboratory Technician,Married,3.0,17,1,25.0,3,8,0,7,3.0,4.0,3.0,3,3,28341722500,121,6.5930100373482725,23,9.996373716153128
49,0,Travel_Rarely,Sales,4,Life Sciences,Male,2,Research Scientist,Married,2.0,14,0,23.0,2,1,0,0,1.0,3.0,4.0,2,3,3881290000,196,6.701772197962154,32,9.986426491994177
36,0,Travel_Frequently,Sales,2,Marketing,Female,1,Laboratory Technician,Married,1.0,19,1,12.0,3,11,0,7,3.0,2.0,2.0,3,3,2225008900,25,6.086726108824874,18,10.017929812528578
48,0,Travel_Rarely,Research & Development,4,Life Sciences,Female,2,Laboratory Technician,Single,5.0,13,1,7.0,2,1,0,0,4.0,2.0,2.0,4,3,17521816900,1,6.085262855831037,19,9.99708448117539
27,0,Travel_Rarely,Research & Development,4,Life Sciences,Male,2,Laboratory Technician,Divorced,1.0,19,0,5.0,2,5,0,3,1.0,3.0,3.0,3,3,1410002500,36,7.984060846560848,30,9.957929292929293
29,0,Travel_Rarely,Sales,4,Medical,Male,1,Laboratory Technician,Divorced,1.0,19,1,6.0,3,6,1,0,3.0,4.0,3.0,3,3,4332272400,289,8.795437641723357,16,9.997478458049885
48,0,Travel_Rarely,Sales,1,Marketing,Male,2,Manufacturing Director,Single,6.0,14,2,25.0,2,1,0,0,4.0,4.0,4.0,3,3,5484883600,1,6.1804967727063165,20,9.980818349469802
34,0,Travel_Rarely,Sales,4,Medical,Female,2,Laboratory Technician,Married,0.0,15,1,2.0,3,1,0,0,3.0,3.0,2.0,3,3,751308100,81,5.984335901027078,23,10.021535947712419
44,0,Travel_Rarely,Research & Development,3,Life Sciences,Female,1,Laboratory Technician,Married,7.0,18,0,26.0,2,22,3,10,2.0,2.0,3.0,3,3,1816464400,16,7.0229673342870775,28,10.014407486886029
33,0,Travel_Rarely,Research & Development,2,Life Sciences,Female,2,Research Scientist,Divorced,0.0,13,1,10.0,2,9,0,8,4.0,3.0,3.0,4,3,26192185600,64,11.030960351377018,27,10.009151234567902
19,0,Travel_Rarely,Sales,4,Marketing,Male,3,Laboratory Technician,Single,1.0,22,0,1.0,0,1,0,1,2.0,4.0,3.0,3,4,13356424900,4,10.783780400572246,28,10.01833571769194
23,0,Travel_Rarely,Sales,3,Medical,Male,3,Laboratory Technician,Married,1.0,13,1,1.0,2,1,0,1,4.0,3.0,3.0,3,3,352688400,4,7.485170093000489,34,9.968398188937837
25,1,Travel_Frequently,Research & Development,1,Life Sciences,Male,1,Manufacturing Director,Single,1.0,11,1,1.0,3,1,1,0,3.0,4.0,3.0,3,3,11950862400,1,9.204768897996358,17,10.018904826958106
26,0,Travel_Rarely,Human Resources,3,Life Sciences,Male,2,Research Scientist,Single,1.0,11,1,8.0,4,8,2,2,3.0,4.0,2.0,3,3,4638972100,81,8.687972789115648,16,10.029482993197279
45,1,Travel_Rarely,Human Resources,3,Human Resources,Male,2,Laboratory Technician,Single,2.0,11,2,26.0,3,24,1,11,1.0,2.0,3.0,3,3,1854163600,144,9.878690476190476,30,9.99467772967773
55,0,Non-Travel,Research & Development,3,Life Sciences,Female,2,Manager,Divorced,1.0,24,1,34.0,3,33,15,0,4.0,2.0,3.0,4,4,2360988100,729,9.622883101851851,21,9.986664351851852
21,1,Travel_Frequently,Research & Development,2,Medical,Female,4,Research Scientist,Single,1.0,14,1,2.0,2,2,2,2,1.0,3.0,1.0,3,3,2848356900,400,7.5946807284462885,20,10.011241355463348
46,0,Travel_Rarely,Research & Development,4,Life Sciences,Male,1,Manufacturing Director,Married,2.0,13,1,26.0,2,11,0,8,4.0,2.0,3.0,1,3,547560000,1,6.90110177404295,23,10.028564425770307
34,0,Travel_Rarely,Sales,4,Medical,Male,3,Sales Representative,Single,0.0,14,1,4.0,3,3,0,2,3.0,1.0,3.0,2,3,5611508100,169,8.918751157407408,21,10.035149305555555
51,0,Travel_Frequently,Research & Development,3,Life Sciences,Male,2,Research Director,Divorced,4.0,14,0,31.0,3,29,11,10,4.0,2.0,2.0,3,3,11081772900,196,10.986178861788618,15,10.014074074074074
59,0,Travel_Rarely,Research & Development,2,Life Sciences,Male,2,Research Scientist,Single,6.0,21,1,25.0,2,9,5,4,4.0,4.0,2.0,3,4,27539402500,16,6.592285137701804,27,9.993380816714149
34,0,Travel_Frequently,Sales,4,Medical,Female,3,Research Scientist,Divorced,4.0,13,1,15.0,1,11,5,10,3.0,2.0,4.0,3,3,7803955600,196,6.795719907407407,21,10.00509375
28,0,Travel_Frequently,Research & Development,3,Other,Female,1,Manager,Single,0.0,19,0,5.0,3,4,0,2,4.0,3.0,2.0,3,3,3110292900,4,10.374410628019323,31,9.983538647342996
44,0,Travel_Rarely,Research & Development,4,Life Sciences,Male,2,Research Scientist,Divorced,1.0,17,0,26.0,4,25,14,13,3.0,1.0,2.0,1,3,2215584900,9,7.808195035460994,26,10.023486997635933
34,0,Travel_Frequently,Sales,3,Life Sciences,Male,2,Sales Executive,Married,4.0,18,1,14.0,3,10,1,8,3.0,2.0,4.0,3,3,576000000,1,7.497001182033097,26,10.01691607565012
35,0,Travel_Rarely,Research & Development,3,Life Sciences,Male,4,Healthcare Representative,Married,0.0,19,0,4.0,2,3,2,2,3.0,3.0,3.0,3,3,9651097600,81,10.482086720867208,15,9.975636856368565
42,0,Travel_Rarely,Research & Development,4,Life Sciences,Female,1,Manager,Married,6.0,13,0,18.0,3,1,0,0,2.0,2.0,3.0,3,3,4156380900,529,9.421422127255461,27,10.009650997150997
43,0,Travel_Rarely,Research & Development,2,Medical,Female,1,Laboratory Technician,Single,3.0,18,2,23.0,3,21,15,17,4.0,4.0,4.0,4,3,38032800400,49,6.4132996632996635,30,9.990669793169793
36,0,Travel_Rarely,Research & Development,4,Medical,Male,1,Healthcare Representative,Single,9.0,21,1,18.0,4,16,5,12,3.0,2.0,3.0,2,4,742562500,4,10.608310841205578,14,10.005751237067026
44,1,Travel_Rarely,Research & Development,4,Life Sciences,Female,2,Laboratory Technician,Married,1.0,19,1,10.0,3,10,0,5,1.0,4.0,3.0,3,3,3933798400,441,5.981031411157994,24,10.006425222691046
28,0,Travel_Frequently,Research & Development,3,Life Sciences,Female,2,Sales Representative,Married,1.0,14,0,2.0,3,2,2,2,4.0,4.0,3.0,3,3,452412900,4,9.709561781609196,29,10.00028615900383
51,0,Travel_Frequently,Sales,4,Medical,Male,2,Research Scientist,Single,0.0,17,0,8.0,3,7,7,7,2.0,3.0,2.0,3,3,33124000000,441,6.9883248423095585,32,10.018218098010674
30,0,Non-Travel,Research & Development,4,Other,Male,1,Research Scientist,Single,7.0,11,3,10.0,2,8,1,7,3.0,3.0,3.0,3,3,439321600,4,9.513817167577413,17,10.008871812386158
29,1,Travel_Rarely,Research & Development,4,Technical Degree,Female,1,Sales Representative,Divorced,3.0,13,0,10.0,4,7,7,7,2.0,3.0,3.0,3,3,832899600,841,8.406775878442547,27,10.00704297245964
28,0,Travel_Rarely,Sales,4,Life Sciences,Female,2,Sales Representative,Single,2.0,15,1,5.0,5,3,1,2,4.0,1.0,2.0,3,3,413308900,1,6.7996697663328565,28,9.959712684787792
25,0,Travel_Rarely,Research & Development,2,Life Sciences,Male,1,Research Scientist,Single,1.0,25,0,2.0,0,2,2,1,4.0,2.0,2.0,3,4,1311888400,324,7.983291427203065,29,9.979644396551725
32,0,Travel_Rarely,Research & Development,4,Other,Female,1,Sales Executive,Married,1.0,11,0,10.0,5,10,0,8,3.0,4.0,4.0,3,3,1791828900,100,6.805245961820852,34,10.010212922173274
39,0,Travel_Rarely,Sales,1,Marketing,Female,1,Laboratory Technician,Divorced,6.0,13,2,21.0,3,19,15,2,3.0,2.0,3.0,3,3,2981160000,841,8.390134335154828,17,9.957553506375227
58,0,Travel_Rarely,Research & Development,3,Other,Male,2,Laboratory Technician,Divorced,1.0,18,1,2.0,1,2,2,2,1.0,3.0,3.0,1,3,478296900,729,6.035505604288499,33,10.000818713450293
32,1,Travel_Rarely,Research & Development,3,Technical Degree,Female,1,Sales Executive,Married,1.0,13,1,10.0,3,10,1,1,4.0,3.0,3.0,3,3,9219840400,25,6.4912324929972,23,9.984544817927171
39,1,Travel_Rarely,Research & Development,2,Life Sciences,Male,2,Laboratory Technician,Single,0.0,20,0,6.0,3,5,0,3,3.0,1.0,3.0,2,4,804289600,324,7.722481634527089,19,9.976411845730027
30,0,Travel_Rarely,Sales,1,Marketing,Male,4,Research Director,Married,0.0,18,0,10.0,2,9,6,7,1.0,4.0,3.0,4,3,1671992100,81,6.226381856540084,24,9.977865682137834
36,0,Travel_Rarely,Sales,3,Marketing,Male,2,Sales Executive,Married,3.0,12,0,10.0,5,7,1,7,4.0,3.0,3.0,2,3,27645712900,1,6.7228310185185185,21,9.98164699074074
46,0,Travel_Rarely,Sales,3,Medical,Male,1,Research Scientist,Single,6.0,12,1,10.0,3,7,5,7,4.0,1.0,4.0,2,3,685916100,16,7.708216807909604,25,10.027643596986819
28,0,Non-Travel,Research & Development,3,Medical,Male,5,Sales Executive,Married,0.0,13,0,10.0,2,9,7,5,3.0,4.0,3.0,2,3,3225104100,1,8.013723628691983,24,10.025342240975153
50,0,Travel_Rarely,Research & Development,2,Medical,Female,5,Laboratory Technician,Married,4.0,21,0,25.0,3,3,1,2,4.0,1.0,3.0,2,4,23722160400,400,10.404741297091082,28,10.010926323319028
40,1,Travel_Rarely,Sales,1,Other,Male,1,Laboratory Technician,Single,2.0,13,3,9.0,1,5,1,0,4.0,2.0,3.0,2,3,3582022500,64,9.801315667131567,22,10.004643189214319
52,1,Travel_Rarely,Research & Development,2,Technical Degree,Male,3,Laboratory Technician,Single,9.0,19,1,10.0,1,8,7,7,2.0,2.0,2.0,3,3,665124100,9,9.974500466853408,23,10.005547385620915
30,0,Travel_Rarely,Research & Development,4,Medical,Female,1,Sales Executive,Married,1.0,11,1,9.0,2,9,0,8,2.0,1.0,3.0,2,3,924768100,36,10.40651183970856,17,10.015623861566485
39,0,Travel_Rarely,Research & Development,1,Medical,Male,2,Healthcare Representative,Single,0.0,14,0,9.0,5,8,1,7,1.0,3.0,3.0,3,3,1188180900,676,6.005927823315118,17,9.971695127504553
31,0,Non-Travel,Research & Development,2,Medical,Male,1,Sales Executive,Divorced,1.0,12,1,10.0,1,10,9,6,4.0,3.0,2.0,2,3,38075716900,1,10.098737922705315,31,10.026920289855074
41,0,Non-Travel,Sales,3,Life Sciences,Female,1,Research Director,Single,1.0,11,0,19.0,3,19,11,9,3.0,2.0,3.0,3,3,768952900,36,7.825096982758621,29,10.014294779693486
31,1,Travel_Frequently,Research & Development,1,Life Sciences,Male,1,Sales Executive,Single,1.0,14,1,3.0,3,3,2,2,4.0,2.0,4.0,3,3,5046681600,9,9.078821513002366,26,10.00542671394799
44,1,Travel_Rarely,Sales,3,Life Sciences,Male,1,Laboratory Technician,Married,4.0,11,1,10.0,2,3,1,2,1.0,1.0,4.0,3,3,3996768400,25,5.984569383794274,32,10.038282387190684
42,0,Non-Travel,Research & Development,3,Life Sciences,Male,2,Laboratory Technician,Married,0.0,12,2,21.0,3,20,2,10,3.0,3.0,2.0,2,3,433888900,16,9.682367503486752,22,9.984117852161784
55,0,Travel_Rarely,Sales,3,Technical Degree,Male,2,Manufacturing Director,Married,4.0,15,1,23.0,3,19,9,11,4.0,3.0,3.0,3,3,7024116100,121,6.600917397660819,33,10.016697124756336
56,0,Travel_Rarely,Sales,2,Medical,Female,3,Manufacturing Director,Single,6.0,16,1,36.0,6,7,7,7,4.0,2.0,3.0,3,3,724148100,9,8.004705459770115,29,10.005621408045977
40,0,Non-Travel,Research & Development,1,Life Sciences,Male,1,Laboratory Technician,Divorced,9.0,15,0,6.0,6,4,0,0,3.0,3.0,3.0,3,3,1836979600,1,7.306210648148149,21,9.99183912037037
34,0,Travel_Rarely,Research & Development,2,Technical Degree,Male,2,Research Director,Divorced,0.0,24,3,10.0,2,9,1,6,4.0,4.0,2.0,3,4,707028100,9,7.377629009762901,22,10.014588563458856
40,0,Travel_Rarely,Sales,3,Medical,Male,2,Sales Executive,Single,1.0,13,1,9.0,3,9,8,8,3.0,4.0,3.0,2,3,8900035600,16,5.978105646630237,17,10.001739526411656
41,0,Travel_Frequently,Sales,4,Other,Female,2,Healthcare Representative,Divorced,0.0,11,0,10.0,2,9,1,7,3.0,1.0,3.0,2,3,3092472100,1,7.670687943262411,26,9.958243498817968
35,0,Travel_Frequently,Sales,2,Technical Degree,Male,2,Manager,Single,1.0,13,1,9.0,2,9,1,1,3.0,3.0,3.0,2,3,4416931600,1,9.504919278252613,27,10.002225783475783
51,0,Travel_Rarely,Sales,2,Life Sciences,Male,4,Manufacturing Director,Divorced,1.0,13,1,33.0,2,33,0,10,3.0,2.0,3.0,3,3,5967562500,324,9.523341503267975,23,10.015106209150327
38,0,Travel_Rarely,Sales,4,Life Sciences,Female,1,Research Scientist,Divorced,3.0,18,0,11.0,5,7,1,7,2.0,1.0,3.0,2,3,11502562500,4,6.590448898265354,24,10.011305672761369
34,0,Travel_Rarely,Sales,3,Life Sciences,Male,2,Research Scientist,Single,1.0,16,0,10.0,3,10,9,6,3.0,1.0,4.0,4,3,7826940900,16,7.251989325570111,32,10.00311863173217
25,0,Travel_Rarely,Research & Development,2,Medical,Female,4,Research Scientist,Married,3.0,19,0,7.0,3,3,1,2,4.0,4.0,2.0,3,3,418202500,36,6.313608663729809,34,9.981238374938815
58,1,Travel_Rarely,Sales,4,Technical Degree,Male,2,Sales Executive,Married,7.0,13,2,31.0,3,10,5,9,3.0,1.0,2.0,4,3,101808100,1,8.509759825327512,32,10.016744298884037
40,0,Travel_Rarely,Research & Development,4,Medical,Female,1,Research Scientist,Married,3.0,22,0,7.0,2,4,0,3,2.0,2.0,3.0,1,4,1120910400,196,6.106740984405459,33,9.996723927875244
36,0,Travel_Frequently,Sales,2,Life Sciences,Male,1,Research Scientist,Married,2.0,11,0,17.0,2,15,6,13,1.0,1.0,2.0,3,3,164096100,256,6.106379392212726,27,9.990103276353278
48,0,Travel_Rarely,Research & Development,1,Life Sciences,Male,2,Research Scientist,Single,1.0,20,0,11.0,2,10,0,8,4.0,4.0,3.0,2,4,794676100,4,7.624390495867768,19,9.986604683195592
27,0,Travel_Rarely,Research & Development,3,Life Sciences,Female,2,Laboratory Technician,Married,8.0,18,0,5.0,2,1,0,0,3.0,4.0,3.0,3,3,2353220100,4,7.117143189214319,22,9.996944444444445
51,0,Travel_Rarely,Research & Development,1,Medical,Female,3,Manufacturing Director,Single,3.0,14,0,29.0,3,5,0,3,4.0,2.0,2.0,3,3,1622478400,16,7.469346549192364,34,9.992438815467448
18,0,Non-Travel,Research & Development,4,Medical,Male,2,Sales Executive,Single,1.0,22,1,0.0,2,0,0,0,4.0,4.0,4.0,3,4,739840000,1,7.890327868852459,17,10.015190118397085
35,0,Travel_Rarely,Research & Development,4,Other,Female,2,Research Director,Married,0.0,13,0,10.0,2,9,0,0,4.0,4.0,3.0,2,3,6593440000,1,7.175936438622028,32,10.027458757884522
27,0,Travel_Frequently,Research & Development,4,Medical,Female,1,Research Director,Single,3.0,17,0,8.0,3,6,0,0,4.0,4.0,3.0,4,3,2159460900,676,7.3589580403188,24,10.026552977027661
55,1,Travel_Rarely,Research & Development,3,Technical Degree,Male,1,Human Resources,Single,6.0,14,3,24.0,0,19,3,8,1.0,3.0,2.0,4,3,2190240000,361,8.709841106538638,18,9.993074988568816
56,0,Travel_Rarely,Research & Development,4,Life Sciences,Male,2,Laboratory Technician,Married,4.0,15,2,33.0,2,19,15,9,4.0,2.0,3.0,3,3,1037484100,576,10.396509456264775,26,10.012962174940899
34,0,Non-Travel,Sales,2,Life Sciences,Male,2,Research Scientist,Divorced,1.0,17,1,5.0,1,5,0,0,1.0,3.0,3.0,3,3,7432164100,1,6.400724121557455,27,10.007689933523267
40,0,Travel_Rarely,Research & Development,3,Life Sciences,Male,2,Sales Executive,Divorced,5.0,11,1,15.0,3,12,11,8,2.0,3.0,3.0,2,3,2094892900,9,6.503203860640301,25,9.99255532015066
34,0,Travel_Rarely,Research & Development,3,Life Sciences,Male,1,Research Scientist,Married,4.0,18,1,10.0,2,8,7,7,2.0,3.0,3.0,4,3,2072980900,25,7.227850189933523,27,9.990493827160495
31,1,Travel_Frequently,Research & Development,2,Medical,Female,2,Manufacturing Director,Single,7.0,17,1,3.0,2,1,0,0,3.0,4.0,4.0,1,3,2911681600,4,7.686837068160598,23,9.96953898225957
35,1,Travel_Frequently,Research & Development,2,Medical,Male,1,Manufacturing Director,Married,0.0,13,0,5.0,2,4,3,2,4.0,3.0,2.0,3,3,4618561600,1,9.13640848317197,20,9.998092438911941
38,0,Travel_Frequently,Research & Development,3,Medical,Female,2,Sales Representative,Divorced,1.0,15,0,4.0,2,4,0,3,4.0,3.0,3.0,2,3,5814062500,49,6.3929461651917405,35,10.019014257620452
34,0,Travel_Rarely,Research & Development,4,Other,Female,2,Laboratory Technician,Single,1.0,24,0,14.0,4,14,4,11,3.0,4.0,4.0,3,4,5493774400,100,7.911889604196472,28,9.985882212684787
28,0,Travel_Rarely,Research & Development,3,Life Sciences,Female,2,Healthcare Representative,Married,1.0,12,0,5.0,2,5,0,4,3.0,1.0,3.0,3,3,12452328100,4,6.7222815764482435,27,9.999905033238367
31,1,Travel_Rarely,Research & Development,2,Life Sciences,Male,2,Sales Executive,Married,1.0,15,0,10.0,3,10,6,7,4.0,3.0,2.0,2,3,2460160000,225,10.895542770804276,22,9.987236169223618
39,0,Travel_Rarely,Research & Development,4,Technical Degree,Female,2,Healthcare Representative,Married,3.0,11,1,8.0,3,5,1,4,1.0,4.0,4.0,3,3,10972562500,289,10.252200854700854,14,9.97279689608637
51,0,Travel_Frequently,Research & Development,3,Medical,Male,2,Sales Executive,Married,2.0,11,1,14.0,2,4,3,2,2.0,2.0,3.0,2,3,21945459600,400,7.1118498301795245,32,10.002595827268316
41,0,Travel_Frequently,Research & Development,3,Life Sciences,Male,4,Sales Executive,Divorced,3.0,12,1,12.0,2,6,3,3,4.0,4.0,2.0,3,3,36637788100,1,10.68077731092437,23,9.987729925303455
37,0,Travel_Rarely,Research & Development,2,Medical,Female,1,Healthcare Representative,Married,7.0,15,0,8.0,3,6,1,3,3.0,3.0,3.0,4,3,2921402500,4,10.397079831932773,23,9.977696078431373
33,0,Travel_Frequently,Research & Development,3,Medical,Female,1,Sales Executive,Married,6.0,17,0,8.0,2,5,1,2,2.0,4.0,4.0,3,3,7731684900,4,7.779559027777778,21,10.013636574074074
32,0,Travel_Rarely,Research & Development,4,Medical,Male,5,Research Director,Married,0.0,12,1,4.0,3,3,1,2,3.0,2.0,2.0,3,3,36821772100,1,10.406151819923371,29,9.972708333333333
39,0,Non-Travel,Research & Development,2,Life Sciences,Male,2,Sales Executive,Married,3.0,15,0,13.0,3,6,0,5,3.0,3.0,3.0,3,3,1501562500,841,6.613607624360762,22,9.991534170153416
52,0,Travel_Frequently,Research & Development,1,Life Sciences,Male,2,Sales Executive,Married,2.0,14,0,24.0,2,5,0,2,4.0,3.0,2.0,3,3,13719436900,4,9.105581340834505,24,9.983130567276136
43,0,Travel_Rarely,Research & Development,2,Medical,Male,1,Laboratory Technician,Single,1.0,14,2,20.0,1,20,1,8,1.0,3.0,1.0,3,3,6179532100,4,9.720646591970121,23,9.963767507002801
27,0,Travel_Rarely,Research & Development,4,Life Sciences,Male,1,Human Resources,Married,1.0,16,2,6.0,2,6,4,4,4.0,4.0,3.0,3,3,1374926400,4,10.324486531986532,30,10.034284511784511
27,1,Travel_Rarely,Research & Development,5,Life Sciences,Female,1,Research Scientist,Single,1.0,18,1,8.0,3,8,7,7,4.0,3.0,3.0,4,3,18961290000,4,9.997716689718764,20,9.977117335177502
26,0,Travel_Rarely,Research & Development,2,Other,Male,3,Laboratory Technician,Single,0.0,20,1,5.0,2,4,1,1,1.0,4.0,3.0,3,4,2813241600,4,6.296890123456791,36,9.995034567901234
42,0,Travel_Rarely,Sales,3,Marketing,Female,3,Research Scientist,Married,0.0,13,1,21.0,3,20,0,9,3.0,1.0,3.0,3,3,698016400,529,6.075256680731364,24,9.993552508204408
52,0,Travel_Rarely,Research & Development,2,Life Sciences,Female,1,Healthcare Representative,Married,9.0,18,1,12.0,6,5,0,4,3.0,1.0,1.0,3,3,761208100,25,6.478247044917258,26,10.002216312056737
37,0,Travel_Rarely,Research & Development,5,Life Sciences,Male,2,Manager,Single,4.0,13,1,8.0,1,3,0,2,1.0,3.0,3.0,3,3,4629441600,400,7.522206521739131,31,10.016509661835748
35,0,Travel_Frequently,Research & Development,4,Medical,Female,2,Research Director,Single,2.0,15,1,10.0,2,2,2,2,3.0,4.0,3.0,3,3,3772416400,36,7.686039855072464,31,9.996393719806763
25,0,Travel_Rarely,Research & Development,4,Medical,Male,2,Sales Executive,Married,4.0,14,2,7.0,2,3,0,2,1.0,4.0,2.0,1,3,625000000,1,7.972668128654971,33,9.944390838206628
26,0,Travel_Rarely,Research & Development,4,Life Sciences,Male,1,Research Scientist,Single,0.0,22,0,8.0,2,7,0,7,3.0,1.0,3.0,2,4,4081932100,841,6.805875788452207,32,9.99085516739447
29,0,Travel_Rarely,Sales,3,Life Sciences,Male,1,Laboratory Technician,Single,1.0,12,0,10.0,5,10,0,9,2.0,1.0,2.0,2,3,12327660900,81,6.217927616413093,20,10.007349008759798
49,1,Travel_Frequently,Sales,5,Medical,Female,2,Healthcare Representative,Single,3.0,18,0,20.0,2,4,1,3,1.0,1.0,3.0,3,3,548496400,36,7.083067226890757,23,10.03108776844071
29,1,Travel_Frequently,Sales,2,Marketing,Female,2,Laboratory Technician,Single,0.0,15,1,9.0,2,8,7,7,3.0,4.0,3.0,3,3,4638972100,9,8.584576661814653,32,10.008218098010675
54,0,Travel_Rarely,Sales,3,Medical,Female,2,Manager,Single,6.0,18,2,29.0,2,20,12,7,4.0,4.0,2.0,2,3,527620900,1,6.19813768115942,31,10.008763285024155
58,0,Travel_Rarely,Sales,3,Life Sciences,Female,2,Laboratory Technician,Married,3.0,12,1,32.0,2,9,1,5,4.0,1.0,3.0,3,3,600250000,484,10.612399503161699,15,10.027186088527552
55,0,Travel_Rarely,Research & Development,3,Life Sciences,Female,3,Research Scientist,Divorced,2.0,16,1,31.0,3,7,0,0,2.0,4.0,4.0,3,3,2593864900,49,7.483309489747258,28,9.991453266571291
36,0,Travel_Rarely,Research & Development,3,Medical,Male,2,Sales Executive,Single,3.0,13,0,15.0,5,5,0,1,1.0,2.0,3.0,3,3,2818548100,1,9.401894586894588,27,9.999421889838557
31,1,Travel_Frequently,Sales,3,Life Sciences,Male,2,Manager,Single,1.0,19,0,1.0,3,1,0,0,2.0,3.0,3.0,3,3,934524900,16,7.30347337962963,21,9.975539351851852
30,0,Travel_Rarely,Sales,3,Life Sciences,Male,3,Sales Executive,Divorced,7.0,13,0,8.0,4,3,0,2,4.0,1.0,3.0,3,3,2622464100,9,7.538799319727891,16,9.997120181405897
31,0,Travel_Rarely,Research & Development,3,Medical,Male,1,Laboratory Technician,Single,3.0,12,1,9.0,3,3,1,0,1.0,2.0,4.0,3,3,28412473600,1,7.2914336158192095,25,10.012994350282485
34,0,Travel_Frequently,Sales,1,Marketing,Female,5,Manager,Divorced,5.0,11,0,10.0,3,4,1,3,4.0,1.0,3.0,4,3,721459600,4,7.603156676413255,33,10.002512183235867
31,1,Travel_Rarely,Sales,3,Technical Degree,Male,1,Research Scientist,Single,1.0,14,1,1.0,2,1,0,0,1.0,2.0,4.0,1,3,3819240000,400,8.038707264957266,27,10.00923551756885
27,0,Travel_Rarely,Human Resources,4,Medical,Male,4,Sales Executive,Married,0.0,16,0,6.0,3,5,1,4,2.0,1.0,4.0,3,3,4398342400,121,7.189699359853681,18,10.025138317329674
36,0,Travel_Rarely,Sales,3,Marketing,Male,2,Research Scientist,Single,1.0,12,2,10.0,2,10,1,8,1.0,4.0,2.0,2,3,1228502500,1,6.329309056956116,23,9.985553221288516
36,0,Travel_Rarely,Research & Development,3,Other,Female,3,Research Director,Married,4.0,14,1,11.0,3,3,0,2,3.0,1.0,2.0,3,3,4092160900,576,7.316132653061225,16,9.99428231292517
47,0,Travel_Rarely,Research & Development,4,Life Sciences,Female,2,Sales Executive,Married,7.0,14,2,17.0,0,6,1,2,1.0,4.0,2.0,3,3,3936307600,529,7.789321378340365,24,10.048438818565401
25,1,Travel_Rarely,Sales,4,Life Sciences,Male,2,Research Scientist,Married,3.0,19,0,6.0,3,3,2,2,1.0,1.0,3.0,2,3,39437988100,256,7.221421706516643,24,9.97831223628692
37,0,Non-Travel,Sales,4,Medical,Male,1,Healthcare Representative,Single,0.0,22,1,7.0,5,6,1,3,3.0,3.0,1.0,3,4,5756256900,64,7.603537195994278,28,10.000833333333333
56,0,Travel_Rarely,Research & Development,4,Other,Male,2,Sales Representative,Married,2.0,16,0,5.0,2,3,1,0,1.0,1.0,4.0,3,3,1813056400,100,6.623406369731801,29,10.077775383141763
47,0,Travel_Rarely,Research & Development,2,Medical,Male,2,Laboratory Technician,Married,3.0,11,1,26.0,3,20,5,6,1.0,3.0,4.0,3,3,1904449600,9,6.299673812816966,20,9.997574919317657
24,0,Travel_Rarely,Research & Development,1,Other,Male,1,Manufacturing Director,Married,1.0,15,1,5.0,5,5,0,3,4.0,3.0,3.0,3,3,1879222500,25,9.67537900188324,25,10.030154190207156
32,0,Travel_Rarely,Sales,3,Marketing,Male,1,Research Scientist,Married,4.0,14,1,7.0,2,4,0,3,4.0,4.0,2.0,3,3,2836627600,16,7.485165260196905,24,9.968116502578527
34,0,Travel_Rarely,Research & Development,2,Medical,Male,1,Sales Executive,Married,5.0,13,0,7.0,3,5,0,2,4.0,2.0,2.0,3,3,1075840000,81,6.1018795888399415,34,10.013991678903572
41,0,Travel_Rarely,Research & Development,3,Medical,Female,3,Sales Executive,Married,2.0,17,2,7.0,2,4,0,3,2.0,3.0,2.0,3,3,3008522500,676,10.499181527206218,18,9.986647233653407
40,0,Non-Travel,Sales,2,Life Sciences,Male,1,Sales Executive,Divorced,3.0,11,1,11.0,6,8,0,7,3.0,3.0,4.0,2,3,1885296400,9,6.390747584541063,31,10.01718961352657
31,0,Travel_Rarely,Research & Development,3,Medical,Male,2,Human Resources,Divorced,1.0,19,1,13.0,5,13,9,9,1.0,4.0,3.0,3,3,773952400,256,6.676340479483633,20,10.003152374366067
46,1,Travel_Rarely,Research & Development,1,Medical,Male,1,Manufacturing Director,Divorced,4.0,11,1,28.0,2,7,4,3,1.0,4.0,4.0,3,3,3576040000,324,6.667140522875817,23,10.002215219421101
39,1,Non-Travel,Research & Development,4,Medical,Male,2,Manufacturing Director,Single,2.0,15,2,11.0,1,1,0,0,1.0,1.0,4.0,2,3,1919316100,4,9.4125971650663,18,10.004038637402836
31,1,Travel_Frequently,Sales,3,Medical,Male,2,Sales Executive,Single,1.0,13,3,10.0,3,10,4,7,3.0,2.0,3.0,3,3,661518400,4,6.8077704997574,32,10.011689713731197
45,0,Travel_Rarely,Sales,2,Marketing,Male,1,Sales Executive,Divorced,2.0,14,0,24.0,1,7,0,7,2.0,1.0,3.0,3,3,1469188900,100,10.50107328605201,26,10.007581560283688
31,0,Travel_Rarely,Research & Development,4,Life Sciences,Male,3,Human Resources,Single,9.0,13,0,8.0,3,3,0,2,4.0,2.0,3.0,3,3,1801153600,256,6.649557522123893,35,10.000153638151426
31,1,Travel_Frequently,Research & Development,4,Life Sciences,Male,1,Laboratory Technician,Married,6.0,23,1,7.0,5,2,2,2,2.0,4.0,1.0,3,4,4225000000,49,10.30844421582076,18,10.018661408321902
45,0,Travel_Rarely,Research & Development,2,Life Sciences,Female,1,Research Scientist,Married,4.0,12,1,10.0,5,3,1,2,2.0,4.0,4.0,3,3,33966490000,1,10.611550332383665,27,9.991894586894588
48,0,Travel_Rarely,Research & Development,3,Technical Degree,Male,2,Research Scientist,Divorced,4.0,12,0,15.0,3,2,2,2,3.0,1.0,3.0,3,3,256320100,576,7.119044917257683,26,9.9937695035461
34,1,Travel_Rarely,Research & Development,4,Medical,Male,2,Research Scientist,Married,1.0,16,1,2.0,3,2,2,2,1.0,3.0,3.0,3,3,725763600,49,7.405662393162393,27,10.001811490978158
40,0,Non-Travel,Research & Development,4,Other,Female,1,Sales Executive,Divorced,2.0,15,1,16.0,1,9,4,8,4.0,2.0,3.0,2,3,991620100,625,8.033875114784205,19,9.999516758494032
28,0,Travel_Rarely,Research & Development,2,Technical Degree,Female,1,Research Scientist,Single,0.0,13,1,6.0,0,5,1,3,4.0,1.0,3.0,3,3,31113432100,1,6.488941344778255,28,9.995857176919408
44,0,Non-Travel,Research & Development,3,Life Sciences,Male,1,Laboratory Technician,Single,3.0,18,0,7.0,4,5,0,3,3.0,3.0,3.0,2,3,537776100,25,6.603619565217391,31,9.977294685990337
53,0,Travel_Rarely,Research & Development,4,Technical Degree,Male,2,Manager,Single,4.0,20,0,35.0,2,9,8,8,4.0,2.0,2.0,3,4,13667948100,4,6.909737654320987,27,10.023818850902183
49,0,Travel_Rarely,Research & Development,3,Life Sciences,Male,3,Laboratory Technician,Married,2.0,19,0,20.0,2,3,1,2,1.0,3.0,2.0,1,3,2834497600,49,6.783873905025358,20,10.022860765329645
40,0,Travel_Rarely,Research & Development,4,Life Sciences,Male,3,Laboratory Technician,Divorced,2.0,18,1,8.0,3,3,1,2,3.0,3.0,4.0,3,3,28062950400,4,6.513810185185185,21,10.005387731481482
44,0,Travel_Rarely,Research & Development,1,Other,Male,3,Research Scientist,Single,1.0,13,0,6.0,2,5,1,3,4.0,2.0,2.0,4,3,2733198400,25,6.923727231329691,17,9.994199681238616
33,0,Travel_Frequently,Human Resources,3,Medical,Female,2,Sales Executive,Married,0.0,14,3,5.0,2,4,0,3,4.0,1.0,3.0,3,3,729000000,100,7.28843487394958,23,9.968014705882352
34,0,Travel_Rarely,Research & Development,4,Life Sciences,Female,1,Sales Representative,Single,3.0,15,1,15.0,5,13,3,12,4.0,1.0,3.0,3,3,37040851600,100,6.880241290018832,25,9.991342984934086
30,0,Travel_Rarely,Sales,2,Technical Degree,Male,1,Laboratory Technician,Married,8.0,22,0,4.0,3,2,2,2,4.0,3.0,2.0,3,4,628003600,1,6.058786610878661,22,10.015270804277081
42,0,Travel_Frequently,Research & Development,4,Medical,Female,1,Sales Executive,Single,1.0,22,2,12.0,2,12,5,8,1.0,4.0,3.0,3,4,3674784400,64,7.300039158100832,34,9.996424375917769
44,0,Travel_Frequently,Research & Development,3,Life Sciences,Female,5,Manufacturing Director,Married,7.0,16,2,11.0,2,1,0,0,1.0,3.0,2.0,3,3,1920192400,25,7.579750712250712,27,9.981634615384616
30,0,Non-Travel,Research & Development,3,Life Sciences,Male,1,Manufacturing Director,Divorced,1.0,17,1,1.0,2,1,0,0,3.0,3.0,2.0,3,3,459244900,64,6.094781400966184,31,9.97088768115942
57,0,Travel_Rarely,Sales,1,Life Sciences,Male,3,Research Scientist,Married,0.0,14,0,13.0,5,12,2,8,2.0,3.0,2.0,2,3,3797024400,4,7.580286231884059,31,10.010950483091786
49,0,Travel_Rarely,Research & Development,3,Technical Degree,Female,2,Sales Executive,Divorced,3.0,15,0,29.0,5,8,0,7,3.0,2.0,3.0,3,3,2594883600,49,6.893671139359698,25,10.011672551789077
34,0,Travel_Frequently,Research & Development,4,Medical,Female,2,Sales Representative,Divorced,7.0,20,0,16.0,3,14,6,9,2.0,1.0,2.0,3,4,4729312900,4,6.305397865114022,32,9.98992236778263
28,1,Travel_Frequently,Research & Development,3,Medical,Male,1,Research Scientist,Married,3.0,20,1,5.0,5,3,1,2,1.0,3.0,4.0,3,4,517107600,4,6.538028233151183,17,9.999376138433515
34,1,Travel_Rarely,Research & Development,1,Medical,Male,1,Research Scientist,Single,0.0,15,1,16.0,2,15,10,10,1.0,2.0,4.0,3,3,3953894400,49,8.512823691460056,19,9.977482782369146
35,0,Travel_Rarely,Sales,4,Other,Female,4,Healthcare Representative,Married,1.0,14,1,1.0,4,1,0,0,4.0,3.0,3.0,2,3,651780900,49,6.602291972589329,34,10.02397454723446
24,1,Travel_Frequently,Sales,3,Life Sciences,Male,2,Research Scientist,Single,2.0,17,1,4.0,3,0,0,0,2.0,1.0,2.0,2,3,5858371600,9,8.521810920362423,28,9.99069027181688
24,0,Non-Travel,Research & Development,3,Life Sciences,Female,2,Manager,Married,1.0,17,1,1.0,3,1,0,0,4.0,2.0,3.0,1,3,2662560000,100,7.350506741050674,22,9.98795560204556
44,0,Travel_Frequently,Research & Development,2,Medical,Female,2,Research Scientist,Single,5.0,22,1,16.0,1,2,2,2,2.0,3.0,2.0,2,4,29443128100,25,10.292641746684955,18,9.992618884316414
29,0,Travel_Rarely,Sales,2,Life Sciences,Female,1,Sales Executive,Divorced,1.0,13,0,10.0,6,10,0,4,3.0,3.0,3.0,3,3,16404486400,100,7.0301909007773205,18,10.035711019661637
30,0,Travel_Rarely,Research & Development,2,Life Sciences,Male,3,Sales Executive,Divorced,0.0,19,1,6.0,2,5,1,3,3.0,3.0,4.0,3,3,10446884100,1,6.101496786042241,19,10.000174471992654
55,0,Travel_Rarely,Sales,3,Marketing,Male,2,Research Scientist,Married,0.0,14,1,4.0,6,3,1,2,4.0,3.0,3.0,3,3,2283884100,400,10.69115721040189,26,10.007968085106384
33,0,Travel_Rarely,Research & Development,2,Life Sciences,Male,2,Research Scientist,Married,8.0,22,2,8.0,2,5,0,2,1.0,2.0,3.0,3,4,1396516900,49,7.8985393897996365,17,9.99819330601093
47,0,Travel_Rarely,Research & Development,4,Medical,Female,2,Sales Representative,Married,3.0,17,0,11.0,5,5,1,2,3.0,3.0,2.0,2,3,559795600,64,10.849712962962963,21,10.001189814814815
28,1,Travel_Frequently,Sales,3,Marketing,Male,2,Laboratory Technician,Single,7.0,12,0,8.0,3,0,0,0,3.0,1.0,2.0,3,3,291043600,1,7.588862704918032,17,10.00554189435337
28,0,Travel_Rarely,Sales,4,Marketing,Male,1,Laboratory Technician,Divorced,1.0,16,0,1.0,3,1,0,0,1.0,3.0,1.0,2,3,26591824900,64,6.122644675925926,21,10.02097800925926
28,0,Travel_Frequently,Research & Development,3,Life Sciences,Female,2,Sales Executive,Single,0.0,11,0,5.0,3,4,1,3,3.0,1.0,3.0,3,3,3520048900,81,6.962416789035732,34,9.988480176211453
49,0,Travel_Rarely,Research & Development,4,Life Sciences,Female,1,Research Scientist,Married,4.0,11,0,10.0,3,3,1,2,3.0,1.0,3.0,3,3,1172377600,25,6.400011921793038,28,10.022953028135433
29,0,Travel_Frequently,Research & Development,1,Medical,Male,1,Research Scientist,Married,0.0,14,0,4.0,2,3,0,2,4.0,2.0,3.0,1,3,1629736900,64,7.121506147540984,17,9.999351092896175
28,0,Travel_Rarely,Research & Development,1,Technical Degree,Male,2,Laboratory Technician,Married,1.0,11,0,8.0,3,8,1,7,3.0,2.0,2.0,2,3,654848100,25,5.973506038647343,31,10.013987922705313
33,0,Travel_Rarely,Research & Development,4,Life Sciences,Female,1,Sales Executive,Single,2.0,15,3,14.0,2,0,0,0,4.0,3.0,3.0,2,3,3845240100,225,8.459304954304955,30,10.009199134199134
32,0,Travel_Rarely,Research & Development,3,Life Sciences,Female,3,Laboratory Technician,Single,2.0,20,0,10.0,3,5,0,0,3.0,4.0,4.0,2,4,1938640900,49,7.424210832171083,22,9.97264179451418
54,0,Travel_Frequently,Sales,3,Life Sciences,Female,4,Research Scientist,Divorced,3.0,12,0,26.0,3,14,1,12,2.0,4.0,3.0,2,3,1414512100,100,7.000416666666667,33,9.986959064327484
29,1,Travel_Rarely,Research & Development,3,Life Sciences,Female,2,Research Scientist,Single,6.0,17,2,11.0,2,9,0,7,1.0,1.0,1.0,3,3,11955235600,25,6.523200783771323,20,10.006907561088058
44,0,Travel_Rarely,Sales,1,Marketing,Male,1,Sales Representative,Married,3.0,11,1,24.0,5,20,14,17,4.0,1.0,4.0,2,3,11579912100,676,7.881761280931587,32,10.02556404657933
39,0,Travel_Rarely,Sales,1,Technical Degree,Female,2,Laboratory Technician,Single,4.0,17,1,9.0,2,2,2,2,2.0,2.0,3.0,4,3,2678062500,36,7.125110867446394,33,9.992884990253412
46,0,Travel_Rarely,Research & Development,2,Life Sciences,Male,3,Manufacturing Director,Married,8.0,11,0,23.0,1,13,5,1,3.0,2.0,4.0,2,3,19115827600,16,7.023544260027663,20,9.97400530198248
35,0,Travel_Rarely,Research & Development,4,Life Sciences,Male,2,Research Scientist,Single,1.0,14,0,11.0,2,11,3,3,4.0,2.0,1.0,4,3,4011955600,529,6.203768801552644,32,10.003374575448811
23,0,Travel_Rarely,Research & Development,4,Medical,Female,2,Manager,Single,0.0,19,1,5.0,2,4,1,2,1.0,3.0,3.0,2,3,2436409600,4,7.709598765432099,27,9.984303181386515
40,1,Travel_Rarely,Research & Development,3,Medical,Male,2,Research Director,Single,3.0,15,1,15.0,3,5,1,0,4.0,1.0,1.0,4,3,2280062500,4,7.620850241545894,31,9.998652173913044
34,0,Travel_Rarely,Human Resources,3,Human Resources,Male,2,Manufacturing Director,Married,1.0,13,1,10.0,2,10,8,6,4.0,3.0,3.0,3,3,794112400,4,10.289966761633428,27,9.983817663817662
31,1,Travel_Frequently,Research & Development,3,Life Sciences,Female,2,Healthcare Representative,Single,1.0,14,0,7.0,3,7,7,7,4.0,3.0,1.0,2,3,632522500,841,6.3646038647343,31,9.985907004830917
50,0,Travel_Frequently,Research & Development,3,Medical,Male,1,Manager,Single,1.0,12,1,32.0,2,32,13,9,3.0,4.0,3.0,2,3,548496400,36,9.983714689265538,25,9.992250470809793
34,0,Travel_Rarely,Sales,5,Marketing,Female,1,Research Scientist,Married,0.0,17,2,12.0,3,11,5,7,2.0,3.0,3.0,3,3,1758963600,625,10.494251676245211,29,10.01325790229885
42,0,Travel_Rarely,Research & Development,3,Life Sciences,Female,1,Manufacturing Director,Married,4.0,11,3,4.0,2,1,0,0,3.0,2.0,3.0,3,3,11416922500,1,6.595753472222222,21,9.994873842592591
37,0,Travel_Rarely,Research & Development,2,Medical,Male,1,Research Scientist,Married,1.0,12,0,10.0,1,10,3,7,1.0,4.0,3.0,3,3,408848400,4,8.006495911495911,30,10.0008177008177
29,0,Travel_Rarely,Research & Development,3,Medical,Female,1,Manager,Married,3.0,13,0,9.0,5,7,0,7,3.0,1.0,3.0,4,3,535459600,1,6.202246732026144,23,10.036139122315593
33,0,Travel_Rarely,Research & Development,1,Life Sciences,Male,1,Research Scientist,Single,1.0,13,3,5.0,1,5,0,2,4.0,2.0,3.0,3,3,1811353600,1,7.208550309966619,28,10.004679303767286
45,0,Travel_Rarely,Sales,3,Life Sciences,Male,3,Laboratory Technician,Married,4.0,20,1,8.0,1,5,0,3,4.0,4.0,3.0,2,4,1281640000,9,6.04475360297536,22,10.020555555555555
42,0,Travel_Frequently,Human Resources,4,Technical Degree,Male,2,Manufacturing Director,Married,2.0,17,2,24.0,1,20,13,9,4.0,4.0,1.0,3,3,999824400,1,8.067896174863389,17,10.00550660291439
40,0,Travel_Rarely,Sales,1,Life Sciences,Female,1,Manufacturing Director,Married,0.0,13,1,9.0,2,8,7,1,1.0,1.0,4.0,4,3,4256257600,100,6.323114997713763,18,9.995611568358482
33,0,Travel_Rarely,Research & Development,3,Medical,Female,2,Manufacturing Director,Married,1.0,17,0,15.0,3,15,5,7,2.0,3.0,3.0,2,3,840420100,81,10.617287649219467,19,9.987834022038568
40,0,Travel_Rarely,Sales,5,Life Sciences,Male,1,Manufacturing Director,Single,1.0,12,2,21.0,4,21,7,7,3.0,4.0,3.0,3,3,2736336100,25,8.432153916211293,17,9.990061475409837
24,0,Travel_Rarely,Sales,2,Marketing,Male,1,Manufacturing Director,Divorced,0.0,13,0,2.0,5,1,0,0,3.0,1.0,3.0,3,3,555073600,100,6.096182277318641,19,9.972180899908173
40,0,Non-Travel,Research & Development,3,Medical,Male,1,Research Scientist,Divorced,3.0,12,2,8.0,0,2,2,2,4.0,4.0,3.0,2,3,784000000,49,8.382793847566576,19,10.007599862258953
45,0,Travel_Rarely,Research & Development,3,Medical,Female,3,Laboratory Technician,Divorced,1.0,22,0,10.0,2,10,7,7,1.0,2.0,3.0,4,4,14009089600,16,6.594626113455227,24,9.978059071729957
35,0,Travel_Rarely,Research & Development,1,Life Sciences,Male,1,Healthcare Representative,Married,0.0,11,0,6.0,3,5,4,2,2.0,3.0,3.0,4,3,11887540900,100,7.772340756704981,29,9.94869851532567
32,0,Travel_Rarely,Research & Development,4,Medical,Male,1,Sales Executive,Married,3.0,22,0,12.0,0,7,2,5,4.0,2.0,3.0,4,4,883872900,484,7.27428999538958,20,10.017841171046566
36,0,Travel_Rarely,Sales,3,Marketing,Female,4,Research Scientist,Single,3.0,18,1,7.0,5,3,1,2,3.0,4.0,2.0,2,3,20377562500,81,9.089532103825137,17,9.988414162112933
48,0,Travel_Rarely,Research & Development,4,Medical,Male,1,Laboratory Technician,Divorced,8.0,13,1,18.0,2,8,7,7,3.0,3.0,3.0,3,3,3093584400,144,7.859650726676043,24,10.014966010314112
33,0,Travel_Rarely,Research & Development,1,Medical,Male,1,Healthcare Representative,Married,2.0,20,1,8.0,2,2,2,2,1.0,1.0,1.0,2,4,5840016400,81,7.108776115859449,27,9.990362060778729
30,1,Travel_Rarely,Research & Development,3,Other,Male,3,Sales Executive,Married,1.0,13,2,10.0,2,10,6,7,2.0,1.0,3.0,3,3,32126977600,1,7.376322173702086,32,10.031100194080544
38,0,Travel_Frequently,Sales,3,Marketing,Male,1,Manufacturing Director,Married,3.0,13,1,10.0,2,6,1,2,3.0,3.0,3.0,3,3,2708161600,81,6.928822640632264,22,10.018575081357508
35,0,Travel_Rarely,Sales,2,Life Sciences,Male,1,Sales Executive,Single,1.0,12,1,3.0,2,3,1,2,4.0,1.0,3.0,3,3,518472900,49,6.80815801457195,17,10.030305100182149
30,0,Travel_Rarely,Research & Development,3,Technical Degree,Male,5,Research Director,Married,3.0,13,0,9.0,4,4,1,3,3.0,2.0,3.0,3,3,781202500,196,6.500898903195041,28,10.020441106342394
35,1,Travel_Rarely,Research & Development,3,Medical,Female,1,Research Scientist,Divorced,1.0,13,0,1.0,2,1,0,0,1.0,1.0,3.0,1,3,641102400,4,9.684859913793103,29,10.00462045019157
53,1,Travel_Rarely,Research & Development,3,Life Sciences,Male,2,Manager,Married,0.0,25,0,34.0,2,33,1,9,3.0,4.0,3.0,3,4,654848100,361,6.5080817395264114,17,9.985648907103824
38,1,Travel_Rarely,Research & Development,3,Medical,Female,3,Sales Executive,Married,4.0,19,1,7.0,3,5,1,4,3.0,2.0,3.0,2,3,2408846400,4,7.6001531778692275,18,10.01927869227252
32,0,Non-Travel,Research & Development,4,Life Sciences,Female,5,Research Scientist,Married,4.0,13,0,9.0,5,6,1,2,4.0,1.0,2.0,3,3,566440000,100,7.381282051282051,27,9.984248575498576
48,0,Travel_Rarely,Research & Development,5,Life Sciences,Male,1,Sales Executive,Married,8.0,12,1,10.0,4,8,7,6,3.0,1.0,2.0,3,3,2270522500,4,7.112005507662835,29,9.994325909961686
34,0,Travel_Rarely,Research & Development,3,Life Sciences,Male,2,Sales Executive,Single,1.0,11,0,1.0,2,1,0,0,1.0,4.0,1.0,3,3,417793600,9,7.422164109716411,22,9.993764528126453
55,0,Travel_Rarely,Research & Development,1,Medical,Female,1,Laboratory Technician,Married,1.0,18,0,36.0,6,36,2,13,3.0,4.0,3.0,2,3,725224900,121,6.372202041785375,27,10.013767806267806
26,0,Travel_Rarely,Research & Development,3,Life Sciences,Male,1,Research Director,Married,1.0,11,0,1.0,6,1,0,0,1.0,4.0,3.0,3,3,1085043600,16,7.30157019990702,22,10.007673175267316
38,0,Travel_Rarely,Research & Development,3,Life Sciences,Female,1,Manufacturing Director,Single,2.0,13,0,8.0,5,3,1,2,2.0,2.0,4.0,2,3,771728400,4,7.2450107758620685,29,9.977025862068965
36,0,Travel_Rarely,Human Resources,3,Human Resources,Male,1,Research Scientist,Single,6.0,13,2,15.0,3,1,0,0,2.0,3.0,3.0,3,3,565012900,1,7.427548100048099,30,10.027420634920635
29,0,Travel_Rarely,Research & Development,3,Life Sciences,Male,1,Sales Representative,Single,1.0,17,0,10.0,3,10,1,5,2.0,1.0,3.0,2,3,577921600,100,8.108851383028599,24,10.008377871542429
35,0,Travel_Rarely,Sales,2,Life Sciences,Female,2,Sales Executive,Single,3.0,19,0,10.0,4,5,0,4,1.0,3.0,3.0,4,3,537312400,144,9.299442007797271,33,10.02134746588694
39,0,Travel_Rarely,Sales,2,Medical,Female,1,Sales Executive,Married,2.0,12,0,11.0,3,7,7,6,4.0,3.0,3.0,3,3,403206400,4,7.768857142857144,16,9.972792517006804
29,0,Travel_Frequently,Research & Development,1,Medical,Female,1,Research Scientist,Divorced,1.0,22,0,6.0,3,6,1,3,1.0,4.0,4.0,3,4,3898753600,25,6.832889123300516,24,10.02344702297234
50,0,Travel_Rarely,Research & Development,2,Medical,Female,1,Laboratory Technician,Married,4.0,12,1,27.0,0,1,0,0,3.0,3.0,3.0,1,3,783440100,16,9.387326388888889,21,9.990406250000001
23,0,Travel_Rarely,Research & Development,2,Life Sciences,Female,3,Manager,Married,2.0,11,0,4.0,2,2,2,2,4.0,3.0,3.0,3,3,11134470400,49,6.664042824074074,21,9.989732638888889
36,0,Travel_Frequently,Sales,3,Life Sciences,Male,2,Human Resources,Married,3.0,15,0,9.0,2,3,0,2,1.0,1.0,3.0,3,3,542424100,441,9.21666075650118,26,10.01478841607565
42,0,Travel_Rarely,Research & Development,2,Life Sciences,Female,5,Manager,Single,8.0,13,1,24.0,3,1,0,1,4.0,4.0,3.0,3,3,1611219600,64,5.996898719707362,18,9.970859625057157
35,0,Travel_Rarely,Sales,3,Medical,Female,2,Laboratory Technician,Married,1.0,12,1,10.0,4,10,6,8,2.0,3.0,2.0,3,3,5480440900,16,6.391757741347906,17,9.998340163934426
34,0,Travel_Frequently,Research & Development,1,Life Sciences,Female,1,Manager,Married,1.0,14,0,8.0,2,8,7,7,4.0,3.0,2.0,3,3,510308100,625,5.9954394157088124,29,10.044001436781608
40,0,Travel_Rarely,Research & Development,4,Life Sciences,Male,2,Laboratory Technician,Married,1.0,13,0,5.0,5,5,1,2,4.0,1.0,3.0,3,3,4805262400,1,6.491637115839243,26,9.974908983451536
43,0,Travel_Rarely,Research & Development,1,Other,Male,1,Manager,Divorced,5.0,25,1,8.0,0,6,0,2,4.0,2.0,3.0,4,4,2188368400,1,7.030567738791423,33,10.007253898635478
35,0,Travel_Rarely,Sales,3,Marketing,Female,3,Sales Representative,Married,1.0,17,1,1.0,3,1,0,1,3.0,4.0,2.0,2,3,18447072400,36,7.3205448259418215,28,9.986737005245589
46,0,Travel_Rarely,Research & Development,4,Technical Degree,Male,1,Laboratory Technician,Single,1.0,11,0,27.0,2,26,0,12,4.0,1.0,1.0,3,3,543822400,144,6.5991343937298295,20,9.989966574458276
28,1,Travel_Rarely,Human Resources,3,Medical,Female,2,Laboratory Technician,Married,1.0,16,1,1.0,2,1,0,0,3.0,2.0,3.0,3,3,582256900,1,8.4173417721519,24,10.026783872480074
22,0,Non-Travel,Sales,2,Marketing,Male,3,Sales Executive,Married,1.0,18,2,4.0,3,4,1,3,2.0,3.0,2.0,2,3,9418702500,289,8.882230426629162,24,9.985205110173466
50,0,Travel_Frequently,Research & Development,3,Other,Male,2,Research Scientist,Married,2.0,20,0,32.0,2,30,12,13,2.0,3.0,3.0,2,4,1843843600,9,9.425232053040695,18,10.02773776863283
32,0,Travel_Rarely,Research & Development,2,Life Sciences,Male,3,Research Scientist,Married,3.0,14,1,6.0,3,3,0,2,2.0,4.0,3.0,3,3,2228784100,9,6.344614463601533,29,9.982352729885058
44,0,Travel_Rarely,Research & Development,3,Technical Degree,Male,3,Manager,Divorced,0.0,21,2,23.0,2,22,1,10,2.0,4.0,2.0,3,4,634536100,100,8.78037494284408,18,9.990192043895748
30,0,Travel_Rarely,Research & Development,3,Medical,Female,1,Research Director,Married,1.0,13,1,6.0,2,6,1,1,2.0,2.0,2.0,3,3,449864100,16,6.562242489270386,28,10.000504291845495
45,0,Travel_Rarely,Sales,2,Technical Degree,Female,2,Research Scientist,Single,1.0,12,0,10.0,2,10,1,4,3.0,1.0,3.0,3,3,883872900,841,8.87501467931346,15,10.014901761517615
45,0,Non-Travel,Sales,4,Life Sciences,Male,2,Manufacturing Director,Married,1.0,14,1,10.0,3,10,4,5,1.0,1.0,3.0,2,3,3428102500,4,7.908878159275155,28,9.988589651883643
31,0,Travel_Frequently,Research & Development,3,Medical,Male,2,Research Scientist,Single,7.0,21,1,10.0,5,5,0,3,4.0,1.0,3.0,3,4,1308268900,49,7.144681688125894,28,9.972193609918932
36,0,Travel_Rarely,Research & Development,1,Medical,Male,2,Manufacturing Director,Married,9.0,17,1,7.0,3,3,1,1,3.0,3.0,3.0,3,3,4522562500,324,10.91689342403628,16,10.019214285714286
34,0,Travel_Frequently,Sales,4,Marketing,Male,5,Manufacturing Director,Divorced,1.0,11,1,9.0,3,9,7,2,3.0,4.0,3.0,2,3,10660562500,784,6.102161785216179,22,10.020425383542538
49,0,Travel_Rarely,Research & Development,4,Life Sciences,Male,3,Healthcare Representative,Married,1.0,14,1,10.0,2,9,1,4,3.0,1.0,2.0,3,3,4828860100,1,7.295703161320316,22,9.988440260344026
39,0,Travel_Rarely,Research & Development,2,Life Sciences,Male,3,Research Scientist,Married,2.0,17,1,10.0,2,7,7,7,2.0,1.0,3.0,3,3,11255088100,36,6.567342995169082,31,9.984157004830918
27,0,Travel_Rarely,Research & Development,1,Life Sciences,Male,4,Research Scientist,Divorced,1.0,13,0,7.0,4,7,0,7,4.0,1.0,3.0,3,3,1977580900,4,6.090469821673525,18,10.001415180612712
35,0,Travel_Rarely,Research & Development,3,Medical,Female,2,Sales Executive,Married,1.0,25,0,16.0,1,16,1,10,2.0,1.0,3.0,2,4,465264900,4,7.603104018912529,26,10.009606382978722
28,0,Travel_Rarely,Research & Development,3,Life Sciences,Male,3,Manufacturing Director,Divorced,0.0,15,2,6.0,2,5,0,0,2.0,1.0,2.0,3,3,2116920100,529,7.38428125,21,10.005892361111112
21,0,Travel_Rarely,Research & Development,1,Life Sciences,Female,1,Laboratory Technician,Single,1.0,14,1,3.0,2,2,2,2,3.0,4.0,3.0,3,3,29237580100,9,7.880823877068559,26,9.996903073286052
18,1,Travel_Frequently,Research & Development,5,Medical,Male,1,Research Director,Single,1.0,12,1,0.0,2,0,0,0,2.0,4.0,4.0,2,3,614544100,9,8.39764060356653,18,9.947166209419295
47,0,Travel_Rarely,Research & Development,4,Medical,Male,2,Research Scientist,Married,3.0,19,3,27.0,3,5,1,0,4.0,3.0,3.0,2,3,22058190400,625,6.0397417355371905,19,10.007592975206611
39,0,Travel_Rarely,Sales,4,Life Sciences,Male,1,Laboratory Technician,Divorced,0.0,17,0,11.0,5,10,0,7,3.0,3.0,3.0,3,3,5276569600,4,6.870003687315634,35,10.016262291052115
40,0,Travel_Rarely,Research & Development,1,Life Sciences,Male,1,Laboratory Technician,Married,1.0,14,1,18.0,2,18,14,12,1.0,3.0,3.0,3,3,3210355600,484,7.586946859903382,31,10.004356280193235
35,0,Non-Travel,Research & Development,3,Medical,Female,2,Sales Executive,Married,1.0,13,1,15.0,3,14,2,9,3.0,3.0,3.0,3,3,6119932900,841,6.191809178743962,31,9.955475845410628
37,0,Travel_Rarely,Research & Development,4,Technical Degree,Male,1,Laboratory Technician,Married,3.0,12,1,9.0,2,4,0,2,3.0,3.0,2.0,4,3,6209440000,841,7.993996978149698,22,10.005553231055323
39,0,Travel_Frequently,Research & Development,3,Technical Degree,Female,2,Manager,Single,0.0,11,0,10.0,2,9,3,8,1.0,3.0,1.0,3,3,17408163600,4,6.66040948275862,29,9.997969348659003
45,0,Travel_Rarely,Research & Development,3,Life Sciences,Female,2,Laboratory Technician,Divorced,1.0,11,2,10.0,3,10,3,9,4.0,4.0,3.0,2,3,2567448900,784,7.317151056014692,19,9.990146923783287
38,0,Travel_Rarely,Research & Development,4,Life Sciences,Female,3,Sales Executive,Married,3.0,11,0,10.0,3,5,0,2,4.0,3.0,4.0,3,3,2579624100,4,9.588505007153074,28,10.006334048640914
35,1,Travel_Rarely,Research & Development,3,Life Sciences,Male,3,Healthcare Representative,Married,9.0,12,1,15.0,0,13,6,0,4.0,1.0,3.0,3,3,538704100,4,5.966612268518518,21,9.992083333333333
37,0,Travel_Rarely,Research & Development,3,Life Sciences,Female,2,Healthcare Representative,Married,1.0,14,0,8.0,4,8,7,7,2.0,2.0,1.0,3,3,30429313600,484,7.942092352092352,30,10.016887926887927
40,0,Travel_Rarely,Research & Development,3,Technical Degree,Female,2,Healthcare Representative,Single,6.0,17,0,18.0,2,4,3,3,3.0,4.0,2.0,2,3,577921600,64,9.179383101851851,21,10.003194444444444
44,0,Travel_Frequently,Sales,2,Marketing,Male,1,Laboratory Technician,Married,4.0,11,1,14.0,2,10,0,2,1.0,4.0,3.0,2,3,1191630400,4,8.593498563218391,29,10.036174568965517
48,0,Travel_Frequently,Sales,4,Marketing,Female,3,Manager,Married,2.0,14,3,23.0,2,2,2,2,3.0,4.0,3.0,3,3,515290000,100,7.111725146198831,33,9.969150828460037
24,0,Travel_Frequently,Research & Development,3,Life Sciences,Male,2,Research Scientist,Single,1.0,22,1,6.0,6,6,1,3,1.0,4.0,3.0,3,4,3011814400,225,8.687724314272433,22,10.008897024639703
27,0,Travel_Rarely,Sales,4,Life Sciences,Male,3,Sales Executive,Married,7.0,14,1,5.0,2,3,0,2,2.0,3.0,3.0,1,3,37709756100,100,7.1704118357487925,31,10.00584541062802
27,0,Travel_Frequently,Research & Development,3,Life Sciences,Male,1,Research Scientist,Single,2.0,20,0,6.0,3,4,1,2,4.0,4.0,2.0,3,4,790172100,49,6.4101211705532695,18,9.990157750342934
40,1,Travel_Rarely,Sales,4,Marketing,Male,1,Research Director,Single,3.0,16,2,10.0,0,4,0,3,1.0,1.0,1.0,3,3,1319868900,256,10.486748633879783,17,10.026991120218579
29,0,Travel_Rarely,Research & Development,1,Medical,Female,2,Manager,Single,9.0,15,1,8.0,4,5,1,4,3.0,3.0,3.0,2,3,1733056900,400,7.294751773049645,26,9.995023640661937
36,0,Travel_Rarely,Research & Development,3,Life Sciences,Female,3,Sales Executive,Married,4.0,20,0,9.0,1,3,0,2,2.0,1.0,3.0,2,4,454542400,529,7.88170243204578,28,10.00355984740105
25,0,Travel_Frequently,Sales,1,Marketing,Male,4,Manufacturing Director,Divorced,1.0,14,0,7.0,3,7,0,7,4.0,3.0,3.0,2,3,19524472900,25,6.098032904148784,28,9.970410109680497
39,0,Travel_Rarely,Sales,3,Marketing,Female,2,Research Director,Married,4.0,12,0,7.0,2,5,1,0,4.0,2.0,3.0,3,3,720385600,100,6.773751788268955,28,10.007869575584168
49,0,Travel_Rarely,Sales,2,Life Sciences,Male,2,Research Director,Married,3.0,24,0,27.0,4,4,1,2,1.0,2.0,3.0,2,4,11761402500,16,7.800969316596931,22,10.021983960948397
50,0,Travel_Rarely,Research & Development,2,Medical,Male,3,Sales Executive,Divorced,5.0,12,1,19.0,2,14,1,11,4.0,1.0,3.0,2,3,1915812900,4,7.78853125,21,10.012625
20,0,Travel_Rarely,Research & Development,4,Medical,Female,2,Sales Executive,Single,1.0,13,1,2.0,2,2,2,2,3.0,3.0,3.0,3,3,1401004900,324,6.625714115402956,28,10.003652837386742
34,0,Travel_Rarely,Research & Development,3,Medical,Male,3,Laboratory Technician,Divorced,1.0,11,0,11.0,3,11,7,9,4.0,2.0,3.0,3,3,1720590400,100,7.7068788745827375,28,10.032453505007153
36,0,Travel_Rarely,Research & Development,3,Life Sciences,Female,2,Healthcare Representative,Single,2.0,14,0,15.0,2,4,1,3,1.0,2.0,3.0,3,3,110460100,1,5.9864875730994145,33,10.010989278752437
49,0,Travel_Rarely,Human Resources,2,Life Sciences,Female,2,Research Scientist,Married,2.0,11,3,30.0,3,15,2,12,3.0,3.0,3.0,3,3,11532612100,36,8.499204545454546,19,10.008073921028467
36,0,Non-Travel,Research & Development,4,Life Sciences,Male,4,Laboratory Technician,Married,0.0,14,0,4.0,2,3,1,2,4.0,3.0,3.0,3,3,10791054400,64,7.954062932226833,20,9.973339096357769
36,0,Travel_Rarely,Research & Development,2,Medical,Female,2,Healthcare Representative,Divorced,6.0,16,0,13.0,2,5,0,4,4.0,1.0,3.0,3,3,13032505600,4,6.310086367880485,23,10.028848039215685
54,0,Travel_Rarely,Sales,3,Marketing,Male,1,Laboratory Technician,Married,3.0,14,0,36.0,5,10,4,7,2.0,3.0,3.0,3,3,676000000,576,7.584176328502415,31,9.996545893719807
43,0,Travel_Rarely,Research & Development,4,Life Sciences,Female,1,Research Scientist,Married,1.0,11,1,14.0,2,14,6,11,3.0,3.0,3.0,3,3,586608400,4,7.632412764003673,19,10.015720844811753
35,1,Travel_Frequently,Research & Development,4,Medical,Male,1,Research Director,Single,3.0,11,1,13.0,3,11,6,7,4.0,4.0,4.0,2,3,2994278400,289,8.41637077294686,31,10.01481763285024
38,0,Travel_Frequently,Research & Development,2,Life Sciences,Male,2,Research Scientist,Married,7.0,12,1,19.0,3,13,2,9,4.0,4.0,4.0,3,3,600740100,361,7.198089990817263,19,9.97092056932966
29,0,Travel_Rarely,Research & Development,2,Medical,Male,2,Sales Representative,Divorced,1.0,14,0,10.0,2,10,0,9,1.0,2.0,2.0,2,3,1797760000,1,10.704748513946045,18,10.014314128943758
33,0,Travel_Rarely,Research & Development,3,Medical,Male,5,Sales Executive,Divorced,1.0,18,3,6.0,3,6,0,4,4.0,4.0,3.0,2,3,12097800100,49,6.412126774351443,34,10.027256485560452
31,0,Travel_Rarely,Research & Development,4,Technical Degree,Female,2,Sales Executive,Married,1.0,11,0,10.0,4,10,0,2,1.0,4.0,3.0,2,3,16235856400,784,7.390623278236914,19,10.054172405876951
49,0,Travel_Rarely,Research & Development,4,Medical,Male,1,Laboratory Technician,Divorced,4.0,18,0,17.0,3,2,2,2,4.0,1.0,2.0,2,3,1786752900,4,9.695243498817966,26,9.976770685579197
38,0,Travel_Frequently,Sales,2,Medical,Female,1,Sales Executive,Single,1.0,15,3,4.0,2,4,3,3,4.0,2.0,3.0,3,3,1534288900,841,7.8067266021207935,20,10.025568234209313
47,0,Travel_Rarely,Research & Development,4,Medical,Male,3,Laboratory Technician,Divorced,6.0,22,1,29.0,2,3,1,2,2.0,2.0,3.0,2,4,33499980900,1,6.711067188983855,27,10.024465811965811
49,0,Travel_Rarely,Research & Development,3,Medical,Male,2,Manufacturing Director,Single,4.0,13,0,23.0,3,8,0,0,3.0,3.0,3.0,1,3,566440000,441,6.3870588235294115,23,9.977179038281978
41,0,Travel_Rarely,Research & Development,4,Life Sciences,Female,4,Manager,Single,3.0,12,0,21.0,6,2,0,2,4.0,3.0,3.0,4,3,18840307600,576,10.959115952051638,20,10.008878515444906
20,0,Travel_Rarely,Research & Development,3,Life Sciences,Male,1,Sales Representative,Single,1.0,18,1,2.0,3,2,0,2,4.0,1.0,3.0,3,3,2281972900,1,7.703551175656985,20,9.998608805901338
33,0,Non-Travel,Research & Development,2,Medical,Female,2,Healthcare Representative,Divorced,1.0,13,0,7.0,6,6,1,2,3.0,4.0,3.0,2,3,4076822500,324,9.487822315986874,24,9.958394280356305
36,0,Travel_Rarely,Research & Development,2,Technical Degree,Male,3,Sales Executive,Married,6.0,12,0,10.0,2,3,0,2,1.0,3.0,2.0,3,3,39892072900,4,5.958735380116959,33,10.009108187134503
44,0,Travel_Rarely,Research & Development,3,Technical Degree,Female,3,Healthcare Representative,Divorced,4.0,12,0,8.0,2,2,2,2,3.0,4.0,3.0,2,3,4707332100,81,8.526459227467813,28,10.001258941344778
23,1,Travel_Rarely,Human Resources,3,Life Sciences,Female,3,Laboratory Technician,Single,1.0,12,0,5.0,3,5,1,2,4.0,3.0,3.0,3,3,2469096100,36,8.093856481481483,21,9.987511574074073
38,0,Travel_Rarely,Research & Development,2,Life Sciences,Male,1,Sales Executive,Married,7.0,11,1,7.0,3,0,0,0,4.0,3.0,2.0,3,3,39382402500,121,7.388344955834496,22,10.007810320781031
53,0,Travel_Rarely,Research & Development,3,Life Sciences,Male,4,Research Director,Married,3.0,11,0,11.0,2,4,1,2,2.0,4.0,3.0,3,3,17742240000,576,8.024024216524216,27,9.99707502374169
48,1,Travel_Frequently,Sales,2,Marketing,Male,1,Healthcare Representative,Married,2.0,12,1,19.0,3,9,7,7,4.0,3.0,3.0,1,3,4028440900,100,9.88266643225504,24,9.99956633849039
32,1,Travel_Rarely,Sales,3,Life Sciences,Male,2,Research Scientist,Single,1.0,19,1,1.0,2,1,0,0,4.0,2.0,3.0,3,3,752404900,1,7.5274596588289535,20,10.015991240202858
26,0,Non-Travel,Research & Development,2,Medical,Male,1,Human Resources,Single,1.0,23,1,7.0,5,7,5,7,4.0,4.0,3.0,3,4,11837440000,324,7.1902380952380955,16,9.986878684807257
55,0,Travel_Rarely,Research & Development,1,Life Sciences,Male,5,Laboratory Technician,Divorced,5.0,11,2,8.0,2,4,1,2,1.0,2.0,3.0,3,3,548496400,529,7.700374887082204,15,9.988044263775972
34,0,Travel_Rarely,Sales,3,Life Sciences,Female,2,Research Scientist,Married,1.0,19,1,15.0,6,15,4,13,2.0,4.0,4.0,1,3,31152250000,784,7.968867337164751,29,9.963466235632184
60,0,Travel_Rarely,Sales,4,Medical,Male,1,Manager,Divorced,3.0,13,1,19.0,5,1,0,0,3.0,4.0,4.0,2,3,1620062500,289,6.2356461611826415,28,10.022105388650452
33,0,Travel_Rarely,Sales,3,Life Sciences,Male,3,Manager,Married,1.0,11,0,14.0,0,14,2,13,2.0,2.0,3.0,3,3,9457562500,9,7.787044252044252,30,10.010274170274169
37,0,Travel_Frequently,Research & Development,3,Life Sciences,Male,1,Laboratory Technician,Divorced,1.0,12,1,6.0,4,6,1,3,3.0,4.0,2.0,3,3,14170521600,169,6.513645404663923,18,9.991152263374484
34,0,Travel_Rarely,Research & Development,2,Life Sciences,Male,1,Healthcare Representative,Married,1.0,13,0,10.0,5,10,8,7,2.0,4.0,3.0,3,3,473932900,49,7.057042624521073,29,9.968190852490421
23,1,Travel_Rarely,Research & Development,2,Medical,Male,2,Research Scientist,Divorced,1.0,14,2,3.0,2,3,0,2,3.0,4.0,3.0,3,3,5662562500,144,9.22052267573696,16,10.004451247165534
44,0,Travel_Rarely,Human Resources,3,Life Sciences,Male,1,Research Scientist,Married,1.0,14,0,9.0,1,8,6,7,3.0,4.0,3.0,4,3,2336755600,1,8.50544979079498,22,10.011338912133892
35,0,Travel_Frequently,Research & Development,3,Life Sciences,Male,3,Sales Executive,Single,0.0,16,0,6.0,2,5,1,4,1.0,4.0,4.0,3,3,416976400,169,8.161027658559847,28,9.977763471626133
43,0,Travel_Rarely,Research & Development,4,Life Sciences,Male,2,Sales Executive,Married,1.0,11,0,10.0,2,10,8,8,4.0,4.0,3.0,1,3,492840000,625,8.093515046296297,21,10.019934027777778
24,0,Travel_Rarely,Research & Development,3,Life Sciences,Male,3,Sales Executive,Married,1.0,13,0,5.0,3,5,0,4,3.0,3.0,3.0,3,3,110670400,36,6.7112006043700605,22,10.026894467689447
41,0,Travel_Rarely,Sales,4,Marketing,Male,1,Research Scientist,Single,1.0,17,0,10.0,3,10,8,7,4.0,3.0,3.0,3,3,795804100,36,7.034598364598365,30,10.01165343915344
29,0,Travel_Rarely,Research & Development,2,Life Sciences,Male,2,Research Scientist,Married,9.0,11,1,9.0,2,5,1,2,4.0,3.0,3.0,3,3,37006216900,4,7.925632515632516,30,9.97924963924964
36,0,Travel_Rarely,Human Resources,4,Life Sciences,Female,3,Research Scientist,Single,3.0,11,1,17.0,2,13,6,7,3.0,4.0,2.0,1,3,1686744900,1,6.286331168831168,30,10.024407166907167
45,0,Non-Travel,Sales,3,Life Sciences,Female,2,Manufacturing Director,Married,3.0,15,2,25.0,3,23,14,4,3.0,3.0,2.0,2,3,7049281600,4,6.297184716361931,24,10.003825597749648
24,1,Travel_Rarely,Sales,2,Medical,Female,2,Manager,Married,1.0,12,0,1.0,2,1,0,0,4.0,3.0,3.0,2,3,402804900,36,6.38253164556962,24,9.98071729957806
47,1,Travel_Frequently,Research & Development,3,Medical,Female,2,Sales Executive,Married,7.0,11,2,25.0,1,23,14,10,3.0,3.0,1.0,3,3,38521912900,1,6.786419362400375,24,10.009723394280357
26,0,Travel_Rarely,Research & Development,1,Medical,Male,1,Sales Executive,Married,1.0,14,1,3.0,2,3,0,2,4.0,3.0,4.0,3,3,11419059600,81,7.71978231292517,16,9.995143990929705
45,0,Travel_Rarely,Research & Development,4,Life Sciences,Male,1,Research Director,Single,1.0,22,1,21.0,4,21,8,6,4.0,2.0,3.0,3,4,865536400,1,6.578455702398434,34,9.98702398433676
32,0,Travel_Frequently,Sales,1,Marketing,Male,2,Laboratory Technician,Married,6.0,16,1,10.0,2,5,1,3,1.0,3.0,2.0,3,3,7846416400,1,6.908069075712881,35,9.996023844641101
31,0,Travel_Rarely,Research & Development,2,Life Sciences,Male,1,Sales Executive,Married,1.0,11,2,6.0,5,5,0,3,2.0,3.0,4.0,3,3,28076353600,196,7.19040082846004,33,9.9901193957115
41,0,Non-Travel,Sales,2,Medical,Male,2,Research Scientist,Married,6.0,14,2,10.0,5,3,1,2,3.0,2.0,3.0,1,3,11659680400,4,7.7227308802308805,30,10.015276575276575
40,0,Travel_Rarely,Research & Development,2,Technical Degree,Male,1,Healthcare Representative,Married,2.0,16,1,18.0,2,1,0,0,2.0,1.0,3.0,3,3,539632900,484,9.783942803563056,24,10.026547116736989
24,0,Travel_Rarely,Research & Development,3,Life Sciences,Female,1,Research Scientist,Divorced,1.0,15,1,6.0,3,6,1,2,2.0,1.0,4.0,2,3,200505600,9,5.991006944444444,29,9.978165708812261
46,0,Travel_Rarely,Research & Development,3,Medical,Male,4,Sales Executive,Single,6.0,12,0,19.0,3,10,0,9,3.0,2.0,3.0,2,3,2129822500,36,7.575745673952642,17,9.985454234972678
35,0,Travel_Rarely,Sales,4,Life Sciences,Male,1,Laboratory Technician,Married,2.0,20,1,17.0,4,7,0,7,4.0,3.0,3.0,3,4,605652100,64,7.379968043264504,35,10.001763765978367
30,0,Travel_Rarely,Sales,4,Marketing,Male,1,Laboratory Technician,Married,1.0,17,1,10.0,3,10,0,8,2.0,4.0,2.0,3,3,7607328400,81,7.276453178068898,32,9.98812833575934
47,0,Non-Travel,Research & Development,2,Life Sciences,Female,2,Sales Executive,Married,7.0,12,1,4.0,5,1,0,0,3.0,2.0,1.0,3,3,1564202500,9,7.68843853427896,26,10.034965721040189
46,0,Travel_Rarely,Research & Development,4,Technical Degree,Female,3,Sales Executive,Divorced,4.0,20,0,13.0,1,10,0,3,3.0,4.0,2.0,3,4,9914184900,1,9.799356661856661,30,10.015309042809042
36,1,Travel_Rarely,Research & Development,3,Medical,Male,2,Manufacturing Director,Divorced,5.0,20,0,16.0,3,2,2,2,2.0,1.0,3.0,3,4,1139737600,1,10.377021152952114,22,10.033983031148303
32,1,Travel_Rarely,Research & Development,3,Medical,Female,2,Research Director,Single,6.0,13,2,10.0,3,0,0,0,1.0,2.0,3.0,3,3,7784532900,676,7.014081726354453,19,10.010009182736455
23,0,Travel_Rarely,Sales,4,Life Sciences,Male,3,Manufacturing Director,Single,1.0,14,2,3.0,2,3,1,2,3.0,2.0,1.0,3,3,10654368400,36,6.026296690307328,26,9.990065011820333
31,0,Travel_Frequently,Sales,3,Marketing,Male,2,Sales Executive,Single,2.0,18,1,9.0,3,5,1,4,4.0,4.0,2.0,3,3,2135364100,9,6.461306022408963,23,10.020973389355742
39,0,Non-Travel,Research & Development,3,Life Sciences,Female,2,Manufacturing Director,Married,1.0,11,0,9.0,3,9,5,8,4.0,4.0,3.0,2,3,12047257600,9,10.198464912280702,14,9.991472109761585
32,0,Travel_Rarely,Research & Development,3,Technical Degree,Male,1,Research Scientist,Married,3.0,11,2,10.0,0,4,0,2,4.0,3.0,1.0,2,3,1339560000,36,7.598678004535148,16,10.00345918367347
40,0,Travel_Rarely,Sales,3,Life Sciences,Male,3,Manufacturing Director,Single,1.0,11,1,21.0,6,21,12,8,2.0,2.0,2.0,2,3,10987232400,36,7.906652949245542,18,9.987045038866027
45,0,Travel_Rarely,Research & Development,4,Medical,Male,1,Sales Representative,Married,4.0,15,0,9.0,2,5,0,3,3.0,3.0,4.0,3,3,5068016100,361,7.786297453703704,21,10.009116898148148
30,0,Travel_Frequently,Sales,3,Life Sciences,Male,1,Research Director,Single,0.0,12,1,10.0,2,9,0,7,4.0,1.0,3.0,3,3,9181472400,81,6.2239474917955935,24,10.002271448663855
30,1,Travel_Frequently,Research & Development,3,Life Sciences,Female,1,Human Resources,Divorced,6.0,14,0,6.0,4,4,1,2,3.0,4.0,2.0,3,3,487084900,100,6.71769806763285,31,9.987221014492754
31,0,Travel_Rarely,Research & Development,2,Life Sciences,Male,3,Laboratory Technician,Married,1.0,15,2,6.0,3,5,0,2,1.0,3.0,3.0,4,3,6015553600,9,7.609416666666666,31,10.010795893719807
27,0,Travel_Rarely,Sales,3,Life Sciences,Male,1,Manager,Single,1.0,13,1,6.0,2,6,1,4,3.0,4.0,2.0,2,3,4480963600,9,6.303799126637554,32,10.011671518680252
29,1,Travel_Rarely,Sales,3,Marketing,Male,5,Research Scientist,Single,1.0,13,0,2.0,3,2,2,2,2.0,2.0,3.0,3,3,1362348100,16,6.805719311014071,32,9.995042455118874
29,0,Travel_Frequently,Research & Development,4,Life Sciences,Female,1,Sales Executive,Single,8.0,21,1,10.0,2,3,0,2,4.0,3.0,4.0,3,4,565012900,64,8.804921296296298,21,10.013956018518519
30,0,Travel_Rarely,Sales,3,Life Sciences,Male,3,Sales Executive,Divorced,2.0,11,0,12.0,5,7,1,7,3.0,1.0,3.0,3,3,534996900,49,8.030652958152958,30,9.980271765271764
34,0,Travel_Rarely,Research & Development,2,Medical,Female,2,Healthcare Representative,Married,0.0,11,0,6.0,5,5,1,2,4.0,4.0,3.0,2,3,31205222500,1,9.935644631973746,24,9.999603844350679
33,0,Non-Travel,Research & Development,4,Medical,Male,1,Sales Representative,Single,8.0,14,1,13.0,4,11,1,7,4.0,2.0,2.0,3,3,673921600,4,7.386259746588694,33,10.02348806042885
49,0,Travel_Rarely,Sales,4,Marketing,Male,1,Sales Executive,Single,3.0,11,1,8.0,4,5,0,4,4.0,4.0,4.0,3,3,2235398400,9,7.697562104787715,15,9.976001580849141
33,1,Travel_Rarely,Research & Development,3,Life Sciences,Male,1,Sales Executive,Single,2.0,13,0,11.0,3,0,0,0,1.0,1.0,2.0,1,3,1850720400,100,8.278268762183236,33,9.996991959064328
38,0,Travel_Frequently,Research & Development,3,Medical,Male,1,Healthcare Representative,Married,4.0,12,1,9.0,3,6,0,5,3.0,2.0,2.0,3,3,887444100,784,7.878654195011339,16,10.005227891156462
31,1,Travel_Rarely,Human Resources,4,Human Resources,Male,2,Laboratory Technician,Married,2.0,14,2,10.0,2,1,0,0,1.0,3.0,3.0,3,3,28510322500,81,6.192529843893481,19,9.96563590449954
29,0,Travel_Rarely,Research & Development,4,Other,Female,2,Sales Representative,Divorced,1.0,13,1,1.0,3,1,0,0,4.0,1.0,3.0,3,3,3128164900,9,6.292075958702065,35,9.973983529990166
30,0,Travel_Rarely,Research & Development,1,Medical,Male,1,Sales Representative,Married,3.0,18,1,10.0,3,7,1,7,3.0,3.0,3.0,3,3,10909802500,4,6.826139005113901,22,10.000191771269177
32,0,Non-Travel,Research & Development,4,Life Sciences,Female,1,Laboratory Technician,Single,2.0,11,1,12.0,2,7,0,7,2.0,2.0,3.0,3,3,7638760000,100,6.0161683723196875,33,10.005495857699804
38,0,Travel_Rarely,Research & Development,2,Technical Degree,Female,1,Manufacturing Director,Married,3.0,11,0,15.0,2,1,1,0,2.0,4.0,3.0,2,3,632019600,64,9.019432624113476,26,10.011646572104018
43,1,Travel_Frequently,Research & Development,4,Other,Male,3,Sales Executive,Married,9.0,12,1,6.0,3,1,0,0,3.0,3.0,3.0,3,3,5859902500,1,8.407244212962963,21,9.991111111111111
42,0,Travel_Rarely,Human Resources,3,Other,Female,1,Healthcare Representative,Divorced,8.0,13,1,7.0,3,5,0,4,2.0,2.0,2.0,3,3,30502622500,1,6.683682336182335,27,9.99943494776828
55,0,Travel_Rarely,Research & Development,2,Life Sciences,Female,1,Sales Executive,Married,8.0,20,1,34.0,3,1,0,0,3.0,1.0,3.0,3,4,5403720100,9,7.606161398467433,29,9.980998563218392
33,0,Non-Travel,Research & Development,3,Other,Male,1,Research Scientist,Divorced,5.0,12,0,11.0,2,9,1,7,4.0,2.0,2.0,3,3,11707240000,196,6.713771551724138,29,9.978239942528736
41,0,Travel_Rarely,Research & Development,3,Medical,Male,1,Sales Representative,Divorced,1.0,19,0,5.0,2,5,0,4,3.0,1.0,3.0,3,3,14808456100,25,6.261173872617388,22,9.970927475592747
34,0,Non-Travel,Research & Development,4,Medical,Female,1,Research Scientist,Divorced,1.0,21,0,15.0,5,15,0,7,4.0,3.0,3.0,2,4,38517987600,49,8.174600185960019,22,10.000989074848908
53,0,Non-Travel,Research & Development,4,Medical,Male,2,Healthcare Representative,Married,4.0,13,2,27.0,2,3,0,2,1.0,3.0,2.0,4,3,428490000,100,8.107574233716475,29,10.00001077586207
43,0,Travel_Rarely,Sales,2,Marketing,Female,1,Laboratory Technician,Single,0.0,16,1,10.0,2,9,1,8,2.0,4.0,3.0,3,3,4599552400,256,6.08843779677113,27,10.020884377967711
34,0,Travel_Rarely,Sales,2,Life Sciences,Female,5,Sales Executive,Single,5.0,12,1,6.0,2,2,2,2,4.0,4.0,3.0,3,3,6051284100,100,7.70343010018215,17,10.024507058287796
21,1,Travel_Rarely,Sales,2,Marketing,Male,5,Healthcare Representative,Single,1.0,14,0,1.0,3,1,1,0,2.0,2.0,3.0,4,3,778968100,1,7.487674940898345,26,9.98884160756501
38,0,Travel_Rarely,Research & Development,2,Life Sciences,Female,2,Sales Executive,Married,1.0,11,1,5.0,3,5,0,4,4.0,3.0,3.0,2,3,1024640100,64,6.379568032015065,25,10.012142184557439
22,1,Travel_Rarely,Research & Development,3,Other,Male,4,Research Scientist,Married,1.0,14,0,1.0,3,1,0,0,3.0,1.0,3.0,3,3,2468102400,1,8.877802926383175,18,9.99978166438043
31,0,Travel_Rarely,Research & Development,5,Life Sciences,Male,5,Sales Executive,Married,1.0,12,2,13.0,6,12,5,7,1.0,4.0,3.0,2,3,17213440000,64,7.294315134099617,29,9.995616618773948
51,0,Travel_Rarely,Research & Development,4,Life Sciences,Female,1,Manager,Married,2.0,14,0,15.0,2,2,2,2,1.0,3.0,3.0,3,3,1626508900,1,6.720105485232067,24,10.008002812939521
37,0,Travel_Rarely,Research & Development,1,Life Sciences,Male,2,Sales Executive,Married,1.0,16,3,5.0,2,5,0,3,2.0,2.0,3.0,2,3,1083068100,576,7.974443296602388,19,9.98399334251607
46,0,Travel_Rarely,Sales,4,Marketing,Female,1,Sales Representative,Divorced,7.0,13,0,24.0,3,2,2,2,3.0,4.0,3.0,4,3,1824998400,9,10.019207482993197,16,10.00717120181406
36,0,Travel_Rarely,Research & Development,3,Technical Degree,Female,4,Research Scientist,Married,7.0,12,0,15.0,2,12,5,7,4.0,1.0,3.0,2,3,2556313600,729,9.546405092592591,21,9.998255787037037
44,1,Travel_Frequently,Sales,4,Life Sciences,Male,1,Research Scientist,Divorced,1.0,12,0,6.0,2,5,2,3,3.0,2.0,2.0,4,3,808833600,100,9.284885265700483,31,9.99574154589372
37,0,Travel_Rarely,Research & Development,2,Technical Degree,Male,2,Sales Executive,Divorced,2.0,14,0,19.0,2,10,4,7,3.0,2.0,2.0,3,3,730620900,361,6.1112451267056525,33,9.971982212475634
35,1,Travel_Rarely,Research & Development,4,Life Sciences,Male,2,Research Scientist,Single,1.0,22,1,10.0,4,10,7,7,3.0,4.0,3.0,3,4,362521600,225,8.590969189713732,32,9.990167394468704
33,0,Travel_Rarely,Research & Development,5,Medical,Male,2,Laboratory Technician,Married,6.0,19,0,14.0,3,10,7,6,4.0,1.0,3.0,3,3,6763417600,64,8.001345804988663,16,10.004100907029478
28,0,Travel_Rarely,Sales,3,Medical,Female,2,Sales Executive,Married,1.0,12,0,5.0,3,5,0,3,3.0,4.0,4.0,3,3,2271475600,81,7.398159873847647,32,9.999369238233866
39,0,Travel_Rarely,Sales,4,Marketing,Female,2,Laboratory Technician,Single,7.0,12,0,9.0,2,4,2,2,3.0,3.0,3.0,2,3,681210000,9,6.896431892143189,22,10.019394467689448
46,0,Non-Travel,Research & Development,2,Life Sciences,Male,2,Manufacturing Director,Single,8.0,17,0,6.0,2,2,2,2,2.0,2.0,3.0,3,3,3284436100,81,6.693008687700045,18,10.0050422953818
40,0,Travel_Rarely,Research & Development,2,Medical,Male,1,Research Director,Married,4.0,12,1,7.0,3,4,0,2,3.0,1.0,2.0,3,3,644652100,4,6.599432367149759,31,10.039196859903383
42,0,Travel_Rarely,Research & Development,4,Other,Female,2,Laboratory Technician,Married,5.0,11,0,10.0,2,0,0,0,2.0,1.0,2.0,3,3,3264979600,49,6.59779822029822,30,10.030018037518037
35,0,Non-Travel,Sales,1,Life Sciences,Female,2,Research Director,Divorced,2.0,18,3,15.0,3,7,1,7,2.0,4.0,3.0,3,3,1868832900,100,6.677146038443507,24,9.999765588373183
38,0,Non-Travel,Sales,4,Marketing,Male,3,Sales Executive,Divorced,5.0,11,0,13.0,3,11,3,8,1.0,2.0,3.0,3,3,5381689600,36,7.802694672131148,17,9.99020150273224
34,1,Travel_Frequently,Research & Development,1,Life Sciences,Male,1,Manufacturing Director,Married,4.0,23,2,11.0,2,7,0,7,4.0,1.0,2.0,4,4,18222300100,4,7.893937198067633,31,9.987852657004831
37,1,Travel_Rarely,Research & Development,3,Life Sciences,Male,1,Laboratory Technician,Single,1.0,11,1,10.0,5,10,0,8,4.0,1.0,1.0,3,3,18928256400,576,6.208432784636488,18,9.984109510745313
39,0,Travel_Frequently,Research & Development,1,Medical,Male,2,Healthcare Representative,Divorced,2.0,18,1,7.0,3,2,2,2,3.0,4.0,3.0,2,3,2657402500,4,6.198692468619247,22,9.993770339377035
43,0,Non-Travel,Human Resources,5,Medical,Female,3,Sales Executive,Single,4.0,18,0,7.0,2,3,1,2,1.0,3.0,2.0,3,3,509856400,64,7.418051868239922,35,9.999874631268437
41,0,Travel_Rarely,Research & Development,3,Life Sciences,Male,3,Research Scientist,Single,3.0,13,1,11.0,2,3,1,2,2.0,2.0,1.0,1,3,1293840900,9,7.800170212765957,26,9.998572104018912
41,0,Travel_Rarely,Research & Development,1,Technical Degree,Male,3,Laboratory Technician,Divorced,0.0,18,0,23.0,2,22,13,5,3.0,3.0,4.0,2,3,632522500,1,10.323418715846994,17,10.005010245901639
30,0,Travel_Rarely,Sales,3,Marketing,Female,2,Manager,Single,9.0,11,0,9.0,3,7,0,2,1.0,3.0,3.0,3,3,1953640000,676,7.069740663900414,20,10.00922429691102
26,1,Travel_Rarely,Human Resources,1,Technical Degree,Female,3,Sales Executive,Married,0.0,15,2,6.0,3,5,1,4,4.0,2.0,3.0,2,3,4327008400,4,8.69433695652174,31,10.006580917874397
46,1,Travel_Rarely,Research & Development,3,Medical,Male,1,Sales Executive,Married,4.0,11,1,13.0,2,9,3,7,4.0,2.0,4.0,3,3,1955408400,100,7.9677913832199545,16,9.981208616780044
40,0,Travel_Rarely,Sales,2,Medical,Female,3,Sales Executive,Divorced,4.0,18,0,12.0,3,5,0,3,3.0,4.0,3.0,3,3,10555507600,729,6.591388888888889,28,9.99394969003338
34,0,Travel_Rarely,Research & Development,3,Life Sciences,Male,2,Laboratory Technician,Married,1.0,14,0,10.0,5,10,4,8,2.0,3.0,3.0,2,3,2854764900,4,7.373935584291188,29,9.983465038314177
58,0,Non-Travel,Research & Development,4,Medical,Male,1,Laboratory Technician,Divorced,4.0,12,1,37.0,3,16,14,14,2.0,2.0,2.0,3,3,564537600,4,6.604357567443987,18,9.98256172839506
35,0,Travel_Rarely,Research & Development,1,Technical Degree,Female,3,Manufacturing Director,Married,0.0,14,0,6.0,3,5,0,3,2.0,3.0,4.0,2,3,2857971600,64,7.404206871345028,33,10.003557504873296
47,0,Travel_Rarely,Research & Development,5,Medical,Female,2,Research Scientist,Divorced,8.0,14,1,28.0,3,22,14,10,3.0,2.0,3.0,3,3,799192900,361,10.70971158392435,26,10.01005319148936
40,0,Travel_Rarely,Research & Development,4,Life Sciences,Male,2,Manager,Divorced,2.0,13,1,15.0,3,7,7,7,2.0,1.0,3.0,3,3,39772324900,1,7.2272386310361,24,9.970009376465073
54,0,Travel_Rarely,Sales,4,Medical,Male,1,Research Scientist,Married,4.0,14,0,14.0,3,7,1,7,4.0,4.0,2.0,2,3,980316100,729,7.084196991751577,32,9.985029112081515
31,0,Travel_Frequently,Sales,4,Other,Female,3,Manufacturing Director,Married,2.0,18,0,9.0,2,3,2,2,1.0,1.0,3.0,3,3,651270400,64,7.490906619385343,26,9.971228132387706
28,0,Travel_Rarely,Sales,2,Life Sciences,Male,3,Manager,Married,1.0,15,0,3.0,6,3,1,2,3.0,1.0,3.0,3,3,2004352900,1,7.552442028985507,31,9.994363526570048
38,0,Travel_Rarely,Research & Development,3,Medical,Female,2,Manufacturing Director,Married,2.0,13,2,20.0,3,4,0,3,2.0,4.0,2.0,1,3,4191267600,361,9.511932773109244,23,9.993969421101774
26,0,Travel_Rarely,Sales,3,Marketing,Female,1,Healthcare Representative,Single,1.0,12,0,5.0,2,5,1,2,3.0,4.0,3.0,2,3,919908900,64,6.121894467689447,22,10.005781032078103
58,0,Travel_Frequently,Research & Development,4,Technical Degree,Female,1,Sales Representative,Married,2.0,13,1,23.0,3,2,2,2,1.0,3.0,3.0,3,3,862009600,100,9.588722222222223,21,10.00095138888889
18,0,Non-Travel,Research & Development,3,Life Sciences,Male,3,Sales Representative,Single,1.0,24,2,0.0,4,0,0,0,2.0,3.0,1.0,3,4,34618323600,4,7.6525319148936175,26,9.984823877068559
31,1,Travel_Rarely,Research & Development,3,Life Sciences,Male,3,Laboratory Technician,Married,0.0,14,1,2.0,2,1,0,0,4.0,1.0,3.0,3,3,470022400,4,6.110721040189125,26,10.000932624113476
29,1,Travel_Rarely,Research & Development,2,Medical,Male,1,Manager,Divorced,4.0,14,1,4.0,5,2,2,0,1.0,1.0,3.0,2,3,813960900,64,8.695968221307728,18,9.979612482853225
45,0,Non-Travel,Sales,4,Technical Degree,Male,1,Research Scientist,Married,4.0,15,0,10.0,3,8,5,7,3.0,3.0,4.0,2,3,29063430400,1,7.203180076628352,29,10.00044061302682
36,0,Travel_Rarely,Sales,3,Technical Degree,Female,5,Laboratory Technician,Married,4.0,11,0,15.0,5,1,0,0,4.0,2.0,3.0,3,3,524410000,4,10.658820330969268,26,9.984559101654845
43,0,Travel_Frequently,Sales,3,Medical,Male,1,Research Director,Married,1.0,23,0,7.0,2,7,7,7,1.0,4.0,3.0,3,4,1296000000,64,6.99689734299517,31,9.981213768115943
27,0,Travel_Frequently,Sales,4,Life Sciences,Male,5,Research Scientist,Single,0.0,13,0,6.0,2,5,0,2,4.0,4.0,2.0,3,3,443944900,64,10.206041092745638,19,9.977712350780532
29,0,Travel_Frequently,Research & Development,2,Medical,Male,1,Human Resources,Married,1.0,11,0,11.0,1,11,3,10,4.0,4.0,4.0,3,3,1693322500,36,7.69339545241444,24,9.963091889357713
32,0,Travel_Frequently,Sales,4,Life Sciences,Male,4,Sales Executive,Single,8.0,13,0,4.0,4,0,0,0,4.0,4.0,4.0,3,3,1872292900,81,7.601602657004831,31,10.009977053140096
42,0,Non-Travel,Research & Development,3,Medical,Male,1,Manager,Married,3.0,18,0,10.0,2,6,3,3,3.0,3.0,2.0,3,3,31883673600,121,6.490872011251758,24,9.976590482887952
47,0,Travel_Rarely,Sales,2,Life Sciences,Female,5,Manager,Single,4.0,14,1,7.0,3,2,2,0,2.0,3.0,3.0,2,3,1021441600,4,6.100282694198623,35,10.006798180924287
46,0,Travel_Rarely,Human Resources,3,Life Sciences,Female,1,Laboratory Technician,Divorced,3.0,21,0,12.0,2,9,4,7,4.0,4.0,2.0,3,4,36408456100,1,7.237116013071895,23,9.993406862745097
28,0,Non-Travel,Research & Development,3,Life Sciences,Male,1,Sales Executive,Divorced,1.0,16,1,3.0,3,3,2,2,3.0,4.0,3.0,2,3,8038915600,49,7.694691225560324,28,10.012197186456843
29,0,Travel_Rarely,Research & Development,3,Medical,Female,1,Manufacturing Director,Divorced,8.0,11,1,11.0,4,7,1,6,4.0,3.0,3.0,3,3,488410000,256,7.998587061087061,30,10.03010582010582
42,0,Travel_Rarely,Sales,4,Medical,Female,2,Research Director,Single,4.0,17,1,8.0,5,0,0,0,4.0,3.0,3.0,3,3,2060252100,4,6.593369064084832,20,10.010064545873675
32,1,Travel_Rarely,Research & Development,1,Medical,Male,2,Laboratory Technician,Single,7.0,11,0,7.0,3,2,2,2,3.0,2.0,2.0,3,3,751308100,1,10.411639709329583,24,9.994796061884669
46,0,Travel_Rarely,Research & Development,1,Life Sciences,Male,2,Laboratory Technician,Divorced,2.0,14,0,25.0,0,19,2,8,1.0,1.0,3.0,3,3,1218708100,529,7.870749299719889,23,9.993070728291315
27,0,Travel_Rarely,Sales,3,Life Sciences,Female,5,Research Scientist,Married,1.0,14,2,9.0,4,9,5,8,2.0,3.0,3.0,4,3,2062068100,4,7.0824721009218825,32,10.00101043182921
29,0,Travel_Rarely,Research & Development,2,Medical,Male,3,Sales Executive,Married,1.0,25,1,1.0,3,1,0,0,4.0,2.0,3.0,3,4,717168400,1,7.980670212765958,26,9.9739231678487
43,0,Travel_Rarely,Research & Development,3,Life Sciences,Male,1,Manufacturing Director,Married,7.0,13,2,21.0,3,16,6,14,1.0,3.0,3.0,2,3,5444964100,1,6.301853764921947,19,9.99771349862259
48,0,Travel_Rarely,Research & Development,3,Life Sciences,Female,2,Manager,Married,4.0,14,0,29.0,3,22,12,9,4.0,2.0,3.0,2,3,3933798400,4,6.104008438818566,24,10.00200656352555
29,1,Travel_Frequently,Research & Development,2,Life Sciences,Female,1,Laboratory Technician,Single,1.0,17,0,1.0,3,1,1,0,4.0,4.0,2.0,2,3,2724840000,169,8.589410018993354,27,10.021437559354226
46,1,Travel_Rarely,Research & Development,4,Medical,Female,2,Sales Representative,Married,5.0,25,1,14.0,1,8,0,7,3.0,2.0,3.0,4,4,752404900,16,7.884351449275362,31,10.031536231884058
27,0,Travel_Frequently,Research & Development,4,Medical,Male,3,Healthcare Representative,Married,0.0,20,2,8.0,3,7,7,3,4.0,1.0,2.0,3,4,2498000400,256,7.683338001867414,23,9.963334500466853
55,0,Travel_Rarely,Research & Development,3,Life Sciences,Female,1,Human Resources,Married,8.0,13,1,19.0,2,5,0,4,2.0,4.0,4.0,3,3,773396100,4,6.234294962335217,25,10.015693267419962
28,0,Travel_Rarely,Research & Development,2,Life Sciences,Male,2,Laboratory Technician,Married,1.0,18,1,1.0,2,1,0,0,2.0,2.0,3.0,4,3,4694990400,841,7.032183064121391,34,9.998204845814978
30,1,Travel_Rarely,Sales,4,Life Sciences,Female,2,Sales Executive,Single,1.0,12,2,1.0,3,1,0,0,2.0,4.0,2.0,3,3,2450250000,144,7.692906920077973,33,9.984375
22,1,Travel_Rarely,Research & Development,2,Life Sciences,Female,2,Laboratory Technician,Single,1.0,19,3,1.0,3,1,0,0,4.0,2.0,3.0,3,3,1280924100,256,10.503807727480567,18,9.995146319158664
36,0,Travel_Rarely,Research & Development,3,Life Sciences,Male,1,Sales Executive,Married,1.0,14,1,10.0,2,10,1,7,2.0,3.0,3.0,2,3,17400248100,121,9.495159243295019,29,9.994006226053639
31,0,Travel_Rarely,Research & Development,4,Life Sciences,Female,5,Manager,Divorced,1.0,14,0,10.0,2,10,0,2,2.0,3.0,3.0,3,3,10768212900,4,7.479487994350282,25,9.98624411487759
34,0,Travel_Rarely,Sales,2,Technical Degree,Female,1,Sales Executive,Married,2.0,14,1,9.0,2,5,1,0,3.0,4.0,3.0,3,3,499522500,196,8.122622655122656,30,10.015526695526695
29,0,Travel_Rarely,Research & Development,5,Life Sciences,Female,1,Sales Executive,Single,3.0,12,0,11.0,4,3,1,2,4.0,1.0,3.0,2,3,11029200400,25,7.120189933523267,27,10.043028252611586
37,0,Travel_Rarely,Research & Development,2,Medical,Male,1,Manufacturing Director,Married,5.0,13,0,16.0,4,5,0,4,4.0,1.0,3.0,4,3,404412100,49,8.666963519313306,28,9.983134239389605
35,0,Travel_Rarely,Sales,1,Technical Degree,Male,2,Laboratory Technician,Married,0.0,25,1,4.0,2,3,0,2,4.0,2.0,3.0,2,4,345588100,4,10.470496113397349,18,9.987908093278465
45,0,Travel_Rarely,Research & Development,3,Medical,Female,2,Sales Executive,Married,0.0,14,1,10.0,2,9,3,8,2.0,4.0,2.0,2,3,1413760000,9,7.106643709825528,19,9.969695821854913
36,0,Travel_Frequently,Research & Development,3,Medical,Female,4,Manufacturing Director,Single,1.0,17,1,10.0,5,10,0,8,2.0,4.0,2.0,1,3,31609284100,25,6.496840430739109,34,10.023489965736662
40,0,Travel_Rarely,Research & Development,3,Other,Male,1,Sales Executive,Divorced,2.0,13,0,22.0,3,19,11,16,1.0,1.0,3.0,3,3,4668988900,9,6.775284608378871,17,10.005513433515482
26,0,Travel_Rarely,Research & Development,2,Life Sciences,Male,2,Human Resources,Married,1.0,13,0,1.0,2,1,1,0,2.0,3.0,2.0,2,3,4640334400,676,9.301751867413632,23,9.985447012138188
48,0,Travel_Frequently,Research & Development,3,Life Sciences,Male,2,Research Director,Divorced,3.0,14,0,24.0,2,22,4,7,4.0,4.0,3.0,4,3,38966760000,4,7.232274805669867,18,9.980176040237767
44,0,Travel_Rarely,Sales,2,Medical,Male,4,Manager,Married,2.0,12,1,10.0,0,2,2,2,2.0,1.0,3.0,3,3,35010152100,1,7.077287920700783,20,10.01809704933149
34,1,Non-Travel,Research & Development,2,Life Sciences,Female,1,Sales Representative,Married,1.0,12,1,5.0,5,5,3,0,4.0,1.0,3.0,3,3,1363086400,729,10.187851063829788,26,9.984937352245861
56,1,Travel_Rarely,Human Resources,2,Medical,Female,5,Sales Executive,Single,1.0,21,0,5.0,3,4,1,0,1.0,4.0,3.0,3,4,654848100,1,6.864824434824435,30,10.009114959114958
36,0,Travel_Rarely,Research & Development,3,Technical Degree,Female,3,Healthcare Representative,Married,2.0,14,0,12.0,3,4,1,3,3.0,2.0,1.0,3,3,633528900,169,7.289100877192983,33,9.995038986354775
41,0,Travel_Rarely,Research & Development,3,Life Sciences,Female,1,Sales Executive,Married,5.0,18,0,14.0,3,5,1,4,3.0,2.0,3.0,3,3,4386412900,25,6.413640223192624,32,10.01833090732654
42,0,Travel_Rarely,Research & Development,3,Technical Degree,Female,2,Sales Executive,Married,9.0,12,1,18.0,4,13,5,7,3.0,1.0,4.0,3,3,33361022500,49,7.383247126436782,29,10.003037595785441
31,0,Travel_Rarely,Sales,4,Life Sciences,Female,1,Sales Executive,Divorced,2.0,23,1,8.0,2,5,1,4,3.0,4.0,3.0,2,4,25998337600,81,8.327236652236653,30,10.014731842231841
34,0,Travel_Rarely,Research & Development,1,Life Sciences,Female,3,Laboratory Technician,Married,3.0,12,0,9.0,5,4,0,1,4.0,4.0,2.0,3,3,668222500,64,9.21250929800093,22,9.999783821478383
31,0,Travel_Rarely,Sales,2,Life Sciences,Female,3,Manufacturing Director,Divorced,8.0,21,2,4.0,3,2,2,2,1.0,3.0,2.0,4,4,33171336900,625,6.801304143126177,25,10.011694915254237
45,0,Travel_Frequently,Research & Development,4,Life Sciences,Female,2,Manager,Single,4.0,18,1,12.0,2,4,0,3,2.0,3.0,3.0,3,3,896403600,64,7.784967320261439,23,9.987302754435108
33,0,Travel_Rarely,Sales,3,Life Sciences,Female,5,Sales Executive,Single,1.0,13,1,10.0,3,10,0,9,2.0,3.0,2.0,3,3,149572900,1,6.45017224648229,32,10.02475376031053
28,0,Travel_Frequently,Sales,3,Life Sciences,Male,4,Research Scientist,Married,1.0,11,0,7.0,3,7,0,7,3.0,4.0,3.0,3,3,124992400,64,10.603598218471637,24,9.988001640881388
29,1,Travel_Frequently,Human Resources,4,Human Resources,Male,2,Sales Executive,Single,1.0,11,0,1.0,3,1,0,0,3.0,1.0,3.0,3,3,826562500,4,6.806472222222222,31,9.993852657004831
39,0,Non-Travel,Research & Development,5,Medical,Female,2,Sales Representative,Married,6.0,19,1,10.0,4,3,1,2,1.0,3.0,3.0,3,3,35434297600,64,6.29495652173913,31,9.991621980676328
27,0,Travel_Rarely,Sales,2,Technical Degree,Male,2,Healthcare Representative,Married,1.0,12,1,6.0,2,5,1,2,2.0,2.0,2.0,3,3,18433492900,9,7.285151072124757,33,10.003725633528266
34,0,Travel_Frequently,Research & Development,4,Life Sciences,Female,2,Manufacturing Director,Married,1.0,12,3,16.0,4,15,6,11,3.0,4.0,3.0,3,3,689062500,81,8.927714025500912,17,9.979634562841529
28,1,Travel_Rarely,Research & Development,3,Technical Degree,Male,1,Research Director,Single,3.0,16,1,6.0,4,2,2,2,4.0,3.0,3.0,3,3,35302652100,625,9.425028344671201,16,9.987860544217686
47,0,Non-Travel,Research & Development,4,Medical,Male,1,Research Scientist,Married,8.0,11,0,16.0,3,8,1,7,3.0,2.0,4.0,3,3,2059344400,1,6.003419540229885,29,10.026800766283525
56,0,Travel_Rarely,Research & Development,3,Technical Degree,Female,2,Sales Executive,Married,4.0,14,0,6.0,6,0,0,0,4.0,1.0,3.0,3,3,39390340900,16,7.890800865800866,30,9.988478835978835
39,0,Travel_Rarely,Research & Development,3,Other,Female,1,Laboratory Technician,Married,1.0,12,1,10.0,2,10,7,9,1.0,1.0,3.0,3,3,11050214400,1,6.986115942028985,31,10.024543478260869
38,0,Travel_Frequently,Research & Development,2,Medical,Female,1,Manager,Divorced,1.0,13,0,20.0,2,20,0,7,4.0,2.0,3.0,3,3,1974913600,16,10.808027326106595,15,9.963806458897922
58,0,Travel_Rarely,Sales,3,Marketing,Male,5,Sales Representative,Married,4.0,21,1,29.0,3,1,0,0,4.0,4.0,2.0,3,4,463971600,25,9.888919376693767,15,10.008936314363144
32,1,Travel_Frequently,Research & Development,3,Life Sciences,Male,2,Laboratory Technician,Single,3.0,17,1,8.0,2,4,0,3,1.0,3.0,3.0,3,3,36825610000,81,10.220872340425533,26,9.975755319148936
38,0,Travel_Rarely,Research & Development,4,Life Sciences,Female,1,Sales Representative,Divorced,2.0,21,1,10.0,1,5,0,3,2.0,4.0,4.0,3,4,2016010000,9,7.62043853427896,26,9.989518912529551
49,0,Travel_Frequently,Sales,4,Life Sciences,Male,2,Research Scientist,Married,3.0,11,1,28.0,4,5,4,3,2.0,4.0,3.0,2,3,1229203600,121,6.2849574468085105,26,10.014806146572104
42,0,Travel_Rarely,Sales,3,Life Sciences,Female,1,Sales Executive,Divorced,3.0,12,1,14.0,3,0,0,0,2.0,4.0,3.0,3,3,562638400,1,8.701982167352538,18,10.01911522633745
27,1,Travel_Frequently,Sales,1,Life Sciences,Male,4,Laboratory Technician,Married,1.0,13,1,1.0,2,1,0,0,1.0,2.0,3.0,3,3,10467336100,64,6.502103503918856,20,10.022174965421852
35,0,Travel_Rarely,Research & Development,1,Medical,Male,1,Sales Executive,Married,0.0,18,0,6.0,4,5,0,4,2.0,1.0,1.0,3,3,2926810000,625,6.612638888888889,19,10.028335629017448
28,0,Non-Travel,Research & Development,1,Medical,Male,3,Research Scientist,Single,1.0,16,2,5.0,2,5,1,4,3.0,3.0,2.0,3,3,6364848400,441,6.665572318007663,29,9.98925766283525
31,0,Non-Travel,Sales,1,Medical,Male,1,Sales Executive,Divorced,1.0,11,1,4.0,4,4,2,3,3.0,1.0,4.0,4,3,1495368900,529,9.812982456140352,14,10.014360098965362
36,0,Non-Travel,Research & Development,3,Life Sciences,Male,2,Research Scientist,Married,1.0,19,2,5.0,5,5,0,2,1.0,2.0,3.0,1,3,805424400,1,7.101659779614325,19,9.994151744719927
34,0,Travel_Rarely,Sales,3,Marketing,Male,4,Healthcare Representative,Single,1.0,16,1,14.0,2,14,2,1,1.0,4.0,2.0,3,3,2204302500,4,6.0247934472934475,27,9.988118471035136
34,0,Travel_Rarely,Research & Development,3,Technical Degree,Female,1,Research Director,Divorced,1.0,16,0,9.0,2,8,1,1,4.0,3.0,2.0,2,3,1114892100,361,6.802054617909048,24,10.007511720581341
26,0,Travel_Rarely,Research & Development,2,Life Sciences,Male,2,Research Scientist,Single,0.0,13,0,8.0,6,7,7,6,3.0,1.0,2.0,4,3,432640000,4,6.771128328741965,19,10.001681588613407
29,0,Travel_Rarely,Research & Development,4,Other,Male,2,Laboratory Technician,Married,0.0,22,0,6.0,2,5,0,2,1.0,1.0,2.0,4,4,439321600,4,7.720940972222222,21,10.009905092592593
32,0,Non-Travel,Research & Development,1,Life Sciences,Male,3,Manager,Divorced,5.0,17,1,9.0,5,5,1,2,3.0,4.0,3.0,4,3,3855168100,9,6.592589936247723,17,10.003542805100182
31,0,Travel_Frequently,Research & Development,5,Technical Degree,Female,2,Human Resources,Married,1.0,14,1,10.0,2,10,8,7,4.0,1.0,3.0,3,3,32619972100,625,6.921297468354431,24,10.010675105485232
28,1,Travel_Rarely,Sales,5,Life Sciences,Female,2,Sales Representative,Divorced,5.0,15,1,6.0,2,4,0,3,3.0,4.0,2.0,2,3,29319712900,49,6.3198641703377385,34,9.954932697014193
38,0,Travel_Rarely,Research & Development,2,Technical Degree,Male,3,Sales Representative,Single,4.0,12,0,20.0,3,1,0,0,1.0,1.0,2.0,2,3,562638400,81,7.179834247828075,18,10.002929812528578
35,0,Travel_Rarely,Research & Development,3,Life Sciences,Male,2,Sales Representative,Married,1.0,18,1,10.0,1,10,0,9,3.0,4.0,3.0,1,3,2384368900,25,8.815632850241547,31,9.977985507246377
27,0,Travel_Rarely,Sales,3,Life Sciences,Female,1,Manager,Single,1.0,15,0,7.0,2,7,0,7,4.0,4.0,3.0,3,3,1524121600,4,7.891162551440329,18,10.005258344764517
32,0,Travel_Rarely,Research & Development,1,Medical,Female,2,Research Scientist,Single,8.0,17,1,8.0,2,1,0,0,4.0,4.0,3.0,2,3,2140912900,64,7.298776400367309,19,9.99227157943067
31,1,Travel_Frequently,Research & Development,1,Other,Male,3,Sales Executive,Married,1.0,14,1,10.0,2,10,0,8,1.0,4.0,3.0,3,3,5032483600,4,10.31769995210728,29,10.002974137931034
53,1,Travel_Rarely,Research & Development,3,Medical,Male,1,Research Scientist,Single,6.0,15,1,15.0,4,2,2,2,1.0,1.0,2.0,3,3,1171692900,324,10.80799433106576,16,10.005095238095238
54,0,Travel_Rarely,Research & Development,3,Other,Male,3,Research Scientist,Married,3.0,17,1,9.0,2,4,2,3,1.0,3.0,2.0,3,3,4454227600,196,7.8965205314009665,31,9.987571256038647
33,0,Travel_Frequently,Research & Development,4,Medical,Female,4,Sales Executive,Divorced,1.0,14,3,9.0,2,9,2,8,4.0,3.0,3.0,3,3,28493440000,4,7.898865836791148,20,9.968463577685569
43,0,Travel_Rarely,Research & Development,3,Medical,Male,1,Research Scientist,Married,1.0,12,1,10.0,0,10,0,9,1.0,3.0,3.0,3,3,8270083600,9,7.480150273224044,17,9.995792349726775
38,0,Travel_Frequently,Research & Development,5,Medical,Female,4,Sales Executive,Married,0.0,14,0,7.0,3,6,1,2,4.0,2.0,3.0,2,3,7133491600,4,7.958165458937199,31,10.028522946859903
55,0,Travel_Rarely,Sales,3,Marketing,Male,2,Laboratory Technician,Married,4.0,15,1,35.0,3,10,1,4,3.0,2.0,3.0,2,3,14199105600,81,8.186591016548464,26,10.015203309692671
31,0,Travel_Rarely,Sales,3,Other,Male,1,Manufacturing Director,Divorced,1.0,13,0,1.0,2,1,0,0,4.0,4.0,3.0,3,3,2055715600,36,10.80473025711662,19,9.9818709825528
39,0,Travel_Rarely,Research & Development,3,Life Sciences,Male,2,Sales Executive,Single,0.0,12,1,21.0,5,20,11,10,2.0,1.0,3.0,2,3,9706190400,16,6.0890926734594855,32,9.978008248423096
42,0,Non-Travel,Research & Development,4,Life Sciences,Female,2,Research Scientist,Single,1.0,13,1,20.0,3,20,3,7,4.0,3.0,3.0,3,3,3783480100,100,6.591018922852983,32,10.003579573022805
31,0,Non-Travel,Research & Development,2,Life Sciences,Male,2,Healthcare Representative,Married,4.0,14,0,13.0,3,11,4,8,3.0,3.0,4.0,3,3,529920400,196,6.103670634920634,23,10.00202847805789
54,0,Travel_Rarely,Research & Development,3,Medical,Female,2,Human Resources,Single,6.0,13,1,9.0,2,5,1,4,3.0,1.0,3.0,4,3,557904400,1,10.512341915085818,15,9.99413392050587
24,0,Travel_Rarely,Research & Development,4,Other,Male,1,Manufacturing Director,Single,1.0,11,2,4.0,5,4,1,2,2.0,3.0,2.0,1,3,31901532100,25,6.875998155832181,20,9.988318349469802
23,0,Travel_Rarely,Research & Development,3,Life Sciences,Male,2,Research Scientist,Single,1.0,11,1,5.0,2,5,1,4,4.0,4.0,4.0,3,3,36814096900,49,6.994301453352087,24,9.992732067510548
40,0,Travel_Frequently,Research & Development,3,Medical,Female,3,Research Scientist,Married,1.0,21,0,10.0,1,10,9,4,4.0,3.0,4.0,2,4,38876008900,441,7.811326648224989,20,10.000108344859381
40,0,Travel_Rarely,Research & Development,1,Medical,Female,5,Research Scientist,Married,3.0,18,3,15.0,3,11,5,10,2.0,2.0,3.0,2,3,1255993600,64,6.1602800925925925,21,9.963246527777779
25,0,Travel_Rarely,Sales,5,Medical,Female,2,Laboratory Technician,Married,4.0,12,0,6.0,2,2,1,2,3.0,2.0,3.0,3,3,7225000000,400,6.208804454233969,34,9.9981093979442
30,0,Travel_Rarely,Human Resources,4,Life Sciences,Male,2,Research Scientist,Married,1.0,11,0,12.0,3,12,1,7,4.0,2.0,2.0,2,3,2172492100,400,6.082088249754179,35,9.993989675516225
25,0,Travel_Rarely,Research & Development,2,Medical,Male,5,Sales Executive,Divorced,6.0,15,1,7.0,2,2,0,2,4.0,3.0,2.0,3,3,1683460900,49,10.194130901287554,28,9.994251311397234
47,0,Travel_Rarely,Research & Development,4,Life Sciences,Male,2,Sales Executive,Single,2.0,13,1,25.0,2,17,12,11,1.0,3.0,3.0,2,3,1805400100,1,7.778402777777778,29,9.976457136015327
33,0,Non-Travel,Research & Development,3,Life Sciences,Male,2,Research Scientist,Divorced,1.0,12,0,1.0,4,1,0,0,2.0,3.0,2.0,3,3,19672867600,1,6.171750478927203,29,10.016332614942527
38,0,Travel_Rarely,Research & Development,3,Life Sciences,Female,2,Sales Executive,Married,0.0,17,0,16.0,3,15,5,8,4.0,2.0,3.0,3,3,4751344900,361,7.904476359338061,26,9.987521276595745
31,0,Travel_Rarely,Research & Development,4,Medical,Female,3,Sales Executive,Married,0.0,13,1,3.0,3,2,1,2,1.0,3.0,3.0,3,3,3751562500,100,7.180814009661836,31,9.988903381642512
38,0,Travel_Frequently,Research & Development,4,Other,Male,2,Research Scientist,Married,2.0,19,0,10.0,2,8,7,7,1.0,3.0,3.0,3,3,1346156100,1,6.509626951331497,19,9.981802112029385
42,0,Travel_Rarely,Research & Development,3,Medical,Male,2,Laboratory Technician,Divorced,6.0,19,1,9.0,3,4,1,2,4.0,1.0,2.0,1,3,10016006400,36,9.767906420765028,17,10.039135928961748
41,0,Travel_Rarely,Sales,2,Medical,Male,1,Healthcare Representative,Married,3.0,17,1,12.0,1,5,1,0,4.0,4.0,3.0,1,3,569776900,4,7.698772554605887,27,10.013399810066476
47,0,Non-Travel,Research & Development,2,Medical,Male,1,Sales Executive,Married,0.0,11,1,14.0,2,13,5,12,3.0,2.0,1.0,2,3,2152032100,441,7.228134756657484,19,10.038583562901746
35,0,Travel_Rarely,Research & Development,3,Life Sciences,Male,2,Healthcare Representative,Married,7.0,15,0,5.0,2,2,2,2,4.0,3.0,3.0,2,3,6237840400,16,10.39878884180791,25,10.022520009416196
22,0,Travel_Rarely,Human Resources,1,Human Resources,Male,2,Sales Executive,Single,0.0,11,0,4.0,1,3,1,2,4.0,3.0,4.0,3,3,642115600,144,6.400190058479533,33,10.00362694931774
35,0,Travel_Rarely,Research & Development,3,Medical,Female,2,Sales Executive,Single,1.0,25,2,10.0,4,10,0,8,2.0,3.0,3.0,3,4,17271216400,81,8.004882434301521,20,9.99851083448594
33,0,Travel_Rarely,Sales,4,Medical,Male,3,Healthcare Representative,Married,0.0,14,0,10.0,2,9,8,1,2.0,4.0,3.0,2,3,259532100,9,9.103674504379898,20,10.010640848317196
32,0,Travel_Rarely,Research & Development,2,Technical Degree,Male,3,Manufacturing Director,Single,1.0,13,0,6.0,4,6,4,1,3.0,2.0,3.0,3,3,2876176900,9,6.986453779599271,17,9.994313524590163
40,0,Travel_Rarely,Research & Development,4,Medical,Male,2,Research Director,Married,8.0,17,1,8.0,3,1,0,0,1.0,4.0,2.0,2,3,2571504100,1,6.16474537037037,33,10.006407163742692
32,0,Travel_Rarely,Research & Development,2,Medical,Male,3,Sales Executive,Married,0.0,13,0,3.0,3,2,2,2,2.0,2.0,3.0,3,3,18755302500,1,6.009841772151899,24,10.006080637599625
39,0,Travel_Rarely,Research & Development,4,Life Sciences,Male,1,Sales Executive,Single,7.0,14,1,18.0,1,7,1,7,1.0,4.0,3.0,3,3,17961360400,16,8.018078206962327,28,10.015029804482593
38,0,Travel_Rarely,Sales,4,Medical,Female,2,Research Director,Married,3.0,11,1,20.0,3,18,1,11,2.0,3.0,3.0,2,3,411684100,400,8.000954106280194,31,10.01792149758454
32,0,Travel_Rarely,Research & Development,3,Life Sciences,Male,2,Manager,Married,1.0,12,2,14.0,3,14,5,7,3.0,4.0,3.0,3,3,4066612900,324,7.898323877068559,26,10.010345153664304
37,0,Travel_Rarely,Research & Development,3,Life Sciences,Female,4,Sales Executive,Married,1.0,17,1,16.0,3,16,6,8,3.0,4.0,3.0,3,3,2947404100,1,9.385844859382205,20,10.008518902720148
25,0,Travel_Rarely,Research & Development,4,Medical,Female,2,Manufacturing Director,Divorced,0.0,21,0,6.0,2,5,0,4,1.0,3.0,2.0,3,4,775622500,4,7.971588934613626,18,10.005197759487883
52,0,Non-Travel,Research & Development,4,Other,Male,1,Manager,Divorced,2.0,16,1,16.0,3,9,0,0,1.0,4.0,2.0,3,3,2128899600,4,6.804641393442623,17,10.021372950819671
44,0,Travel_Rarely,Research & Development,1,Life Sciences,Female,1,Sales Representative,Single,6.0,15,0,6.0,2,4,1,2,2.0,4.0,3.0,3,3,681210000,64,10.805340038314176,29,9.973771551724138
21,0,Travel_Rarely,Sales,5,Medical,Male,3,Research Scientist,Single,1.0,19,3,2.0,0,2,1,2,3.0,1.0,3.0,3,3,4471596900,100,8.159645513714551,22,10.02692119944212
39,0,Non-Travel,Research & Development,4,Life Sciences,Female,2,Research Director,Single,2.0,12,1,21.0,4,6,1,3,4.0,4.0,2.0,4,3,2231617600,9,6.306303506375228,17,10.034280510018215
23,1,Travel_Frequently,Research & Development,4,Life Sciences,Female,2,Manufacturing Director,Married,1.0,11,0,1.0,3,1,1,0,4.0,1.0,2.0,3,3,3818004100,4,8.025331384015596,33,10.00559454191033
36,0,Travel_Rarely,Research & Development,3,Life Sciences,Female,2,Laboratory Technician,Married,0.0,19,0,10.0,2,9,3,4,1.0,4.0,3.0,3,3,3745440000,576,7.792490855052583,18,9.9614906264289
36,0,Travel_Frequently,Research & Development,1,Medical,Male,2,Sales Executive,Divorced,7.0,15,0,18.0,3,4,0,2,4.0,2.0,3.0,2,3,11227521600,256,7.844118408662901,25,10.017018596986818
56,0,Non-Travel,Research & Development,1,Life Sciences,Male,1,Sales Executive,Divorced,1.0,20,0,13.0,6,13,1,9,3.0,3.0,2.0,2,4,2988808900,64,6.592797017797018,30,10.00755772005772
29,1,Travel_Rarely,Research & Development,4,Medical,Male,2,Sales Representative,Married,9.0,25,0,4.0,4,2,2,2,1.0,4.0,4.0,3,4,897601600,81,10.903593117408906,14,9.99333558254611
42,0,Travel_Rarely,Research & Development,1,Life Sciences,Male,3,Research Scientist,Married,5.0,24,2,24.0,3,22,4,14,1.0,3.0,2.0,2,4,9996000400,289,7.398867258652095,17,9.998497267759562
56,1,Travel_Rarely,Sales,4,Other,Male,2,Sales Executive,Married,8.0,24,1,14.0,3,10,9,8,4.0,3.0,1.0,3,4,1663008400,100,6.8206794131794135,30,10.00005291005291
41,0,Travel_Rarely,Research & Development,4,Life Sciences,Female,1,Healthcare Representative,Married,0.0,15,1,21.0,3,20,0,10,1.0,2.0,3.0,4,3,11924640000,169,7.800049645390072,26,10.02797754137116
34,0,Travel_Rarely,Sales,3,Medical,Female,1,Laboratory Technician,Married,1.0,13,1,8.0,3,8,1,7,4.0,3.0,3.0,3,3,3883782400,1,7.3836256038647345,31,10.033626811594203
36,0,Non-Travel,Sales,1,Medical,Female,1,Human Resources,Divorced,1.0,14,0,15.0,3,15,11,11,4.0,4.0,2.0,3,3,17548300900,1,7.675329936923823,32,10.007535177098495
41,0,Travel_Rarely,Research & Development,5,Medical,Male,1,Healthcare Representative,Divorced,2.0,13,0,14.0,3,5,0,4,3.0,2.0,3.0,3,3,1665456100,1,7.091824074074074,21,10.002076388888888
32,0,Travel_Rarely,Sales,4,Life Sciences,Female,2,Research Scientist,Single,1.0,11,0,4.0,3,4,1,2,4.0,1.0,3.0,3,3,3328136100,81,6.725276595744681,26,9.979770685579195
35,0,Travel_Rarely,Research & Development,3,Medical,Female,2,Healthcare Representative,Single,1.0,16,1,9.0,3,9,1,7,3.0,4.0,3.0,3,3,573123600,256,10.505156028368795,26,9.977725768321513
38,0,Travel_Rarely,Research & Development,3,Medical,Male,3,Sales Representative,Married,1.0,22,0,10.0,3,10,1,9,1.0,4.0,3.0,2,4,1524121600,529,6.90596703550023,20,9.995635085292761
50,1,Travel_Frequently,Sales,2,Life Sciences,Female,2,Laboratory Technician,Divorced,7.0,14,1,12.0,2,6,0,1,2.0,3.0,3.0,2,3,28220640100,16,7.208894824311491,27,9.998224121557454
45,0,Travel_Rarely,Sales,3,Life Sciences,Male,1,Laboratory Technician,Single,8.0,16,1,8.0,2,5,0,1,4.0,3.0,3.0,4,3,1316964100,576,6.076578117418729,32,10.000878214459
35,0,Travel_Frequently,Sales,2,Life Sciences,Male,2,Manufacturing Director,Married,1.0,25,0,10.0,2,10,0,2,3.0,3.0,4.0,2,4,1042644100,49,8.430802336671437,28,10.017556032427278
40,0,Travel_Rarely,Research & Development,4,Life Sciences,Male,1,Manager,Married,2.0,14,1,20.0,2,5,0,2,3.0,3.0,3.0,3,3,1280208400,289,7.484193853427897,26,10.025187943262413
35,0,Travel_Rarely,Human Resources,1,Life Sciences,Male,2,Research Scientist,Married,1.0,18,0,4.0,3,4,1,1,3.0,4.0,3.0,3,3,6380814400,196,6.89609943977591,23,9.978632119514474
29,0,Travel_Rarely,Research & Development,3,Medical,Male,3,Sales Executive,Married,4.0,11,0,10.0,5,4,0,3,4.0,2.0,3.0,2,3,1835265600,1,9.817854683195591,19,9.960398301193756
29,0,Travel_Rarely,Research & Development,3,Medical,Male,2,Sales Representative,Single,1.0,19,0,5.0,3,5,0,4,4.0,1.0,1.0,3,3,5704780900,25,6.083963498622589,19,9.989024334251608
50,1,Travel_Rarely,Research & Development,3,Medical,Male,1,Research Scientist,Divorced,4.0,15,2,20.0,1,3,2,0,4.0,1.0,3.0,3,3,30025958400,289,9.616168503213958,19,10.023870523415978
39,0,Travel_Rarely,Sales,3,Medical,Male,2,Sales Executive,Married,0.0,11,0,21.0,3,20,9,6,2.0,4.0,2.0,4,3,38812940100,625,7.508998817966903,26,9.965290780141844
31,0,Non-Travel,Research & Development,4,Life Sciences,Female,4,Sales Executive,Single,0.0,12,0,10.0,3,9,1,7,2.0,1.0,3.0,3,3,21703182400,64,7.308546099290781,26,10.031762411347518
26,0,Travel_Rarely,Research & Development,4,Medical,Male,2,Manager,Single,0.0,20,0,5.0,3,4,0,0,4.0,3.0,3.0,3,4,8608128400,121,7.500675267317527,22,9.980553231055325
36,0,Travel_Frequently,Research & Development,1,Technical Degree,Male,1,Sales Executive,Married,4.0,12,0,17.0,2,5,0,3,3.0,4.0,3.0,3,3,184688100,25,7.6941701388888895,21,10.015929398148147
39,0,Travel_Rarely,Research & Development,1,Medical,Female,1,Research Scientist,Married,4.0,14,2,9.0,3,7,1,7,4.0,1.0,3.0,3,3,2283884100,4,6.046757297551789,25,9.969366760828626
27,0,Travel_Rarely,Research & Development,2,Medical,Male,1,Laboratory Technician,Married,1.0,20,1,6.0,3,6,0,3,2.0,2.0,3.0,3,4,26968208400,64,9.286569626394956,32,10.01001698204755
49,0,Travel_Frequently,Research & Development,1,Medical,Male,3,Healthcare Representative,Married,2.0,18,1,17.0,2,9,0,8,4.0,2.0,2.0,2,3,897601600,36,6.3958886534839925,25,10.002445856873823
34,0,Travel_Rarely,Sales,3,Medical,Female,1,Sales Executive,Married,2.0,14,1,6.0,6,4,1,2,2.0,3.0,4.0,3,3,159012100,16,6.460532508491024,32,10.006103833090732
41,1,Travel_Rarely,Research & Development,2,Life Sciences,Female,1,Research Scientist,Single,8.0,12,1,8.0,2,6,0,5,2.0,4.0,1.0,3,3,440580100,49,8.626512212643679,29,10.021800766283524
49,0,Travel_Frequently,Sales,4,Life Sciences,Female,2,Manufacturing Director,Married,1.0,21,1,10.0,2,10,1,7,3.0,2.0,3.0,3,4,3375610000,1,6.713213276836158,25,9.987663606403013
37,1,Travel_Rarely,Research & Development,3,Life Sciences,Male,1,Sales Executive,Single,6.0,19,0,7.0,2,0,0,0,4.0,3.0,3.0,3,3,3188860900,4,8.521203703703705,15,9.996384372177056
33,0,Travel_Frequently,Research & Development,2,Medical,Male,2,Research Scientist,Married,1.0,14,0,8.0,3,8,3,0,4.0,3.0,3.0,3,3,1169640000,100,9.482606657290201,24,10.012950070323487
27,0,Travel_Rarely,Sales,4,Medical,Female,4,Manufacturing Director,Married,9.0,17,1,6.0,3,2,2,2,1.0,2.0,3.0,2,3,1936000000,25,6.404782250470809,25,9.994664548022598
32,0,Travel_Frequently,Research & Development,2,Medical,Female,2,Research Scientist,Single,0.0,16,1,8.0,2,7,3,6,4.0,4.0,2.0,2,3,1225000000,81,7.276984805318139,27,9.969520417853753
59,0,Travel_Rarely,Sales,2,Marketing,Female,5,Sales Representative,Married,4.0,12,1,12.0,3,1,0,0,3.0,1.0,2.0,3,3,426835600,4,10.035185979971388,28,9.995937052932762
30,0,Travel_Rarely,Research & Development,4,Medical,Male,2,Laboratory Technician,Divorced,1.0,17,2,1.0,2,1,0,0,4.0,3.0,3.0,3,3,29477456100,121,6.3894133241124935,20,10.001745043798985
38,0,Travel_Frequently,Sales,4,Life Sciences,Male,2,Healthcare Representative,Single,0.0,15,1,10.0,1,9,1,8,4.0,3.0,3.0,3,3,1732224400,324,7.997498856881573,18,9.972232510288066
36,0,Travel_Rarely,Research & Development,3,Life Sciences,Male,1,Sales Executive,Married,6.0,23,1,17.0,2,7,7,7,3.0,3.0,2.0,3,4,8471361600,49,7.832184343434344,19,10.00419191919192
35,0,Travel_Rarely,Human Resources,4,Human Resources,Male,2,Manager,Married,0.0,11,0,6.0,2,5,0,3,1.0,2.0,3.0,3,3,1085043600,9,7.4983615819209035,25,9.957245762711864
29,0,Travel_Rarely,Sales,4,Life Sciences,Male,2,Laboratory Technician,Single,0.0,11,1,10.0,3,9,0,8,4.0,3.0,3.0,2,3,452412900,841,10.724693853427896,26,9.990452718676123
34,0,Travel_Rarely,Research & Development,3,Technical Degree,Male,1,Laboratory Technician,Divorced,0.0,11,3,3.0,1,2,1,2,2.0,4.0,3.0,2,3,11648884900,784,7.614092348927875,33,9.964837962962962
28,1,Travel_Rarely,Research & Development,4,Life Sciences,Male,5,Research Director,Single,5.0,13,0,6.0,2,4,0,3,3.0,3.0,3.0,3,3,10192921600,1,10.48314814814815,27,10.02906220322887
29,0,Travel_Rarely,Research & Development,2,Life Sciences,Female,4,Laboratory Technician,Divorced,1.0,14,0,10.0,3,10,8,8,2.0,1.0,3.0,4,3,1329331600,256,7.96732683982684,30,10.002887205387205
32,0,Travel_Rarely,Human Resources,3,Human Resources,Female,2,Research Director,Divorced,0.0,19,0,7.0,3,6,0,5,1.0,2.0,2.0,3,3,5544291600,484,10.695990028490028,27,9.990701566951566
22,0,Non-Travel,Research & Development,3,Life Sciences,Female,3,Sales Executive,Divorced,1.0,16,1,1.0,2,1,0,0,4.0,4.0,2.0,4,3,11774420100,64,10.002944444444443,26,10.009237588652482
53,0,Travel_Rarely,Research & Development,3,Medical,Male,2,Manager,Married,2.0,13,0,31.0,3,25,3,7,1.0,4.0,3.0,3,3,444788100,121,8.015872011251759,24,10.007585560243788
38,0,Travel_Rarely,Research & Development,3,Life Sciences,Female,1,Manufacturing Director,Single,5.0,14,0,6.0,0,3,1,2,4.0,4.0,3.0,3,3,1385328400,841,9.68517361111111,21,10.000701388888888
24,0,Non-Travel,Research & Development,5,Life Sciences,Male,3,Research Scientist,Divorced,0.0,16,0,5.0,2,4,1,3,1.0,3.0,2.0,2,3,8798440000,1,6.907967535436671,18,10.003385916780978
36,1,Travel_Rarely,Research & Development,3,Life Sciences,Male,1,Research Director,Single,7.0,12,1,10.0,2,5,0,3,3.0,1.0,3.0,3,3,3009619600,1,6.475342066957787,32,10.021626637554586
34,0,Travel_Rarely,Sales,3,Marketing,Male,4,Research Scientist,Single,0.0,11,1,13.0,2,12,2,11,1.0,2.0,3.0,3,3,751856400,576,6.094871615312791,23,10.031907096171803
21,0,Travel_Rarely,Sales,3,Life Sciences,Male,2,Manufacturing Director,Single,1.0,12,1,0.0,3,0,0,0,3.0,4.0,3.0,3,3,18925504900,4,5.997355652595827,32,10.018434012615234
34,1,Travel_Rarely,Sales,2,Marketing,Female,2,Research Scientist,Single,2.0,13,0,8.0,2,4,1,3,2.0,1.0,3.0,1,3,7162236900,225,7.815063457854406,29,9.999833572796934
53,0,Travel_Rarely,Sales,1,Life Sciences,Male,5,Human Resources,Divorced,4.0,15,0,26.0,4,14,4,8,3.0,3.0,2.0,3,3,999824400,4,7.481158625730994,33,10.007288011695906
32,1,Travel_Frequently,Research & Development,3,Medical,Female,2,Manufacturing Director,Single,1.0,13,0,10.0,2,10,6,7,2.0,1.0,3.0,3,3,27549360400,100,9.495272967772967,30,10.00000962000962
42,0,Travel_Rarely,Research & Development,3,Technical Degree,Male,2,Laboratory Technician,Married,0.0,20,0,10.0,5,9,4,2,3.0,2.0,3.0,2,4,4423580100,100,6.892245179063361,19,9.989716483011938
44,0,Travel_Rarely,Research & Development,1,Life Sciences,Female,1,Manufacturing Director,Married,3.0,15,2,24.0,0,22,5,17,1.0,4.0,3.0,3,3,549902500,9,7.101099585062241,20,10.01381512217612
46,0,Travel_Rarely,Sales,3,Life Sciences,Female,1,Research Scientist,Single,3.0,13,2,22.0,3,2,2,1,2.0,1.0,2.0,1,3,1169640000,4,8.009119565217391,31,10.003562801932366
33,0,Travel_Rarely,Sales,3,Medical,Male,1,Manufacturing Director,Single,4.0,14,0,7.0,3,1,0,0,3.0,4.0,3.0,3,3,1912312900,9,6.528365606270171,20,10.029225449515907
44,0,Travel_Rarely,Human Resources,3,Life Sciences,Male,5,Healthcare Representative,Married,2.0,21,0,9.0,2,4,1,3,4.0,4.0,4.0,3,4,2264808100,676,8.532774319963117,20,10.009588520055326
30,0,Travel_Rarely,Research & Development,4,Technical Degree,Female,1,Research Scientist,Single,1.0,16,1,10.0,3,10,1,8,4.0,3.0,3.0,3,3,2810060100,1,6.116035665294925,18,9.9990877914952
39,1,Travel_Rarely,Human Resources,4,Medical,Male,1,Sales Executive,Married,3.0,14,1,19.0,3,1,0,0,4.0,4.0,4.0,3,3,1349092900,1,6.523863745210728,29,10.013892480842912
24,1,Travel_Rarely,Human Resources,5,Human Resources,Male,3,Sales Executive,Married,2.0,11,1,6.0,2,2,2,0,2.0,4.0,2.0,2,3,2273382400,4,9.67660063752277,17,9.996164617486338
43,0,Travel_Rarely,Sales,5,Technical Degree,Female,1,Research Director,Divorced,1.0,19,0,6.0,3,5,1,4,4.0,3.0,2.0,2,3,162307600,81,6.487590218423552,27,10.005661206077873
50,1,Travel_Rarely,Research & Development,4,Medical,Male,1,Research Director,Married,1.0,11,0,3.0,3,3,0,2,1.0,3.0,3.0,2,3,2401000000,144,8.919851394604482,18,10.006402606310013
35,0,Travel_Rarely,Sales,4,Marketing,Male,3,Manufacturing Director,Married,1.0,13,0,2.0,1,2,2,2,4.0,4.0,3.0,3,3,10953715600,4,7.0866505968778695,19,10.007312901744719
36,0,Travel_Rarely,Research & Development,1,Life Sciences,Female,4,Sales Executive,Married,9.0,12,1,6.0,2,1,0,0,2.0,1.0,4.0,2,3,28923804900,625,9.078667874396137,31,9.983928743961354
33,0,Travel_Frequently,Sales,2,Marketing,Male,4,Human Resources,Married,2.0,11,0,10.0,2,5,1,3,3.0,1.0,3.0,2,3,846228100,81,6.55703314659197,23,10.001356209150327
35,0,Travel_Rarely,Research & Development,1,Medical,Male,1,Research Scientist,Divorced,1.0,14,1,1.0,2,1,0,0,3.0,4.0,3.0,3,3,3323522500,100,6.188770339377034,22,10.018697117619713
27,0,Travel_Rarely,Sales,2,Marketing,Female,3,Research Scientist,Divorced,1.0,15,1,1.0,3,1,0,0,4.0,1.0,3.0,2,3,2115080100,64,7.619807132459972,32,9.982805676855895
26,1,Travel_Rarely,Sales,3,Marketing,Male,2,Manager,Single,1.0,12,0,1.0,6,1,0,1,1.0,3.0,2.0,3,3,577921600,16,7.6933150434385,18,10.023838591678098
27,0,Travel_Frequently,Sales,3,Life Sciences,Male,4,Healthcare Representative,Single,1.0,20,1,9.0,1,9,1,7,4.0,3.0,3.0,3,4,1006158400,576,6.842362854486285,22,9.97509879125988
30,0,Travel_Frequently,Research & Development,4,Medical,Male,1,Research Scientist,Single,1.0,14,1,12.0,3,12,3,7,3.0,4.0,3.0,1,3,413308900,1,6.816597525473071,32,10.011835274138766
41,1,Travel_Rarely,Sales,4,Marketing,Male,2,Sales Executive,Married,1.0,13,1,23.0,2,22,15,8,2.0,3.0,3.0,3,3,10422368100,400,5.962092430858807,32,10.00478772440563
34,0,Non-Travel,Research & Development,2,Technical Degree,Female,1,Research Scientist,Single,0.0,13,1,10.0,2,9,8,7,2.0,3.0,3.0,2,3,7430440000,49,7.820035612535612,27,10.029903846153845
37,0,Travel_Rarely,Research & Development,3,Life Sciences,Female,3,Sales Executive,Married,4.0,16,0,8.0,3,1,0,0,2.0,2.0,3.0,2,3,426009600,289,6.10239417989418,30,9.98311568061568
35,0,Travel_Rarely,Research & Development,4,Medical,Female,3,Research Scientist,Married,1.0,16,1,1.0,2,1,0,1,4.0,4.0,3.0,3,3,1473024400,64,6.9096932367149755,31,9.989841787439614
48,1,Travel_Rarely,Research & Development,4,Technical Degree,Female,1,Sales Executive,Single,9.0,16,0,23.0,6,1,0,0,1.0,3.0,3.0,1,3,2107728100,4,9.295721982758621,29,10.017946599616858
28,1,Travel_Rarely,Research & Development,1,Medical,Male,1,Sales Executive,Single,1.0,22,1,2.0,3,2,2,2,3.0,3.0,2.0,3,4,655872100,100,10.683428672316383,25,9.989571563088512
44,0,Travel_Rarely,Research & Development,1,Medical,Female,3,Research Scientist,Divorced,5.0,12,2,9.0,3,4,1,3,2.0,1.0,2.0,3,3,244296900,1,9.386280345471523,23,10.012778944911297
35,0,Non-Travel,Research & Development,4,Technical Degree,Female,3,Manufacturing Director,Married,2.0,15,2,10.0,2,4,2,3,3.0,1.0,3.0,3,3,2399040400,25,9.509294421003283,24,9.990657524613221
26,0,Travel_Rarely,Research & Development,4,Life Sciences,Female,3,Sales Executive,Married,7.0,20,1,5.0,2,2,0,0,3.0,4.0,2.0,3,4,2293452100,16,10.199422544951592,20,9.984751037344399
33,0,Travel_Frequently,Sales,4,Life Sciences,Female,1,Human Resources,Single,1.0,14,1,15.0,2,15,8,12,1.0,4.0,3.0,3,3,1011240000,841,8.207739229024943,16,9.990772108843537
35,0,Travel_Frequently,Research & Development,3,Medical,Male,3,Manufacturing Director,Married,1.0,20,0,9.0,3,9,1,8,2.0,1.0,2.0,3,4,4288940100,225,6.473378831417625,29,9.987094109195402
35,0,Travel_Rarely,Human Resources,2,Life Sciences,Female,1,Laboratory Technician,Married,3.0,13,0,4.0,6,2,2,2,3.0,1.0,3.0,2,3,4080654400,9,8.788953266571292,28,9.976768001907486
31,0,Travel_Rarely,Sales,2,Life Sciences,Female,2,Research Scientist,Divorced,3.0,12,1,10.0,3,7,1,7,4.0,4.0,2.0,3,3,12642753600,100,6.096067129629629,21,9.983501157407407
37,0,Travel_Rarely,Sales,3,Marketing,Male,4,Human Resources,Divorced,1.0,13,0,7.0,2,7,0,7,1.0,3.0,4.0,3,3,25702502400,16,7.422623456790123,27,9.980378679962014
32,0,Travel_Rarely,Research & Development,3,Other,Male,2,Sales Executive,Married,1.0,11,0,9.0,2,9,7,8,1.0,4.0,3.0,3,3,557904400,441,8.10862809315866,32,10.007492721979622
38,0,Travel_Frequently,Research & Development,3,Medical,Male,2,Manufacturing Director,Single,1.0,17,3,10.0,2,10,9,9,4.0,4.0,3.0,3,3,26660358400,625,6.241581196581197,27,9.984103751187085
50,0,Travel_Rarely,Sales,4,Marketing,Female,4,Research Scientist,Divorced,5.0,14,3,29.0,2,27,13,8,2.0,3.0,2.0,3,3,7015737600,4,9.531168091168093,27,10.019274691358024
59,0,Travel_Rarely,Research & Development,3,Technical Degree,Male,1,Laboratory Technician,Single,7.0,11,0,28.0,6,21,7,9,1.0,1.0,2.0,3,3,27575923600,1,6.9165189125295505,26,10.004225768321513
36,0,Travel_Rarely,Sales,2,Marketing,Female,2,Sales Executive,Divorced,1.0,14,2,17.0,3,17,12,8,3.0,3.0,3.0,3,3,7406323600,1,6.004865112025605,18,10.033725422953818
55,0,Travel_Rarely,Research & Development,3,Medical,Male,3,Research Scientist,Divorced,2.0,17,1,21.0,2,5,0,2,4.0,3.0,3.0,3,3,516198400,49,8.11400137741047,19,10.005607208448117
36,0,Travel_Frequently,Research & Development,3,Life Sciences,Female,2,Laboratory Technician,Single,1.0,13,0,6.0,5,6,0,3,2.0,2.0,3.0,3,3,407232400,9,7.215137053352913,34,10.004966960352423
45,0,Travel_Rarely,Research & Development,2,Medical,Female,1,Sales Executive,Divorced,2.0,12,1,25.0,5,1,0,0,2.0,1.0,3.0,3,3,5016888900,1,6.807199074074075,21,9.97554513888889
35,0,Travel_Frequently,Human Resources,3,Other,Female,2,Sales Representative,Married,4.0,13,1,5.0,3,3,1,2,2.0,1.0,2.0,3,3,1667905600,81,6.101339326878746,20,9.969127478100507
36,1,Travel_Rarely,Sales,2,Life Sciences,Male,4,Laboratory Technician,Married,0.0,18,3,2.0,2,1,0,0,4.0,3.0,2.0,4,3,20767692100,49,8.892940100594423,18,10.015943072702331
59,0,Travel_Frequently,Research & Development,4,Life Sciences,Male,3,Research Scientist,Single,7.0,19,1,20.0,4,4,1,3,1.0,3.0,2.0,2,3,532686400,100,6.789967391304348,31,10.01117995169082
29,0,Travel_Rarely,Research & Development,4,Life Sciences,Female,1,Sales Representative,Married,0.0,11,0,6.0,3,5,0,4,3.0,2.0,3.0,3,3,2343528100,784,7.827854284369115,25,10.025947504708098
31,0,Travel_Rarely,Research & Development,2,Medical,Female,3,Sales Executive,Single,1.0,21,1,1.0,2,1,1,0,3.0,2.0,3.0,1,4,1836122500,9,6.300332125603865,31,9.949001207729468
32,0,Travel_Rarely,Sales,4,Life Sciences,Male,2,Manufacturing Director,Married,1.0,15,1,10.0,1,10,0,9,2.0,2.0,3.0,2,3,9438122500,9,7.522589903181189,20,9.973343706777317
36,0,Travel_Rarely,Research & Development,3,Life Sciences,Male,2,Sales Representative,Married,3.0,17,0,5.0,2,1,0,0,2.0,4.0,3.0,3,3,1866240000,4,7.17987077294686,31,10.002400966183576
31,0,Travel_Rarely,Research & Development,3,Medical,Female,2,Research Director,Single,1.0,18,0,11.0,3,11,1,8,3.0,4.0,3.0,3,3,454542400,729,6.095544077134986,19,9.991555325987143
35,0,Travel_Rarely,Research & Development,4,Medical,Male,2,Healthcare Representative,Single,0.0,14,1,16.0,2,15,2,8,3.0,1.0,3.0,4,3,10249537600,4,6.019582156308852,25,10.02228813559322
45,0,Travel_Rarely,Human Resources,3,Human Resources,Female,1,Sales Executive,Married,4.0,13,0,17.0,3,0,0,0,4.0,1.0,4.0,1,3,2995372900,196,8.896670197740113,25,10.019409133709981
37,0,Travel_Rarely,Research & Development,3,Life Sciences,Female,3,Sales Executive,Single,4.0,17,3,16.0,3,5,0,2,1.0,3.0,4.0,3,3,2711284900,1,6.597208616780045,16,10.013002267573695
46,0,Travel_Rarely,Research & Development,3,Medical,Male,3,Manager,Divorced,8.0,15,1,16.0,0,4,0,2,2.0,2.0,3.0,3,3,27017496900,81,10.269981325863679,23,9.99109710550887
30,0,Travel_Rarely,Sales,3,Life Sciences,Male,4,Human Resources,Married,1.0,18,1,10.0,2,10,3,0,4.0,4.0,2.0,3,3,527161600,324,9.195694444444445,27,9.982892924976259
35,0,Travel_Rarely,Research & Development,4,Life Sciences,Female,3,Human Resources,Single,1.0,13,0,6.0,5,6,0,4,2.0,3.0,3.0,3,3,1655676100,400,7.903589559386973,29,9.944380986590039
55,0,Travel_Rarely,Research & Development,3,Life Sciences,Female,2,Laboratory Technician,Married,3.0,12,1,24.0,4,1,1,0,1.0,4.0,3.0,3,3,5536848100,4,6.709723389355743,23,10.004464285714285
38,0,Non-Travel,Sales,1,Marketing,Male,2,Laboratory Technician,Divorced,7.0,13,2,17.0,2,13,1,9,2.0,4.0,3.0,4,3,590490000,121,8.81139985380117,33,10.025956384015593
34,0,Travel_Rarely,Research & Development,2,Medical,Male,1,Research Scientist,Married,1.0,14,0,5.0,1,5,1,3,1.0,2.0,3.0,3,3,3455088400,64,8.008844123048668,19,10.01424471992654
56,0,Travel_Rarely,Human Resources,1,Medical,Male,2,Sales Executive,Single,4.0,11,1,37.0,2,6,0,2,4.0,4.0,2.0,3,3,699073600,4,6.312178423236514,20,9.986765790686952
23,0,Travel_Rarely,Research & Development,3,Medical,Male,2,Laboratory Technician,Divorced,3.0,22,3,3.0,2,0,0,0,3.0,1.0,3.0,3,4,4146072100,100,6.405738719068413,32,9.996494420184376
51,0,Travel_Rarely,Research & Development,4,Life Sciences,Female,5,Manufacturing Director,Married,3.0,17,0,10.0,2,4,0,3,4.0,4.0,3.0,2,3,600740100,841,6.759082633053221,23,9.999328898225956
30,0,Travel_Rarely,Sales,2,Technical Degree,Male,1,Sales Representative,Married,1.0,21,1,11.0,2,11,10,8,3.0,4.0,3.0,4,4,4085766400,64,7.617610882487426,18,9.968406492912667
46,1,Travel_Rarely,Sales,2,Medical,Female,2,Research Scientist,Single,1.0,22,0,9.0,0,9,4,7,3.0,4.0,3.0,3,4,9436179600,1,6.197463269054178,19,9.982302571166207
40,0,Travel_Frequently,Research & Development,3,Medical,Male,1,Healthcare Representative,Married,1.0,16,2,22.0,2,22,11,11,3.0,2.0,2.0,2,3,3692992900,36,7.404682367149759,31,10.006640096618357
51,0,Travel_Rarely,Research & Development,4,Life Sciences,Female,5,Sales Representative,Single,0.0,12,1,11.0,2,10,1,0,3.0,4.0,1.0,3,3,600250000,64,10.087117467043315,25,10.0205461393597
30,0,Travel_Rarely,Research & Development,3,Life Sciences,Male,1,Manufacturing Director,Divorced,1.0,12,3,11.0,0,11,2,7,3.0,2.0,2.0,3,3,8556250000,81,8.071362994350283,25,9.999990583804143
46,0,Travel_Frequently,Research & Development,1,Medical,Male,1,Laboratory Technician,Married,2.0,15,1,21.0,3,10,9,5,3.0,1.0,2.0,3,3,430147600,144,9.020947504708099,25,10.028149717514124
32,0,Travel_Rarely,Sales,3,Marketing,Male,1,Research Scientist,Single,1.0,14,0,12.0,6,11,5,7,2.0,3.0,3.0,2,3,10340856100,225,7.310940525587829,20,10.012625633932688
54,0,Travel_Rarely,Research & Development,1,Medical,Female,1,Laboratory Technician,Married,9.0,25,1,16.0,2,4,0,3,1.0,3.0,1.0,2,4,2357102500,625,7.585544029506686,20,10.01144306131858
24,0,Travel_Rarely,Sales,2,Marketing,Male,2,Research Scientist,Married,0.0,20,3,4.0,1,3,0,2,1.0,3.0,2.0,3,4,1670356900,36,7.795473995271867,26,10.001139479905437
28,0,Non-Travel,Sales,4,Medical,Male,2,Laboratory Technician,Married,1.0,13,0,5.0,2,5,0,4,2.0,3.0,4.0,2,3,560268900,81,5.990938934802571,19,10.013945133149678
58,0,Travel_Rarely,Research & Development,4,Life Sciences,Male,2,Sales Executive,Single,0.0,14,0,38.0,2,37,1,8,4.0,3.0,2.0,4,3,883278400,64,7.07940355940356,30,10.014755892255893
44,0,Non-Travel,Research & Development,2,Medical,Female,1,Research Scientist,Married,4.0,16,0,17.0,3,3,1,2,2.0,2.0,4.0,2,3,38361139600,529,6.732844078646548,18,9.982652034750801
32,0,Travel_Rarely,Human Resources,2,Human Resources,Female,1,Sales Representative,Single,1.0,15,1,1.0,2,1,0,0,4.0,1.0,3.0,2,3,424772100,144,7.960068850902185,27,10.01229819563153
20,1,Travel_Frequently,Sales,4,Life Sciences,Female,2,Healthcare Representative,Single,1.0,22,0,1.0,3,1,1,0,4.0,4.0,3.0,3,4,9848577600,16,10.712137533875339,15,10.001420505871726
34,0,Travel_Rarely,Research & Development,4,Other,Male,4,Laboratory Technician,Single,1.0,22,1,16.0,2,16,2,10,1.0,3.0,3.0,2,4,1762320400,1,7.623057899671824,24,10.00535044538209
37,0,Non-Travel,Sales,2,Life Sciences,Male,1,Research Scientist,Divorced,5.0,20,1,17.0,3,1,0,0,3.0,4.0,4.0,3,4,4644422500,576,7.783722943722943,30,10.020567580567581
59,0,Non-Travel,Research & Development,2,Life Sciences,Male,2,Sales Executive,Married,9.0,14,0,30.0,0,3,2,2,3.0,4.0,3.0,3,3,2230672900,144,7.212025166191832,27,9.979613010446343
50,0,Travel_Frequently,Research & Development,4,Medical,Male,4,Research Scientist,Married,3.0,13,2,28.0,3,8,0,7,1.0,2.0,2.0,2,3,3772416400,9,9.58414878397711,28,9.999133285646161
25,1,Travel_Rarely,Sales,1,Marketing,Male,2,Research Director,Single,1.0,13,0,6.0,6,6,0,3,3.0,3.0,3.0,2,3,6784816900,100,8.510076071922546,20,9.992299446749653
25,0,Travel_Rarely,Research & Development,3,Technical Degree,Male,1,Laboratory Technician,Married,1.0,22,1,2.0,3,2,2,1,4.0,4.0,3.0,3,4,7837560900,676,7.7015006915629325,20,10.027520746887967
22,0,Travel_Rarely,Research & Development,1,Life Sciences,Male,1,Sales Representative,Single,1.0,12,1,1.0,2,0,0,0,2.0,4.0,3.0,3,3,37368756100,4,6.2620971074380165,19,9.994987373737374
51,0,Travel_Frequently,Research & Development,3,Life Sciences,Female,1,Sales Executive,Single,3.0,14,1,23.0,4,13,12,8,1.0,1.0,2.0,3,3,429732900,1,7.4895734542073455,22,10.01916550441655
54,0,Non-Travel,Research & Development,3,Life Sciences,Male,1,Laboratory Technician,Single,2.0,17,0,23.0,5,5,4,4,4.0,4.0,3.0,3,3,38466976900,81,8.143079710144928,31,9.995373188405797
24,0,Travel_Rarely,Research & Development,1,Life Sciences,Male,2,Laboratory Technician,Married,0.0,13,1,6.0,4,5,1,2,2.0,3.0,3.0,3,3,1160764900,4,6.488012371615313,23,9.985198412698411
34,0,Travel_Rarely,Sales,3,Marketing,Female,2,Sales Representative,Divorced,6.0,12,1,12.0,2,1,0,0,3.0,2.0,3.0,3,3,2563396900,16,5.9999050632911395,24,9.99091889357712
37,0,Travel_Rarely,Sales,1,Technical Degree,Male,1,Laboratory Technician,Single,2.0,12,2,12.0,3,5,1,3,3.0,4.0,3.0,3,3,2152032100,36,6.221693007662835,29,9.986283524904215
34,0,Travel_Rarely,Sales,2,Medical,Male,2,Healthcare Representative,Single,2.0,21,1,14.0,3,11,5,8,3.0,1.0,3.0,3,4,2377537600,81,7.855724789915967,23,10.007685574229692
36,0,Travel_Frequently,Human Resources,3,Medical,Male,1,Research Scientist,Married,0.0,11,0,10.0,1,9,2,8,2.0,4.0,3.0,3,3,723610000,49,7.984710550887021,23,10.003349673202615
36,0,Travel_Rarely,Research & Development,3,Medical,Female,2,Manufacturing Director,Divorced,5.0,13,0,7.0,6,1,0,0,1.0,4.0,3.0,3,3,30859948900,1,7.499870448179272,23,10.008353174603174
43,0,Travel_Frequently,Research & Development,4,Life Sciences,Male,1,Sales Executive,Married,1.0,12,1,25.0,3,25,4,12,3.0,4.0,4.0,3,3,579846400,9,8.702949172576833,26,10.005517730496454
30,0,Travel_Frequently,Research & Development,3,Life Sciences,Female,3,Healthcare Representative,Divorced,1.0,24,0,10.0,2,10,0,9,1.0,3.0,2.0,3,4,791859600,100,7.91181216931217,30,10.028949013949015
33,0,Non-Travel,Sales,3,Life Sciences,Male,2,Sales Executive,Married,0.0,21,0,8.0,3,7,0,7,3.0,2.0,4.0,3,4,12645002500,49,6.708544810242341,18,9.972345679012346
56,1,Travel_Rarely,Research & Development,3,Life Sciences,Male,2,Laboratory Technician,Married,9.0,19,0,7.0,1,5,4,3,2.0,2.0,3.0,1,3,1096934400,225,9.013333333333335,29,9.98408884099617
51,0,Travel_Rarely,Research & Development,2,Other,Female,2,Sales Representative,Single,7.0,14,1,23.0,2,20,15,15,1.0,3.0,3.0,3,3,36286440100,9,6.686394675925926,21,9.978203703703704
31,1,Travel_Rarely,Research & Development,4,Technical Degree,Female,3,Sales Executive,Married,4.0,20,0,12.0,2,7,7,7,2.0,3.0,2.0,3,4,458388100,4,8.398167620410112,28,9.978617072007628
26,0,Travel_Rarely,Sales,3,Medical,Female,2,Manager,Married,1.0,19,0,5.0,4,5,4,3,3.0,2.0,2.0,2,3,3328136100,289,7.685123587570622,25,9.992705979284368
58,1,Travel_Rarely,Sales,2,Medical,Female,1,Research Scientist,Married,1.0,13,1,40.0,2,40,15,6,4.0,4.0,2.0,2,3,1922822500,4,7.54806861348528,27,9.958186134852802
19,1,Travel_Rarely,Research & Development,2,Life Sciences,Male,1,Manager,Single,1.0,23,1,0.0,2,0,0,0,4.0,3.0,2.0,3,4,2843022400,25,9.363881915388191,22,9.969753602975361
22,0,Travel_Rarely,Sales,4,Technical Degree,Male,1,Sales Executive,Married,0.0,13,1,3.0,1,2,2,1,3.0,4.0,3.0,3,3,2174356900,841,6.379811676082863,25,9.993334510357816
49,0,Travel_Rarely,Research & Development,3,Life Sciences,Female,1,Sales Executive,Married,1.0,11,1,16.0,3,15,5,11,3.0,1.0,2.0,2,3,2231617600,4,7.194425925925926,21,9.967690972222222
43,0,Travel_Frequently,Sales,2,Life Sciences,Male,1,Sales Executive,Single,4.0,13,0,18.0,2,3,1,2,2.0,3.0,3.0,4,3,1031052100,4,7.978614703065134,29,10.02305795019157
50,0,Travel_Frequently,Research & Development,4,Life Sciences,Male,2,Sales Executive,Single,4.0,14,1,16.0,3,2,2,1,3.0,4.0,3.0,4,3,2891212900,361,7.080387029288703,22,9.982871920037192
31,1,Travel_Rarely,Research & Development,1,Medical,Female,2,Sales Executive,Married,3.0,22,0,4.0,2,2,2,2,2.0,3.0,3.0,2,4,1653235600,225,8.406022675736962,16,10.019200680272109
41,0,Travel_Rarely,Research & Development,2,Other,Male,1,Manufacturing Director,Divorced,3.0,11,3,12.0,2,9,0,7,3.0,3.0,3.0,1,3,2712326400,289,8.118852498786996,32,9.998901018922853
26,0,Travel_Rarely,Research & Development,4,Life Sciences,Male,2,Sales Executive,Married,1.0,13,1,8.0,5,8,5,7,3.0,3.0,3.0,4,3,2378512900,289,7.950108543417367,23,10.01626050420168
36,0,Travel_Rarely,Human Resources,1,Human Resources,Male,2,Research Scientist,Divorced,6.0,21,1,7.0,2,3,0,1,2.0,2.0,3.0,4,4,971568900,625,6.79901247645951,25,9.992225753295669
51,1,Travel_Frequently,Research & Development,3,Life Sciences,Female,1,Manager,Single,2.0,11,0,18.0,2,4,0,3,1.0,4.0,3.0,4,3,246176100,36,7.189976851851852,21,10.02135300925926
39,0,Travel_Rarely,Research & Development,3,Life Sciences,Female,1,Research Scientist,Married,4.0,13,1,17.0,3,15,5,9,4.0,3.0,4.0,4,3,38643696400,49,7.8770147392290255,16,10.03179365079365
25,0,Travel_Rarely,Sales,1,Medical,Female,3,Research Scientist,Married,2.0,14,1,6.0,3,2,2,2,1.0,3.0,3.0,2,3,941876100,841,7.793299199623353,25,10.005117702448212
30,0,Travel_Rarely,Research & Development,1,Medical,Male,2,Laboratory Technician,Married,0.0,11,0,12.0,5,11,4,7,3.0,4.0,1.0,3,3,10888922500,441,9.995206830206829,30,10.009931457431456
32,1,Travel_Rarely,Research & Development,4,Life Sciences,Female,2,Research Director,Single,7.0,15,0,10.0,0,5,0,4,1.0,1.0,4.0,2,3,1720590400,4,7.901718319559229,19,10.033851010101012
45,0,Travel_Rarely,Research & Development,1,Technical Degree,Female,2,Healthcare Representative,Single,5.0,23,1,9.0,4,6,0,3,3.0,4.0,2.0,3,4,3326982400,4,7.374128019323671,31,10.007845410628018
38,0,Travel_Rarely,Research & Development,4,Life Sciences,Female,2,Research Director,Single,3.0,16,1,19.0,4,3,2,2,4.0,3.0,3.0,3,3,2542176400,49,10.415906729900632,15,9.95552958446251
30,0,Travel_Rarely,Sales,3,Marketing,Female,2,Laboratory Technician,Single,1.0,16,1,5.0,2,5,0,4,1.0,3.0,2.0,4,3,3329290000,169,6.6802943262411345,26,10.046138297872341
32,0,Travel_Frequently,Sales,3,Marketing,Male,3,Laboratory Technician,Divorced,0.0,21,0,9.0,3,8,0,7,4.0,4.0,4.0,3,4,6015553600,4,6.505978561549101,20,10.024963116643614
30,0,Travel_Rarely,Research & Development,3,Medical,Female,3,Sales Executive,Divorced,5.0,13,0,8.0,5,3,2,2,4.0,1.0,3.0,3,3,10621363600,1,6.720969785575049,33,10.018500243664718
30,0,Travel_Rarely,Sales,3,Medical,Male,2,Research Scientist,Single,0.0,11,1,6.0,3,5,1,2,2.0,4.0,3.0,3,3,1549209600,81,6.39401559454191,33,9.995207115009746
41,0,Travel_Frequently,Sales,2,Medical,Female,3,Manufacturing Director,Divorced,4.0,12,1,21.0,6,7,7,7,4.0,1.0,2.0,2,3,6312302500,100,7.318976124885216,19,9.99031795224977
41,0,Travel_Rarely,Research & Development,4,Medical,Male,4,Research Scientist,Married,2.0,12,3,7.0,2,5,1,4,3.0,1.0,3.0,4,3,3298204900,100,8.016141843971631,26,9.980596926713948
19,0,Travel_Rarely,Research & Development,3,Other,Female,5,Manufacturing Director,Single,1.0,18,3,1.0,2,1,0,0,2.0,2.0,3.0,2,3,23110080400,1,6.380013774104683,19,9.98321051423324
40,0,Travel_Frequently,Research & Development,4,Medical,Male,2,Manufacturing Director,Divorced,1.0,12,1,20.0,2,20,2,13,2.0,2.0,3.0,3,3,2959360000,676,7.003960769980506,33,10.012000487329434
35,0,Travel_Rarely,Sales,1,Marketing,Female,3,Laboratory Technician,Married,1.0,14,3,10.0,2,10,0,6,3.0,2.0,3.0,3,3,1413760000,64,7.395136494252873,29,9.988072318007664
53,0,Travel_Rarely,Sales,2,Life Sciences,Female,5,Manufacturing Director,Married,2.0,12,1,13.0,1,7,4,5,2.0,3.0,1.0,2,3,1236928900,196,10.893168103448277,29,10.013019636015326
45,0,Travel_Rarely,Sales,4,Technical Degree,Male,1,Research Scientist,Divorced,8.0,17,3,20.0,3,17,0,15,2.0,2.0,1.0,3,3,665640000,1,6.790741545893719,31,9.999143719806764
32,0,Travel_Frequently,Sales,2,Life Sciences,Female,1,Manufacturing Director,Single,1.0,19,1,9.0,4,9,3,7,2.0,4.0,3.0,1,3,469155600,4,7.907401891252955,26,10.01315011820331
29,0,Non-Travel,Research & Development,4,Technical Degree,Male,3,Healthcare Representative,Married,1.0,11,1,10.0,6,10,0,9,4.0,3.0,3.0,4,3,3444516100,100,6.09657368173258,25,10.015236581920904
51,0,Travel_Rarely,Research & Development,3,Other,Female,3,Research Director,Married,2.0,15,1,10.0,4,1,0,0,2.0,3.0,3.0,3,3,6412806400,1,7.573564814814815,15,10.01352529358627
58,0,Travel_Rarely,Sales,3,Marketing,Female,1,Research Scientist,Married,4.0,11,3,9.0,4,1,0,0,2.0,2.0,2.0,1,3,2710243600,9,9.988622402890694,15,10.013940831074976
40,0,Travel_Rarely,Research & Development,2,Technical Degree,Male,4,Laboratory Technician,Married,7.0,18,0,15.0,4,12,2,11,3.0,4.0,2.0,3,3,2803702500,121,6.195923489278753,33,10.032930068226122
34,0,Travel_Frequently,Sales,4,Marketing,Male,2,Manufacturing Director,Married,6.0,16,0,6.0,1,4,1,2,3.0,3.0,3.0,3,3,26938656900,576,6.977579022988506,29,10.010037116858237
22,0,Travel_Rarely,Research & Development,3,Medical,Male,1,Laboratory Technician,Married,1.0,25,1,2.0,2,2,2,2,3.0,4.0,3.0,3,4,17606636100,9,7.677799497027892,18,10.006027663465934
27,0,Non-Travel,Research & Development,3,Medical,Male,1,Healthcare Representative,Divorced,6.0,16,1,6.0,2,2,2,2,4.0,2.0,1.0,4,3,774508900,9,6.300498366013072,23,10.021481092436975
28,0,Travel_Rarely,Sales,4,Life Sciences,Male,2,Healthcare Representative,Married,1.0,13,1,5.0,4,5,0,2,3.0,4.0,1.0,2,3,2951748900,16,6.532742905242905,30,9.975006012506013
57,0,Travel_Rarely,Research & Development,3,Life Sciences,Male,2,Manufacturing Director,Divorced,3.0,14,1,12.0,5,5,1,4,3.0,4.0,1.0,3,3,405216900,9,10.874485094850948,15,9.978118789521229
27,0,Non-Travel,Research & Development,3,Life Sciences,Male,1,Manufacturing Director,Divorced,1.0,19,0,1.0,1,1,0,1,3.0,3.0,2.0,3,3,19504915600,4,10.614749657064472,18,9.986316872427983
50,0,Travel_Rarely,Research & Development,3,Life Sciences,Female,2,Manufacturing Director,Single,3.0,15,1,21.0,5,5,4,4,3.0,2.0,3.0,4,3,1913187600,16,6.208623032904149,28,9.992842155460181
41,0,Travel_Rarely,Sales,4,Marketing,Male,4,Laboratory Technician,Divorced,4.0,12,1,13.0,3,9,1,8,1.0,3.0,3.0,3,3,4681296400,49,6.187160894660894,30,9.944653679653678
30,0,Travel_Rarely,Human Resources,4,Human Resources,Female,1,Manager,Married,2.0,12,1,12.0,0,10,7,4,2.0,4.0,3.0,2,3,30366547600,1,6.9091439176245215,29,9.988854166666666
38,0,Travel_Rarely,Sales,1,Medical,Male,2,Laboratory Technician,Single,4.0,16,0,12.0,0,8,0,7,1.0,4.0,4.0,2,3,30986560900,1,6.323777777777778,26,10.011713947990545
32,0,Travel_Rarely,Research & Development,3,Medical,Female,1,Manufacturing Director,Single,3.0,14,1,8.0,3,5,1,4,3.0,3.0,3.0,3,3,2098556100,400,6.933930795019157,29,9.987652059386972
27,0,Travel_Rarely,Research & Development,4,Medical,Male,2,Healthcare Representative,Married,0.0,13,0,6.0,2,5,1,1,3.0,2.0,2.0,3,3,2242022500,25,8.884953703703705,27,9.951143162393162
19,1,Travel_Frequently,Research & Development,2,Life Sciences,Male,2,Healthcare Representative,Single,0.0,22,1,1.0,4,0,0,0,3.0,1.0,4.0,3,4,1753096900,100,7.5101751207729475,31,9.996954106280192
36,0,Travel_Frequently,Sales,3,Marketing,Female,2,Research Director,Single,4.0,21,2,13.0,3,8,7,2,4.0,2.0,2.0,3,4,3030502500,625,7.4069647988505745,29,9.992444923371647
30,0,Non-Travel,Sales,3,Medical,Female,1,Sales Executive,Divorced,1.0,18,1,12.0,2,12,6,10,3.0,1.0,3.0,3,3,2992090000,1,6.809022458628842,26,10.018762411347517
45,0,Travel_Rarely,Research & Development,2,Medical,Male,2,Sales Executive,Divorced,4.0,13,1,9.0,3,5,0,3,3.0,1.0,4.0,3,3,2998657600,576,8.125163328564616,28,9.996295898903194
56,0,Travel_Rarely,Research & Development,3,Life Sciences,Male,4,Manager,Divorced,4.0,12,0,19.0,2,2,2,2,3.0,1.0,3.0,2,3,669256900,16,8.283279826958106,17,9.997032103825138
33,0,Travel_Rarely,Research & Development,2,Medical,Male,1,Sales Executive,Single,0.0,18,3,4.0,4,3,0,2,3.0,4.0,4.0,3,3,595360000,4,6.78991822991823,30,9.99117845117845
19,1,Travel_Rarely,Research & Development,2,Life Sciences,Male,2,Sales Executive,Single,1.0,21,0,1.0,2,1,1,0,2.0,4.0,2.0,3,4,25510478400,64,7.208066378066378,30,10.017776575276574
46,0,Travel_Rarely,Research & Development,3,Technical Degree,Female,2,Laboratory Technician,Divorced,1.0,12,0,24.0,1,24,15,7,2.0,1.0,3.0,1,3,23651364100,100,6.921690307328605,26,10.004164302600472
38,0,Travel_Rarely,Sales,4,Life Sciences,Male,1,Manufacturing Director,Single,1.0,14,0,2.0,3,2,2,1,3.0,4.0,3.0,4,3,5015472400,16,7.930844955834496,22,9.990314969781496
31,0,Travel_Rarely,Sales,5,Life Sciences,Male,2,Sales Representative,Married,8.0,11,0,7.0,3,4,0,2,3.0,4.0,3.0,4,3,744198400,4,10.362566807313643,24,9.975597749648383
34,0,Travel_Rarely,Sales,3,Marketing,Female,2,Manager,Single,2.0,14,1,9.0,2,3,1,2,4.0,2.0,3.0,3,3,2881542400,81,6.247778935185185,21,10.029943287037035
41,1,Travel_Rarely,Research & Development,4,Life Sciences,Male,5,Laboratory Technician,Single,1.0,24,1,4.0,1,4,0,2,2.0,2.0,2.0,3,4,2859040900,324,10.120157596371882,16,10.00314739229025
50,0,Travel_Rarely,Sales,4,Marketing,Male,3,Sales Executive,Married,2.0,11,0,5.0,4,3,0,2,3.0,3.0,2.0,2,3,1020802500,361,6.78049154589372,31,9.979809178743961
53,0,Travel_Rarely,Sales,2,Life Sciences,Male,1,Manager,Divorced,1.0,13,0,5.0,2,4,1,3,4.0,1.0,3.0,3,3,1591212100,1,6.116384220354808,23,9.976821895424838
33,0,Travel_Rarely,Research & Development,3,Life Sciences,Male,1,Human Resources,Married,1.0,11,3,8.0,6,8,1,6,4.0,2.0,3.0,1,3,1092963600,16,7.521757369614512,16,10.023914965986394
40,0,Travel_Rarely,Research & Development,3,Life Sciences,Female,2,Sales Executive,Married,1.0,20,2,21.0,2,20,9,9,4.0,3.0,3.0,3,4,4907002500,121,6.206365348399246,25,10.014300847457626
55,0,Travel_Rarely,Research & Development,1,Life Sciences,Female,2,Laboratory Technician,Single,8.0,17,0,36.0,0,24,2,15,3.0,2.0,3.0,2,3,704902500,36,6.105050827423168,26,10.018379432624114
34,0,Travel_Frequently,Human Resources,4,Other,Female,1,Research Scientist,Married,1.0,11,2,10.0,4,10,1,9,4.0,3.0,2.0,4,3,194044900,49,6.80057391091532,34,9.983644150758689
51,0,Travel_Rarely,Human Resources,2,Human Resources,Male,2,Sales Representative,Single,3.0,18,0,21.0,2,7,1,0,4.0,2.0,3.0,3,3,660490000,16,7.393497365900383,29,9.997215038314177
52,0,Travel_Rarely,Research & Development,4,Medical,Female,2,Sales Representative,Married,0.0,11,1,34.0,3,33,11,9,3.0,3.0,3.0,3,3,1251036900,4,6.301128167641325,33,9.980855263157894
27,0,Travel_Rarely,Sales,3,Marketing,Male,1,Research Scientist,Single,1.0,12,2,7.0,3,7,0,3,4.0,2.0,2.0,3,3,1588819600,225,7.527982580037665,25,9.984183145009416
35,1,Travel_Rarely,Research & Development,4,Life Sciences,Female,2,Research Director,Married,3.0,12,0,8.0,3,1,0,1,2.0,3.0,3.0,4,3,11843968900,4,8.994780334728034,22,10.006104137610414
43,0,Non-Travel,Research & Development,2,Medical,Male,1,Healthcare Representative,Divorced,4.0,20,1,7.0,2,5,2,2,4.0,4.0,4.0,2,4,411278400,36,8.013822362278244,23,9.965201914098973
45,0,Non-Travel,Research & Development,2,Medical,Female,1,Sales Executive,Married,9.0,19,0,22.0,3,20,11,8,1.0,4.0,3.0,3,3,9072562500,81,6.181097709551658,33,9.988702485380117
35,0,Travel_Frequently,Research & Development,3,Other,Male,2,Research Director,Single,5.0,13,0,10.0,2,6,1,2,2.0,2.0,3.0,4,3,517562500,1,6.0929427462396895,32,10.015957059679767
42,0,Non-Travel,Research & Development,1,Technical Degree,Male,2,Sales Executive,Divorced,2.0,11,1,11.0,2,5,0,2,3.0,3.0,3.0,3,3,6207864100,1,6.402202729044834,33,10.004731968810916
38,0,Travel_Rarely,Sales,2,Marketing,Male,5,Research Scientist,Married,9.0,14,0,14.0,0,1,0,0,4.0,3.0,3.0,3,3,2430490000,64,6.292136184857424,35,9.987756882989183
38,0,Travel_Rarely,Human Resources,1,Human Resources,Female,1,Manufacturing Director,Married,3.0,14,1,9.0,3,7,1,7,4.0,4.0,1.0,4,3,6157540900,625,7.263687819618782,22,9.989908182240818
27,0,Travel_Frequently,Research & Development,4,Medical,Male,1,Manager,Married,5.0,13,0,6.0,4,2,2,0,3.0,1.0,3.0,2,3,1936880100,169,6.51746151996152,30,9.979849687349688
49,0,Non-Travel,Research & Development,1,Other,Female,2,Sales Executive,Divorced,1.0,19,1,7.0,5,7,1,7,4.0,4.0,3.0,3,3,8539608100,529,9.593414634146342,15,10.016604561878951
34,0,Travel_Frequently,Research & Development,2,Medical,Male,4,Sales Representative,Divorced,1.0,23,0,5.0,2,5,2,0,4.0,3.0,4.0,3,4,884467600,49,10.511366139846743,29,10.012285680076628
40,0,Travel_Rarely,Research & Development,3,Medical,Female,1,Laboratory Technician,Married,8.0,12,2,15.0,0,7,3,7,3.0,4.0,4.0,2,3,2026800400,529,10.400718471636194,24,10.005049226441633
38,1,Travel_Rarely,Sales,4,Life Sciences,Female,3,Research Scientist,Married,7.0,15,0,17.0,3,1,0,0,2.0,1.0,3.0,3,3,11551950400,36,8.369604018912531,26,10.0051158392435
29,1,Travel_Rarely,Sales,2,Life Sciences,Female,2,Research Scientist,Married,1.0,19,2,10.0,2,10,1,9,2.0,4.0,2.0,3,3,241802500,100,6.706100780532599,19,9.999093204775024
22,0,Travel_Rarely,Research & Development,3,Life Sciences,Female,4,Healthcare Representative,Divorced,1.0,11,2,4.0,3,4,2,2,4.0,2.0,2.0,3,3,16734009600,1,8.528221064814817,21,9.971082175925927
36,0,Travel_Frequently,Research & Development,3,Life Sciences,Female,2,Laboratory Technician,Single,1.0,17,0,8.0,3,8,1,7,2.0,4.0,3.0,3,3,531302500,1,7.500751563251563,30,9.978754208754209
40,0,Non-Travel,Research & Development,2,Life Sciences,Male,1,Manufacturing Director,Married,9.0,22,0,5.0,2,3,0,2,4.0,4.0,1.0,4,4,27902361600,784,6.091838741396264,35,10.010645280235988
46,0,Travel_Rarely,Research & Development,1,Medical,Male,5,Research Scientist,Divorced,7.0,18,0,17.0,3,4,0,3,4.0,1.0,3.0,3,3,1178548900,625,5.985083697234352,32,9.983754245511888
32,1,Travel_Rarely,Research & Development,3,Medical,Male,1,Healthcare Representative,Married,1.0,11,0,14.0,2,14,9,8,4.0,4.0,2.0,4,3,1208952900,25,7.782491795593062,24,10.00352203469292
30,0,Non-Travel,Research & Development,4,Life Sciences,Male,2,Healthcare Representative,Single,1.0,12,1,12.0,2,11,5,8,3.0,3.0,3.0,2,3,4134490000,289,7.985305907172997,24,10.010290670417254
27,0,Travel_Frequently,Research & Development,2,Medical,Female,1,Laboratory Technician,Single,1.0,19,1,7.0,4,7,0,7,4.0,3.0,3.0,3,3,4245825600,324,6.198006607929515,34,10.010397699461576
51,0,Travel_Rarely,Research & Development,1,Medical,Female,1,Manufacturing Director,Married,5.0,13,0,16.0,2,10,4,7,2.0,2.0,1.0,3,3,1526464900,4,6.702637130801688,24,10.00115096108767
30,1,Travel_Rarely,Research & Development,4,Life Sciences,Female,2,Research Scientist,Single,5.0,13,0,8.0,3,5,0,4,4.0,1.0,3.0,2,3,3093584400,100,8.525496376811596,31,10.033957729468598
41,0,Travel_Rarely,Research & Development,3,Life Sciences,Male,2,Human Resources,Single,3.0,19,2,16.0,3,1,0,0,4.0,4.0,3.0,2,3,4737568900,1,9.090398706896552,29,10.005620210727969
30,1,Travel_Frequently,Sales,2,Medical,Male,2,Healthcare Representative,Single,5.0,14,0,9.0,2,6,0,1,3.0,1.0,2.0,2,3,819104400,9,7.008028017241379,29,9.99729525862069
29,1,Travel_Rarely,Research & Development,3,Life Sciences,Male,1,Sales Executive,Single,0.0,13,0,7.0,3,6,1,5,3.0,3.0,2.0,2,3,2478048400,4,7.7852650462962965,21,9.996893518518519
45,0,Non-Travel,Research & Development,3,Medical,Female,2,Research Scientist,Single,6.0,12,2,23.0,2,19,12,8,4.0,4.0,3.0,3,3,10749542400,4,6.593532265890344,32,10.00465186802523
54,0,Travel_Rarely,Sales,2,Marketing,Female,2,Laboratory Technician,Married,2.0,19,0,16.0,2,6,0,5,4.0,1.0,3.0,2,3,3762595600,64,6.422204184704185,30,9.98549543049543
36,0,Travel_Rarely,Research & Development,4,Life Sciences,Male,1,Healthcare Representative,Single,8.0,25,2,16.0,3,13,3,7,4.0,2.0,4.0,2,4,4536022500,256,7.587336734693878,16,10.015557823129253
33,0,Travel_Rarely,Sales,1,Other,Female,3,Sales Executive,Married,6.0,22,2,7.0,2,3,1,1,3.0,2.0,3.0,3,4,1085702500,81,7.494024334251607,19,10.013903810835629
37,0,Travel_Frequently,Sales,4,Life Sciences,Male,2,Laboratory Technician,Divorced,1.0,15,1,10.0,5,10,0,7,2.0,4.0,3.0,3,3,2743664400,4,10.134707175925927,21,9.996791666666667
38,0,Travel_Rarely,Research & Development,2,Medical,Male,4,Laboratory Technician,Divorced,0.0,12,0,17.0,4,16,5,13,1.0,3.0,2.0,3,3,4188678400,1,6.884387219837864,28,10.008175965665236
31,0,Non-Travel,Sales,1,Medical,Female,3,Research Scientist,Married,0.0,11,1,6.0,2,5,1,4,3.0,3.0,3.0,2,3,9235210000,16,5.994058070416095,18,10.000090306355737
59,0,Travel_Rarely,Research & Development,3,Life Sciences,Female,3,Manager,Married,3.0,13,0,7.0,2,1,0,0,3.0,4.0,3.0,3,3,39334788900,25,6.183065972222222,21,10.01504050925926
37,0,Travel_Frequently,Sales,3,Marketing,Female,2,Laboratory Technician,Divorced,4.0,19,0,13.0,2,9,5,8,1.0,4.0,3.0,3,3,9517953600,4,6.95293388429752,19,10.005025252525254
29,0,Travel_Frequently,Sales,4,Medical,Female,1,Sales Executive,Married,1.0,19,3,11.0,4,11,4,1,2.0,4.0,3.0,3,3,2468102400,225,6.316933940242763,23,9.987326097105509
35,0,Travel_Frequently,Research & Development,3,Life Sciences,Female,1,Sales Executive,Single,1.0,13,0,10.0,6,10,0,8,3.0,3.0,4.0,2,3,460102500,361,5.994657943067034,19,10.01588728191001
29,1,Travel_Rarely,Research & Development,1,Life Sciences,Female,1,Research Scientist,Single,1.0,21,0,4.0,2,4,0,1,3.0,4.0,2.0,3,4,475240000,49,8.353527429102744,22,10.00731171548117
52,0,Travel_Rarely,Research & Development,2,Medical,Female,4,Manager,Single,7.0,14,0,6.0,5,2,2,2,3.0,4.0,2.0,3,3,6965571600,1,7.406395862389586,22,10.01458391445839
42,0,Travel_Rarely,Research & Development,4,Life Sciences,Female,2,Sales Executive,Married,1.0,11,2,22.0,2,22,11,15,3.0,4.0,3.0,3,3,1186802500,49,6.369136989553657,27,10.004979819563154
59,0,Travel_Rarely,Research & Development,4,Technical Degree,Male,1,Healthcare Representative,Married,8.0,11,0,7.0,3,2,2,2,2.0,3.0,2.0,4,3,761760000,16,6.719878547378547,30,9.988720538720537
50,0,Travel_Rarely,Research & Development,2,Life Sciences,Male,2,Sales Executive,Divorced,3.0,23,1,32.0,2,7,0,6,4.0,4.0,2.0,4,4,3961443600,121,7.70461087164751,29,10.01745929118774
33,1,Travel_Rarely,Sales,4,Marketing,Male,1,Research Scientist,Married,5.0,21,0,8.0,2,5,0,4,3.0,4.0,1.0,2,4,5097960000,121,10.884872534872535,30,10.015999278499278
43,0,Travel_Rarely,Sales,3,Marketing,Female,2,Manufacturing Director,Married,5.0,24,0,22.0,3,17,1,9,4.0,4.0,3.0,3,4,859662400,1,9.287386254789272,29,9.961235632183909
33,1,Travel_Rarely,Sales,3,Life Sciences,Male,2,Manager,Married,7.0,11,0,13.0,2,9,1,7,1.0,1.0,4.0,3,3,2649160900,1,7.099097222222222,21,9.981048611111111
52,0,Non-Travel,Research & Development,3,Technical Degree,Male,1,Sales Executive,Single,1.0,14,0,33.0,3,33,15,12,1.0,3.0,4.0,2,3,2031304900,4,8.798592278719397,25,9.956640772128061
32,0,Travel_Rarely,Human Resources,4,Life Sciences,Female,3,Manufacturing Director,Married,2.0,16,1,6.0,2,4,1,2,3.0,2.0,3.0,2,3,7334209600,169,7.992846938775511,16,10.014973922902493
32,1,Travel_Rarely,Sales,1,Life Sciences,Male,3,Healthcare Representative,Single,0.0,11,0,4.0,2,3,1,2,4.0,3.0,1.0,3,3,609102400,529,10.195875000000001,21,10.009577546296295
39,0,Travel_Rarely,Sales,4,Life Sciences,Male,2,Research Director,Divorced,7.0,12,1,7.0,2,3,1,2,3.0,3.0,3.0,4,3,6660192100,676,6.318844537815126,23,9.971855742296919
32,0,Non-Travel,Sales,4,Marketing,Male,4,Research Scientist,Married,0.0,13,1,4.0,3,3,2,2,3.0,4.0,3.0,2,3,444788100,4,6.236712962962963,21,10.00746412037037
41,0,Travel_Rarely,Sales,3,Life Sciences,Female,2,Laboratory Technician,Divorced,2.0,15,0,17.0,3,1,0,0,3.0,1.0,2.0,2,3,2802643600,841,6.114475308641976,18,10.00826817558299
40,0,Travel_Rarely,Research & Development,3,Life Sciences,Male,1,Manufacturing Director,Divorced,1.0,14,1,9.0,4,9,4,7,1.0,4.0,3.0,2,3,738752400,4,7.430190179806362,20,9.9912989857077
45,0,Travel_Rarely,Research & Development,1,Life Sciences,Female,2,Sales Representative,Married,0.0,14,0,25.0,4,24,1,7,3.0,4.0,3.0,2,3,3376772100,324,6.911509456264776,26,9.986625295508274
31,0,Travel_Frequently,Research & Development,4,Medical,Male,1,Research Scientist,Divorced,9.0,14,1,9.0,3,2,2,2,2.0,3.0,3.0,4,3,593896900,49,7.313733521657251,25,9.984010122410545
33,0,Travel_Rarely,Research & Development,4,Life Sciences,Female,1,Sales Executive,Married,1.0,12,1,2.0,2,2,0,2,3.0,4.0,2.0,3,3,765075600,4,6.78583455165692,33,10.005215643274854
34,0,Travel_Rarely,Research & Development,3,Other,Female,1,Sales Executive,Married,6.0,13,0,13.0,3,11,5,9,4.0,1.0,3.0,2,3,36244544400,676,6.4319160756501175,26,10.007906619385343
37,0,Travel_Rarely,Research & Development,5,Medical,Female,2,Manufacturing Director,Married,2.0,14,3,17.0,3,3,0,2,3.0,1.0,2.0,3,3,933302500,484,7.563755935422602,27,10.011880341880342
45,0,Travel_Frequently,Sales,1,Marketing,Male,3,Research Scientist,Married,4.0,13,0,9.0,3,3,0,2,1.0,3.0,3.0,2,3,523952100,441,8.010291179337232,33,10.018994883040936
37,1,Travel_Frequently,Sales,3,Marketing,Male,1,Laboratory Technician,Divorced,6.0,11,1,17.0,2,1,0,0,1.0,3.0,3.0,3,3,1600800100,4,7.120705868205868,30,10.012959355459357
39,0,Travel_Frequently,Research & Development,3,Medical,Female,1,Manufacturing Director,Single,0.0,19,1,20.0,2,19,11,8,3.0,3.0,3.0,3,3,16809122500,484,7.3884734195402295,29,10.030847701149424
29,0,Travel_Rarely,Sales,3,Other,Female,2,Human Resources,Single,1.0,18,0,6.0,2,6,1,5,3.0,4.0,3.0,2,3,1252452100,16,7.298881915388192,22,9.990733379823338
42,0,Travel_Rarely,Research & Development,4,Medical,Female,1,Research Scientist,Single,3.0,17,1,10.0,5,3,0,2,4.0,1.0,3.0,3,3,3634884100,25,8.4856290174472,19,10.004845041322314
29,0,Travel_Rarely,Research & Development,4,Medical,Male,1,Laboratory Technician,Divorced,2.0,15,0,10.0,2,3,0,2,4.0,4.0,3.0,2,3,717704100,4,6.099508003766479,25,10.010092984934087
25,0,Travel_Rarely,Research & Development,2,Life Sciences,Male,2,Sales Executive,Married,0.0,20,0,5.0,4,4,1,2,1.0,3.0,3.0,3,4,1370480400,625,7.696410608139003,18,10.012814357567445
40,0,Travel_Rarely,Research & Development,3,Medical,Male,2,Laboratory Technician,Divorced,0.0,12,0,22.0,6,21,3,9,1.0,3.0,3.0,4,3,2989902400,784,7.036408382066277,33,10.023355263157894
31,1,Travel_Frequently,Research & Development,1,Life Sciences,Female,1,Research Scientist,Single,0.0,23,1,6.0,3,5,1,4,3.0,2.0,4.0,2,4,1754772100,100,7.658033910533911,30,9.994169071669072
32,0,Travel_Frequently,Research & Development,4,Other,Male,4,Sales Executive,Married,1.0,15,3,5.0,2,5,0,3,2.0,2.0,1.0,3,3,37357158400,289,6.987566851083448,20,9.977458506224066
38,0,Non-Travel,Research & Development,5,Life Sciences,Male,3,Human Resources,Married,3.0,11,3,13.0,5,8,7,5,4.0,4.0,3.0,2,3,6923904100,4,7.204082491582492,30,9.973623136123138
32,0,Travel_Rarely,Research & Development,1,Medical,Male,1,Sales Executive,Single,4.0,12,2,9.0,2,6,0,4,4.0,1.0,3.0,3,3,548496400,100,8.008520135856381,32,9.981740659873847
46,0,Travel_Rarely,Research & Development,3,Life Sciences,Female,4,Research Director,Married,3.0,13,0,28.0,5,7,7,7,3.0,2.0,2.0,3,3,1657304100,64,10.77499403910348,28,10.005950166905103
29,0,Travel_Rarely,Research & Development,3,Life Sciences,Male,2,Sales Executive,Married,2.0,22,3,10.0,2,0,0,0,1.0,2.0,3.0,3,4,987844900,324,6.717725035161744,24,9.991419362400375
31,0,Travel_Rarely,Research & Development,3,Life Sciences,Male,3,Laboratory Technician,Married,0.0,21,0,10.0,2,9,7,8,2.0,4.0,3.0,3,4,417793600,1,7.2146174463937625,33,9.996131822612087
25,0,Non-Travel,Research & Development,4,Medical,Female,4,Laboratory Technician,Divorced,1.0,13,1,6.0,2,6,1,5,2.0,1.0,3.0,3,3,18127929600,49,7.1283810205054845,28,9.993989031950404
45,0,Travel_Rarely,Research & Development,2,Medical,Male,2,Laboratory Technician,Married,0.0,13,2,21.0,2,20,4,10,3.0,4.0,3.0,2,3,6385608100,289,8.398237922705315,31,9.972729468599033
36,0,Travel_Rarely,Research & Development,1,Life Sciences,Male,1,Laboratory Technician,Married,0.0,12,2,16.0,2,15,10,11,4.0,4.0,3.0,3,3,1140412900,784,7.075151406771578,28,9.999639961850262
55,0,Travel_Rarely,Research & Development,4,Life Sciences,Female,1,Sales Executive,Single,0.0,17,0,37.0,2,36,4,13,4.0,1.0,3.0,3,3,3066944400,196,9.295658137390504,20,9.977911479944675
47,1,Non-Travel,Research & Development,1,Medical,Male,1,Research Scientist,Married,1.0,11,2,10.0,4,10,9,9,1.0,2.0,2.0,2,3,3320064400,1,9.446140955004592,19,10.023533057851239
28,0,Travel_Rarely,Research & Development,3,Life Sciences,Male,1,Manufacturing Director,Married,1.0,14,0,5.0,2,5,0,4,4.0,4.0,2.0,3,3,671846400,1,6.116240338164252,31,9.98357729468599
37,0,Travel_Rarely,Research & Development,3,Life Sciences,Male,2,Healthcare Representative,Married,4.0,11,0,7.0,2,5,0,1,3.0,4.0,4.0,3,3,2857971600,1,6.704287837219936,18,10.005457247370828
21,0,Travel_Rarely,Research & Development,2,Life Sciences,Male,1,Laboratory Technician,Single,1.0,12,3,3.0,3,3,1,0,4.0,3.0,4.0,2,3,1774936900,9,6.6049799905838045,25,9.997802495291902
37,0,Non-Travel,Research & Development,3,Medical,Male,2,Sales Executive,Divorced,2.0,13,1,15.0,2,5,0,2,1.0,4.0,3.0,3,3,1703212900,1,11.019594467885607,24,10.003210267229255
35,0,Travel_Rarely,Sales,4,Life Sciences,Male,1,Sales Representative,Divorced,7.0,16,0,10.0,5,7,6,2,2.0,2.0,2.0,2,3,594384400,49,6.9847222222222225,30,10.00297138047138
38,0,Travel_Rarely,Research & Development,3,Life Sciences,Female,1,Manager,Divorced,1.0,11,1,8.0,5,8,7,7,1.0,1.0,3.0,3,3,4719690000,64,9.286795224977043,19,9.982396694214877
26,0,Travel_Frequently,Research & Development,4,Other,Male,2,Laboratory Technician,Divorced,1.0,18,0,6.0,3,6,1,4,3.0,2.0,1.0,3,3,10913980900,1,7.601738128169663,20,10.005897879207009
50,0,Travel_Rarely,Sales,4,Life Sciences,Male,1,Research Scientist,Divorced,3.0,23,0,28.0,2,10,1,6,1.0,2.0,2.0,2,4,9345088900,64,5.97706712962963,21,9.979337962962964
53,0,Travel_Rarely,Research & Development,4,Life Sciences,Female,2,Research Scientist,Married,3.0,11,0,21.0,2,5,1,3,3.0,3.0,2.0,3,3,461390400,121,8.413626347866854,24,9.99694327238631
42,0,Travel_Rarely,Research & Development,4,Life Sciences,Male,1,Manufacturing Director,Married,1.0,14,0,20.0,4,20,11,6,2.0,3.0,3.0,1,3,7967347600,16,6.788833333333333,31,9.974137681159421
29,0,Travel_Frequently,Research & Development,4,Medical,Male,1,Laboratory Technician,Single,1.0,11,1,10.0,2,10,0,9,2.0,4.0,2.0,3,3,4241916900,256,7.062236111111111,21,10.002015046296297
55,0,Travel_Rarely,Research & Development,4,Other,Female,1,Research Scientist,Married,3.0,11,0,12.0,2,10,0,8,2.0,4.0,3.0,3,3,4622640100,1,9.410524425287356,29,10.023757183908046
26,0,Travel_Frequently,Research & Development,3,Life Sciences,Female,1,Manager,Married,1.0,22,0,5.0,3,5,3,3,1.0,1.0,3.0,3,4,26539668100,81,11.014791373652132,24,9.986451007969995
37,0,Travel_Rarely,Sales,1,Marketing,Male,1,Research Scientist,Single,1.0,11,0,17.0,2,17,5,7,4.0,4.0,3.0,3,3,731702500,25,7.629000953743443,28,9.975667620410109
44,1,Travel_Frequently,Research & Development,2,Medical,Male,2,Research Scientist,Divorced,3.0,14,1,19.0,2,1,0,0,4.0,3.0,1.0,2,3,10677088900,1,11.000575998075998,30,9.97789442039442
38,0,Travel_Rarely,Sales,3,Marketing,Female,1,Manager,Divorced,9.0,12,0,10.0,3,2,1,2,4.0,4.0,3.0,2,3,1978470400,4,6.820862029384757,19,10.005510789715336
26,1,Travel_Rarely,Research & Development,3,Medical,Male,3,Research Scientist,Divorced,2.0,11,0,5.0,5,3,0,2,1.0,2.0,3.0,2,3,4697731600,16,10.109967811158798,28,10.016162374821173
28,0,Travel_Rarely,Research & Development,3,Other,Male,1,Human Resources,Single,1.0,13,0,5.0,6,5,0,2,4.0,4.0,3.0,2,3,9287176900,49,6.702303051001821,17,9.990270947176684
49,0,Travel_Frequently,Research & Development,1,Medical,Female,2,Research Scientist,Single,9.0,13,0,22.0,2,3,1,2,3.0,1.0,3.0,3,3,1289528100,1,10.487479338842974,19,10.050851698806245
36,0,Travel_Rarely,Sales,3,Technical Degree,Male,3,Sales Executive,Single,4.0,14,0,10.0,2,8,7,7,3.0,2.0,3.0,3,3,2921402500,25,6.193597768073751,32,10.001245754488112
31,0,Travel_Frequently,Research & Development,4,Medical,Male,1,Sales Executive,Divorced,1.0,16,1,2.0,4,2,2,2,4.0,2.0,2.0,3,3,2193985600,81,6.607998817966903,26,10.0115378250591
26,1,Travel_Rarely,Research & Development,3,Medical,Male,2,Manager,Single,1.0,12,2,8.0,5,8,7,4,4.0,4.0,3.0,3,3,24922936900,64,10.260264282501126,14,10.017332433648223
37,0,Travel_Frequently,Sales,1,Marketing,Male,1,Laboratory Technician,Married,1.0,14,0,4.0,3,4,1,2,2.0,4.0,2.0,3,3,229219600,81,9.995476680384087,18,9.989579332418838
42,0,Travel_Frequently,Sales,2,Marketing,Male,3,Research Director,Married,5.0,13,0,23.0,2,20,4,8,3.0,2.0,4.0,3,3,873793600,4,5.992563025210084,23,9.99750233426704
18,1,Travel_Rarely,Research & Development,4,Life Sciences,Male,1,Sales Executive,Single,1.0,14,2,0.0,3,0,0,0,3.0,3.0,3.0,2,3,545222500,1,6.816210488505748,29,10.019760536398469
35,0,Travel_Rarely,Sales,2,Life Sciences,Male,1,Laboratory Technician,Married,0.0,19,0,12.0,2,11,6,9,3.0,2.0,2.0,2,3,2656371600,400,7.720096982758621,29,9.997897509578545
36,0,Travel_Frequently,Research & Development,3,Other,Female,3,Sales Executive,Married,4.0,12,2,4.0,2,1,0,0,3.0,4.0,3.0,2,3,4846944400,64,7.185832136015326,29,9.998910440613027
51,0,Travel_Rarely,Research & Development,3,Life Sciences,Male,2,Laboratory Technician,Divorced,5.0,13,0,13.0,2,4,1,2,4.0,2.0,3.0,2,3,3220562500,4,7.571935990338164,31,10.011419082125604
41,0,Travel_Rarely,Research & Development,1,Life Sciences,Male,1,Laboratory Technician,Single,1.0,12,0,22.0,6,22,0,4,4.0,2.0,3.0,3,3,565964100,841,6.877735507246377,31,10.006807971014494
18,0,Travel_Rarely,Sales,3,Life Sciences,Male,1,Research Scientist,Single,1.0,15,0,0.0,3,0,0,0,4.0,3.0,3.0,3,3,1453134400,49,6.992057656395891,23,9.971612978524744
28,0,Travel_Rarely,Research & Development,3,Medical,Male,1,Sales Representative,Single,0.0,23,2,9.0,2,8,0,7,2.0,1.0,3.0,2,4,2160390400,81,7.170924782807498,18,9.987075903063557
31,0,Travel_Rarely,Research & Development,1,Technical Degree,Male,1,Manufacturing Director,Married,4.0,12,1,10.0,2,8,7,7,2.0,4.0,2.0,3,3,862009600,64,7.164225083452552,28,9.993551502145923
39,0,Travel_Rarely,Sales,4,Marketing,Female,2,Human Resources,Divorced,0.0,20,0,19.0,3,18,3,7,3.0,4.0,2.0,3,4,443102500,25,7.603831417624521,29,10.021271551724139
32,0,Travel_Rarely,Sales,3,Marketing,Male,2,Laboratory Technician,Married,1.0,21,1,13.0,4,13,4,8,4.0,3.0,2.0,3,4,732243600,4,6.989849587578846,32,9.995789665211062
38,0,Travel_Rarely,Research & Development,2,Life Sciences,Female,3,Research Scientist,Married,3.0,19,2,19.0,4,10,0,1,1.0,2.0,3.0,2,3,4075545600,25,6.903497307880568,34,10.020978952520801
58,0,Non-Travel,Research & Development,3,Life Sciences,Male,2,Manufacturing Director,Divorced,2.0,13,2,12.0,3,5,1,2,4.0,3.0,3.0,2,3,1574502400,4,10.92023792780122,24,10.022926629160807
31,0,Travel_Rarely,Sales,4,Marketing,Male,2,Sales Executive,Married,3.0,21,1,9.0,2,2,1,0,1.0,1.0,3.0,3,4,17490062500,49,6.793423095584668,32,9.988755458515284
45,0,Travel_Frequently,Research & Development,1,Medical,Female,1,Sales Executive,Divorced,1.0,13,0,24.0,6,24,9,11,1.0,1.0,3.0,3,3,1253160000,9,7.290649678604224,19,9.981727502295684
31,0,Travel_Rarely,Sales,4,Marketing,Female,2,Research Scientist,Divorced,0.0,19,2,3.0,0,2,2,2,3.0,4.0,1.0,3,3,786241600,256,8.60325265099124,20,10.009568925772244
33,0,Travel_Frequently,Research & Development,3,Life Sciences,Male,4,Research Director,Married,6.0,12,1,12.0,3,10,8,8,4.0,2.0,3.0,3,3,37604966400,81,6.794387464387465,27,9.999734093067426
39,0,Travel_Rarely,Sales,4,Life Sciences,Male,1,Sales Executive,Married,1.0,22,1,21.0,6,21,11,10,3.0,1.0,3.0,3,4,38671222500,1,10.980500929800092,22,10.01821478382148
43,0,Travel_Frequently,Research & Development,4,Medical,Male,4,Research Scientist,Single,0.0,15,0,9.0,2,8,1,7,3.0,4.0,3.0,3,3,594872100,49,7.724989711934157,18,10.006340877914951
49,0,Travel_Rarely,Research & Development,3,Life Sciences,Male,3,Manufacturing Director,Single,7.0,22,0,25.0,2,7,0,7,3.0,3.0,3.0,3,4,5349459600,1,9.971033057851239,19,10.025111340679523
52,1,Travel_Rarely,Research & Development,1,Life Sciences,Female,2,Research Scientist,Married,2.0,18,1,11.0,2,8,7,7,3.0,2.0,2.0,3,3,2279107600,49,7.877022821576763,20,10.02650184416782
27,0,Travel_Rarely,Research & Development,4,Medical,Male,3,Research Scientist,Single,1.0,22,0,4.0,2,4,1,2,3.0,2.0,2.0,3,4,1522560400,225,10.713731292517007,16,10.008523809523808
32,0,Travel_Rarely,Research & Development,3,Life Sciences,Male,3,Research Scientist,Married,1.0,11,1,13.0,6,13,11,9,3.0,2.0,3.0,4,3,708624400,1,10.537320048309178,31,10.003333333333334
27,0,Travel_Rarely,Research & Development,2,Medical,Female,4,Research Director,Single,1.0,12,2,5.0,5,5,0,4,4.0,3.0,3.0,4,3,815673600,169,10.101125910746811,17,9.990992714025502
32,0,Travel_Rarely,Research & Development,3,Technical Degree,Male,2,Healthcare Representative,Single,7.0,13,0,10.0,2,7,0,7,1.0,4.0,2.0,3,3,611078400,49,7.516145075206211,32,10.005907326540514
28,1,Travel_Rarely,Research & Development,4,Medical,Male,1,Sales Executive,Married,5.0,14,1,5.0,4,3,2,2,1.0,4.0,2.0,2,3,3218292900,81,10.711125603864733,31,10.023927536231884
30,0,Travel_Rarely,Research & Development,3,Life Sciences,Female,4,Research Director,Married,1.0,13,0,11.0,3,10,1,9,4.0,4.0,3.0,3,3,1761480900,169,6.20291134751773,26,9.975200945626478
31,0,Travel_Frequently,Research & Development,1,Life Sciences,Female,1,Manager,Married,1.0,17,0,10.0,5,10,8,9,3.0,3.0,3.0,2,3,9434236900,4,6.6084375,29,10.03028256704981
39,0,Travel_Frequently,Research & Development,4,Medical,Female,1,Research Scientist,Married,1.0,13,0,21.0,4,21,13,3,3.0,4.0,3.0,3,3,425184400,361,6.060223404255319,26,9.985643026004727
39,1,Travel_Rarely,Research & Development,1,Medical,Female,1,Laboratory Technician,Married,4.0,17,1,12.0,0,1,0,0,4.0,3.0,2.0,3,3,1835265600,1,10.00678841607565,26,9.977995271867613
33,0,Travel_Frequently,Sales,2,Life Sciences,Male,4,Research Scientist,Single,3.0,11,1,9.0,0,7,0,1,2.0,4.0,2.0,3,3,2292494400,16,7.39196240421456,29,9.995472940613027
47,0,Travel_Rarely,Research & Development,3,Life Sciences,Female,2,Healthcare Representative,Married,4.0,23,0,21.0,4,3,1,1,4.0,3.0,3.0,4,4,3488083600,16,6.526635049683831,15,9.987446928635954
43,0,Travel_Frequently,Research & Development,3,Medical,Female,5,Research Director,Divorced,1.0,17,2,9.0,2,9,0,0,3.0,3.0,4.0,3,3,1510099600,196,6.352892512077295,31,9.978665458937197
27,0,Non-Travel,Research & Development,3,Life Sciences,Male,1,Research Director,Married,0.0,17,0,6.0,3,5,1,4,3.0,2.0,3.0,3,3,28301332900,4,9.278894849785408,28,10.015314735336194
54,0,Travel_Frequently,Research & Development,4,Life Sciences,Male,2,Research Scientist,Single,3.0,12,2,20.0,2,4,0,3,4.0,3.0,2.0,3,3,860248900,1,6.092101769911505,35,9.996375368731563
43,0,Travel_Rarely,Research & Development,2,Life Sciences,Female,2,Manager,Married,8.0,23,0,10.0,3,1,0,0,3.0,1.0,2.0,3,4,4225000000,49,7.203633101851851,21,10.003118055555555
45,0,Travel_Rarely,Sales,1,Marketing,Female,1,Sales Executive,Married,9.0,14,1,12.0,6,10,9,8,4.0,4.0,3.0,3,3,29494627600,9,7.106525500910746,17,9.965157103825137
40,0,Travel_Rarely,Research & Development,4,Other,Male,4,Research Scientist,Married,2.0,14,2,6.0,6,4,0,2,2.0,4.0,2.0,3,3,2533108900,4,9.905172292545709,24,10.007654711673698
29,1,Travel_Rarely,Research & Development,3,Medical,Female,1,Research Scientist,Married,1.0,13,1,7.0,0,7,0,7,2.0,1.0,2.0,3,3,532224900,841,10.49205736224029,15,9.993843721770551
29,0,Travel_Rarely,Human Resources,3,Medical,Male,3,Sales Representative,Single,0.0,22,2,4.0,3,3,2,2,2.0,4.0,3.0,3,4,669256900,64,6.909123116760829,25,9.983780602636536
30,0,Travel_Rarely,Research & Development,3,Life Sciences,Male,2,Research Scientist,Divorced,1.0,12,2,10.0,2,10,1,2,4.0,3.0,3.0,2,3,3032704900,100,7.615994585687383,25,9.959936440677968
27,0,Travel_Rarely,Research & Development,2,Medical,Male,1,Manager,Married,1.0,18,1,8.0,2,8,0,7,2.0,2.0,3.0,2,3,1929844900,121,6.110617283950617,36,10.023329629629629
37,0,Travel_Rarely,Sales,4,Life Sciences,Male,2,Healthcare Representative,Divorced,7.0,14,0,8.0,4,6,0,4,4.0,4.0,2.0,3,3,17816910400,1,6.001789351851852,21,9.974271990740741
38,0,Travel_Rarely,Research & Development,4,Medical,Male,1,Laboratory Technician,Divorced,0.0,12,0,12.0,1,11,2,9,3.0,4.0,3.0,3,3,4333588900,784,9.01215419501134,16,9.99354761904762
31,0,Travel_Rarely,Research & Development,3,Medical,Female,3,Manager,Single,1.0,15,1,11.0,5,11,4,10,3.0,4.0,2.0,3,3,6565860900,36,10.414085395439107,32,9.982075448811257
29,0,Travel_Rarely,Research & Development,4,Life Sciences,Male,3,Sales Executive,Divorced,1.0,11,0,7.0,0,7,1,7,4.0,2.0,3.0,3,3,1582448400,9,8.419563492063492,30,10.018720538720538
35,0,Travel_Rarely,Sales,2,Technical Degree,Male,3,Manager,Single,0.0,13,1,17.0,3,16,0,13,3.0,2.0,3.0,4,3,647193600,256,7.913552886948083,32,10.00621906841339
23,0,Travel_Rarely,Research & Development,4,Life Sciences,Male,1,Manufacturing Director,Divorced,1.0,23,0,4.0,2,4,0,2,3.0,4.0,2.0,2,4,2914920100,400,7.066395804518211,20,10.00285039188566
41,0,Travel_Rarely,Research & Development,2,Life Sciences,Female,1,Laboratory Technician,Single,6.0,19,2,8.0,0,5,1,2,4.0,2.0,3.0,3,3,3010716900,81,9.70906462585034,16,10.03385260770975
47,0,Travel_Frequently,Sales,3,Medical,Female,2,Laboratory Technician,Single,3.0,16,1,5.0,2,0,0,0,2.0,3.0,3.0,4,3,4670355600,1,7.816196311858077,23,9.988566760037347
42,0,Travel_Rarely,Research & Development,4,Life Sciences,Male,1,Manager,Single,2.0,22,0,16.0,0,1,0,0,1.0,4.0,3.0,1,4,119028100,9,6.293512857836002,32,10.028831877729258
29,0,Non-Travel,Sales,4,Marketing,Male,2,Human Resources,Married,1.0,22,0,4.0,1,4,0,2,4.0,3.0,2.0,2,4,3290169600,484,6.319985935302391,24,10.024858180965776
42,0,Travel_Rarely,Sales,4,Medical,Male,3,Research Scientist,Divorced,0.0,12,1,4.0,3,3,1,0,3.0,3.0,3.0,2,3,495507600,49,8.805406445406446,30,9.970512265512266
32,0,Travel_Rarely,Research & Development,3,Medical,Male,2,Research Scientist,Married,1.0,13,0,8.0,0,8,0,7,3.0,2.0,3.0,3,3,3302800900,4,7.729661636945588,18,9.975114311842708
48,0,Travel_Rarely,Sales,4,Medical,Male,4,Sales Executive,Married,3.0,16,1,15.0,2,0,0,0,1.0,3.0,1.0,2,3,9710131600,169,7.294775870290892,28,10.009933237958988
37,0,Travel_Rarely,Research & Development,5,Technical Degree,Male,2,Manufacturing Director,Divorced,4.0,12,0,13.0,2,7,6,7,3.0,1.0,3.0,3,3,2988808900,64,10.803298171589311,24,10.001523675574308
30,0,Non-Travel,Sales,4,Other,Male,1,Healthcare Representative,Married,7.0,21,1,4.0,0,2,2,2,4.0,3.0,4.0,3,4,2894440000,625,10.400979840600094,24,10.035084388185654
26,0,Travel_Rarely,Sales,3,Medical,Female,5,Laboratory Technician,Married,1.0,15,3,8.0,3,8,7,7,3.0,3.0,3.0,3,3,2653280100,784,5.976393617021277,26,9.97811938534279
42,0,Travel_Rarely,Sales,2,Medical,Female,1,Laboratory Technician,Single,3.0,13,2,14.0,2,1,0,0,1.0,4.0,3.0,3,3,454968900,4,6.0972750229568415,19,9.971115702479338
21,1,Travel_Frequently,Research & Development,3,Medical,Female,4,Manufacturing Director,Single,1.0,12,0,3.0,5,3,1,2,1.0,2.0,3.0,2,3,31951562500,81,8.101884756657483,19,9.9991391184573
36,0,Non-Travel,Human Resources,3,Human Resources,Male,2,Laboratory Technician,Single,4.0,22,0,7.0,4,1,0,0,4.0,4.0,3.0,1,4,591462400,784,7.29282733978792,20,10.007715537113876
36,0,Travel_Frequently,Research & Development,3,Life Sciences,Female,2,Research Scientist,Married,4.0,13,1,16.0,2,13,1,12,1.0,4.0,3.0,3,3,2276244100,36,7.077489270386266,28,9.9956008583691
57,0,Travel_Rarely,Research & Development,4,Life Sciences,Male,5,Research Scientist,Married,2.0,18,0,15.0,2,3,1,2,4.0,3.0,3.0,1,3,36714392100,441,6.312606927010692,22,10.007642956764297
40,0,Travel_Rarely,Research & Development,3,Other,Male,2,Sales Executive,Married,3.0,14,1,10.0,3,7,1,7,4.0,3.0,3.0,3,3,2587756900,64,8.090185185185186,24,10.004428035630568
21,0,Non-Travel,Research & Development,5,Life Sciences,Female,2,Manager,Single,1.0,14,0,3.0,2,3,2,2,1.0,4.0,2.0,1,3,819676900,1,7.978398692810457,23,9.984027777777778
33,1,Travel_Rarely,Human Resources,2,Human Resources,Female,5,Manager,Single,1.0,21,1,1.0,3,1,0,0,4.0,3.0,3.0,1,4,3092472100,784,10.495708218549128,19,10.004664830119376
37,0,Travel_Rarely,Research & Development,3,Life Sciences,Male,4,Research Scientist,Married,6.0,19,0,17.0,3,5,0,3,3.0,1.0,3.0,4,3,459673600,25,8.022877314814815,21,10.022883101851852
46,0,Non-Travel,Sales,4,Marketing,Female,2,Laboratory Technician,Married,2.0,11,0,7.0,3,1,0,0,3.0,3.0,4.0,3,3,939422500,4,6.114069501600365,18,10.013533379058071
41,1,Travel_Frequently,Research & Development,1,Medical,Female,1,Research Scientist,Single,1.0,11,0,8.0,3,8,7,7,1.0,2.0,3.0,4,3,789610000,256,7.573262691570881,29,9.980672892720307
50,0,Travel_Rarely,Research & Development,3,Medical,Female,3,Laboratory Technician,Single,6.0,15,0,20.0,2,4,1,3,4.0,4.0,3.0,3,3,9777254400,81,6.918520408163265,16,9.983178004535148
40,1,Travel_Rarely,Research & Development,3,Medical,Female,1,Healthcare Representative,Married,2.0,20,0,8.0,2,6,1,0,3.0,3.0,3.0,2,4,7444238400,64,9.31036556036556,30,10.001833814333814
31,0,Travel_Rarely,Research & Development,3,Life Sciences,Male,4,Human Resources,Single,0.0,24,0,3.0,5,2,2,2,3.0,2.0,3.0,3,4,821968900,1,10.802310386473431,31,10.015942028985506
21,1,Travel_Rarely,Human Resources,2,Human Resources,Male,1,Laboratory Technician,Single,1.0,12,1,1.0,2,1,0,0,3.0,2.0,3.0,3,3,2886912900,100,5.988076302443522,20,10.013538497003228
29,0,Travel_Rarely,Research & Development,3,Life Sciences,Female,2,Research Director,Single,9.0,12,1,6.0,6,3,1,2,4.0,4.0,3.0,4,3,4444888900,1,7.785495620101429,20,9.989269248501612
35,0,Travel_Rarely,Research & Development,3,Life Sciences,Female,3,Sales Executive,Single,9.0,15,0,10.0,2,1,0,0,3.0,2.0,3.0,3,3,2503000900,841,7.712429691101891,20,9.990983171968649
27,0,Travel_Rarely,Sales,3,Life Sciences,Male,1,Sales Executive,Divorced,1.0,12,1,5.0,2,5,0,4,4.0,2.0,3.0,3,3,560268900,4,6.210790314650934,35,10.010478121927237
28,0,Travel_Rarely,Research & Development,2,Medical,Male,3,Manager,Single,1.0,12,0,7.0,2,7,0,7,2.0,4.0,3.0,2,3,816816400,4,7.08545035460993,26,10.010190307328607
49,0,Travel_Rarely,Sales,3,Technical Degree,Male,2,Manufacturing Director,Single,8.0,14,1,26.0,3,5,0,0,2.0,3.0,3.0,3,3,2708161600,4,7.795346618357487,31,9.973309178743962
51,0,Travel_Rarely,Research & Development,2,Life Sciences,Male,1,Sales Executive,Married,4.0,22,1,18.0,2,7,0,7,3.0,4.0,2.0,3,4,1685102500,1,7.598426313342632,22,9.994431659693166
36,0,Travel_Rarely,Sales,2,Life Sciences,Male,1,Sales Executive,Married,4.0,12,0,6.0,1,2,2,2,4.0,3.0,3.0,3,3,9368304100,225,6.010319383259912,34,9.970199461576113
34,1,Non-Travel,Research & Development,3,Life Sciences,Male,1,Sales Representative,Single,8.0,25,1,9.0,3,5,0,4,1.0,4.0,2.0,3,4,3155068900,49,9.084938794726932,25,9.95924670433145
55,0,Travel_Rarely,Sales,3,Marketing,Male,1,Laboratory Technician,Single,2.0,13,0,30.0,3,5,1,2,3.0,4.0,3.0,3,3,10916070400,676,8.690298309178745,31,9.984510869565218
24,0,Travel_Rarely,Research & Development,3,Life Sciences,Female,5,Manager,Divorced,1.0,18,3,5.0,4,5,0,3,4.0,3.0,4.0,3,3,839260900,1,10.014321513002365,26,10.044767139479905
30,0,Travel_Rarely,Research & Development,3,Life Sciences,Female,2,Manager,Married,1.0,13,0,1.0,3,1,0,0,3.0,2.0,3.0,3,3,3561702400,9,6.898669082125604,31,9.993922705314011
26,1,Travel_Frequently,Sales,3,Life Sciences,Male,2,Manager,Single,0.0,18,3,7.0,3,6,0,4,3.0,1.0,3.0,3,3,5640010000,196,7.021446150097466,33,9.977312378167642
22,0,Travel_Rarely,Research & Development,5,Other,Male,1,Research Scientist,Married,1.0,19,2,2.0,3,2,1,2,1.0,2.0,3.0,2,3,894608100,256,6.258094035594035,30,9.992022607022607
30,1,Travel_Frequently,Sales,2,Marketing,Male,3,Research Scientist,Single,9.0,19,0,3.0,2,1,0,0,3.0,4.0,3.0,2,3,127464100,9,8.186094702297234,24,10.002863338021566
37,0,Travel_Rarely,Research & Development,1,Technical Degree,Male,1,Sales Executive,Divorced,1.0,14,1,18.0,3,18,12,17,4.0,1.0,2.0,3,3,17798228100,100,6.464834960483496,22,9.998675034867503
40,0,Travel_Rarely,Research & Development,2,Medical,Male,3,Research Scientist,Divorced,7.0,14,2,8.0,3,5,1,3,4.0,2.0,3.0,2,3,1876622400,36,6.675874355368026,24,10.017843413033287
42,0,Travel_Rarely,Research & Development,3,Medical,Female,4,Manager,Divorced,3.0,12,1,8.0,2,5,1,2,2.0,1.0,3.0,2,3,12168296100,4,7.480514846743295,29,10.013164511494253
37,0,Travel_Rarely,Sales,1,Marketing,Male,3,Sales Executive,Single,2.0,11,1,18.0,3,1,0,1,3.0,2.0,2.0,2,3,1971360000,81,9.921687242798352,18,9.987230224051212
43,0,Travel_Rarely,Sales,2,Life Sciences,Female,1,Sales Executive,Divorced,1.0,11,0,25.0,2,25,3,9,1.0,2.0,3.0,3,3,2131668900,100,7.356879873294346,33,9.999215399610137
40,0,Travel_Rarely,Sales,2,Life Sciences,Female,1,Laboratory Technician,Married,6.0,13,0,20.0,2,1,0,0,2.0,3.0,3.0,2,3,700660900,36,7.50868979494516,28,9.998015021459228
54,0,Travel_Rarely,Human Resources,3,Life Sciences,Female,2,Manufacturing Director,Married,4.0,23,1,24.0,2,4,1,2,1.0,1.0,2.0,2,4,3998032900,81,5.975955882352941,23,10.000210084033615
34,0,Non-Travel,Research & Development,3,Medical,Male,1,Laboratory Technician,Married,9.0,20,1,6.0,3,3,1,2,3.0,3.0,3.0,3,4,3222832900,784,6.872604308390023,16,9.978950113378685
31,0,Travel_Rarely,Research & Development,4,Life Sciences,Male,3,Sales Executive,Married,1.0,15,1,13.0,2,13,3,12,2.0,1.0,1.0,2,3,478296900,100,6.0742691256830605,17,9.992977003642986
43,0,Travel_Frequently,Sales,3,Life Sciences,Female,1,Manufacturing Director,Married,7.0,14,2,8.0,3,3,1,2,4.0,4.0,3.0,2,3,1404750400,196,7.727606039649608,20,10.008205394190872
43,0,Travel_Rarely,Sales,4,Life Sciences,Male,2,Sales Representative,Divorced,4.0,18,1,8.0,3,5,0,2,3.0,3.0,3.0,3,3,1581652900,729,8.935685990338166,31,10.028684782608694
25,0,Travel_Rarely,Human Resources,2,Human Resources,Male,1,Manufacturing Director,Single,1.0,19,1,5.0,2,5,1,3,2.0,4.0,3.0,4,3,7452868900,49,10.902481247069854,24,9.995382090951713
37,0,Non-Travel,Research & Development,3,Medical,Male,3,Laboratory Technician,Married,3.0,22,0,15.0,5,13,10,7,2.0,3.0,3.0,2,4,403206400,1,10.736613247863247,27,9.99309591642925
31,0,Travel_Rarely,Research & Development,1,Medical,Male,3,Laboratory Technician,Married,1.0,13,1,4.0,2,4,3,2,4.0,1.0,3.0,3,3,1971360000,576,7.1278874269005845,33,9.987190545808968
39,0,Travel_Frequently,Research & Development,4,Technical Degree,Female,1,Sales Executive,Divorced,1.0,20,1,21.0,5,21,1,6,2.0,3.0,3.0,1,4,940648900,676,9.0159489747258,28,10.007114926084883
56,0,Travel_Frequently,Research & Development,4,Life Sciences,Female,3,Sales Executive,Married,9.0,14,0,36.0,1,7,7,7,3.0,1.0,2.0,3,3,2831304100,400,7.38608117816092,29,10.024365421455938
30,0,Travel_Rarely,Sales,4,Medical,Female,2,Manufacturing Director,Single,0.0,17,1,6.0,2,5,4,4,2.0,3.0,3.0,3,3,2926810000,25,7.5873362445414845,32,10.011174187287725
41,0,Travel_Rarely,Research & Development,3,Technical Degree,Female,3,Research Scientist,Married,1.0,14,0,10.0,2,10,0,7,2.0,1.0,3.0,2,3,773952400,49,6.6446671455938695,29,9.981050047892719
28,0,Travel_Rarely,Research & Development,3,Medical,Male,3,Healthcare Representative,Divorced,1.0,13,0,10.0,2,10,1,8,3.0,1.0,3.0,2,3,14296984900,49,6.213860073766713,20,9.980532503457814
25,1,Travel_Rarely,Research & Development,2,Life Sciences,Female,3,Laboratory Technician,Married,5.0,13,0,6.0,3,2,0,2,1.0,1.0,3.0,3,3,707560000,25,6.494295422031474,28,9.994473056747735
52,0,Travel_Rarely,Research & Development,2,Life Sciences,Female,2,Sales Representative,Married,2.0,21,0,28.0,2,5,0,4,4.0,3.0,3.0,2,4,1139062500,676,8.202250957854407,29,10.000561542145594
45,0,Travel_Rarely,Research & Development,3,Medical,Female,1,Sales Executive,Married,3.0,14,1,8.0,4,2,0,2,1.0,4.0,2.0,3,3,2598960400,4,6.778304843304843,27,9.981481481481483
52,0,Travel_Rarely,Research & Development,3,Medical,Male,2,Research Scientist,Married,2.0,11,1,31.0,3,5,1,4,4.0,4.0,1.0,3,3,2379488400,144,7.309269972451791,19,10.033647842056933
42,0,Travel_Frequently,Sales,3,Marketing,Female,2,Healthcare Representative,Divorced,2.0,13,1,19.0,0,5,0,2,1.0,3.0,3.0,2,3,804856900,100,6.824301001821494,17,10.012402094717668
30,0,Travel_Rarely,Sales,3,Marketing,Male,1,Sales Executive,Single,2.0,20,1,11.0,5,5,0,2,3.0,4.0,3.0,3,4,578883600,625,7.28737680148768,22,10.012824267782426
60,0,Travel_Rarely,Research & Development,3,Life Sciences,Female,1,Manufacturing Director,Married,5.0,18,1,33.0,4,29,11,10,1.0,1.0,1.0,3,3,514836100,100,6.163477496483825,24,10.013145804031879
46,0,Travel_Rarely,Sales,4,Marketing,Female,1,Sales Executive,Divorced,2.0,14,0,19.0,5,10,0,8,3.0,3.0,2.0,2,3,1687566400,361,7.601014544587506,28,9.97269670958512
42,0,Travel_Frequently,Research & Development,4,Technical Degree,Male,4,Sales Executive,Married,0.0,13,2,7.0,2,6,0,4,4.0,4.0,4.0,3,3,17439843600,324,6.612837552742616,24,10.012369901547117
24,1,Travel_Rarely,Research & Development,2,Medical,Male,1,Research Scientist,Single,1.0,17,1,6.0,0,5,1,4,1.0,2.0,3.0,2,3,10861808400,729,10.603659863945577,16,9.991900226757371
34,1,Travel_Frequently,Research & Development,3,Medical,Male,2,Research Scientist,Divorced,0.0,20,1,3.0,3,2,1,0,4.0,3.0,2.0,3,4,18889753600,25,6.181501377410469,19,9.978974977043158
38,0,Travel_Frequently,Sales,3,Marketing,Female,2,Sales Executive,Married,1.0,11,1,1.0,3,1,0,0,4.0,4.0,3.0,3,3,2407864900,9,8.653300376647834,25,9.991521892655367
40,0,Travel_Rarely,Sales,4,Marketing,Female,1,Sales Executive,Married,0.0,18,1,21.0,2,20,1,12,3.0,3.0,3.0,2,3,1212432400,676,6.014923816221285,24,10.029210032817627
26,0,Travel_Rarely,Research & Development,2,Medical,Female,4,Healthcare Representative,Divorced,1.0,24,0,3.0,2,3,0,2,1.0,4.0,1.0,4,4,593409600,9,6.269028384279476,32,9.991391314895681
30,0,Non-Travel,Research & Development,3,Medical,Female,2,Sales Executive,Married,4.0,18,3,9.0,2,5,1,4,3.0,4.0,1.0,2,3,566440000,225,7.88355984740105,28,10.003935383881736
29,0,Travel_Rarely,Research & Development,3,Medical,Female,3,Manufacturing Director,Married,1.0,11,0,10.0,3,10,0,7,2.0,3.0,3.0,3,3,37756376100,64,7.193886514719848,27,9.991940883190884
29,1,Travel_Rarely,Research & Development,4,Life Sciences,Male,3,Research Scientist,Married,5.0,16,1,6.0,4,2,1,1,3.0,2.0,4.0,2,3,320410000,361,6.605290249433106,16,10.00155328798186
19,1,Travel_Rarely,Research & Development,3,Medical,Male,1,Sales Executive,Single,1.0,15,2,1.0,2,1,0,0,1.0,4.0,4.0,3,3,5843073600,16,7.875434681543468,22,10.010546257554626
30,0,Non-Travel,Research & Development,4,Life Sciences,Female,3,Research Scientist,Married,0.0,15,1,10.0,2,9,7,8,3.0,1.0,3.0,3,3,2632716100,4,6.6783856345885635,22,9.992283821478383
57,0,Travel_Rarely,Research & Development,2,Life Sciences,Male,4,Research Scientist,Divorced,3.0,12,1,32.0,3,1,0,0,1.0,4.0,2.0,3,3,3976563600,4,6.336791027429103,22,9.993347280334728
50,0,Travel_Rarely,Sales,4,Life Sciences,Female,3,Manager,Married,0.0,12,0,28.0,3,27,15,7,2.0,3.0,3.0,3,3,2291536900,100,7.2048990978157645,27,9.99798551756885
30,0,Non-Travel,Sales,2,Life Sciences,Male,3,Laboratory Technician,Single,0.0,22,1,12.0,3,11,6,7,3.0,4.0,2.0,3,4,35645440000,100,6.263877826941986,35,9.987411504424779
60,0,Travel_Frequently,Research & Development,3,Life Sciences,Female,4,Laboratory Technician,Married,4.0,20,0,22.0,4,18,13,11,3.0,1.0,4.0,3,4,547092100,256,7.205101566324033,34,9.995205580029369
47,0,Travel_Rarely,Research & Development,3,Technical Degree,Male,5,Manufacturing Director,Divorced,5.0,16,2,20.0,2,5,0,4,1.0,4.0,3.0,2,3,18414490000,1,7.799077681577682,30,10.007481962481963
46,0,Travel_Rarely,Sales,1,Technical Degree,Male,1,Laboratory Technician,Married,6.0,21,1,26.0,3,3,0,1,1.0,3.0,1.0,2,4,4505094400,16,6.790909197012137,23,10.026024743230625
35,0,Travel_Rarely,Research & Development,2,Medical,Female,2,Laboratory Technician,Single,0.0,12,1,6.0,2,5,4,3,4.0,3.0,3.0,3,3,2922483600,225,6.5296072796934865,29,10.01107040229885
54,0,Travel_Rarely,Research & Development,4,Medical,Male,2,Human Resources,Single,7.0,11,3,19.0,2,1,0,0,3.0,3.0,3.0,3,3,7988784400,4,7.676790633608816,19,9.981775711662076
34,0,Travel_Rarely,Sales,2,Life Sciences,Male,1,Laboratory Technician,Divorced,3.0,11,2,14.0,2,7,5,7,4.0,3.0,3.0,4,3,594872100,64,7.611215998155832,20,9.987412402028585
46,0,Travel_Rarely,Research & Development,3,Life Sciences,Male,1,Healthcare Representative,Married,2.0,18,0,15.0,3,3,1,2,3.0,4.0,3.0,2,3,7809256900,4,9.220456916099772,16,10.009014739229025
31,0,Travel_Rarely,Research & Development,3,Life Sciences,Male,2,Research Director,Divorced,1.0,14,1,13.0,3,13,0,8,3.0,2.0,4.0,3,3,2854764900,49,6.411356881572931,18,10.000389803383632
33,1,Travel_Rarely,Research & Development,3,Life Sciences,Female,4,Research Director,Married,7.0,22,0,15.0,2,7,7,7,2.0,3.0,4.0,2,4,4526598400,100,8.510061088059015,20,9.955455278930383
33,1,Travel_Rarely,Sales,4,Marketing,Male,2,Research Director,Divorced,7.0,25,0,8.0,5,4,1,3,1.0,4.0,3.0,3,4,4424910400,25,7.017434364744491,24,10.004369432723864
30,0,Travel_Rarely,Research & Development,3,Life Sciences,Male,1,Sales Executive,Single,0.0,12,1,4.0,4,3,1,2,4.0,2.0,3.0,3,3,2352250000,4,6.538957175925926,21,9.962880787037037
35,0,Travel_Rarely,Research & Development,2,Medical,Female,2,Sales Representative,Married,4.0,23,1,10.0,2,8,0,0,4.0,3.0,3.0,1,4,789048100,144,8.908956868260665,24,9.99129160806376
31,1,Travel_Frequently,Research & Development,2,Medical,Female,2,Sales Executive,Married,3.0,15,2,12.0,2,1,0,0,1.0,3.0,3.0,2,3,3236472100,484,6.609761088248743,18,9.982198216735252
34,1,Travel_Frequently,Sales,1,Marketing,Male,1,Research Director,Divorced,9.0,22,1,11.0,5,3,0,2,2.0,1.0,3.0,4,4,400400100,289,10.986562213039486,19,10.01306473829201
42,0,Travel_Frequently,Research & Development,4,Medical,Female,1,Research Scientist,Married,4.0,15,3,8.0,3,2,2,0,2.0,3.0,3.0,2,3,886252900,4,7.7818857271906055,15,10.001717479674797
36,0,Non-Travel,Research & Development,4,Medical,Male,1,Research Scientist,Single,1.0,11,0,10.0,3,10,9,7,2.0,4.0,2.0,3,3,1620062500,9,7.232681577681578,30,10.024318181818183
22,1,Travel_Frequently,Research & Development,3,Medical,Female,2,Laboratory Technician,Single,5.0,13,2,4.0,2,2,1,2,3.0,3.0,3.0,3,3,1432622500,49,6.447918439716312,26,10.023983451536644
48,0,Travel_Rarely,Research & Development,3,Medical,Male,1,Laboratory Technician,Married,2.0,14,1,14.0,6,9,6,7,2.0,4.0,3.0,3,3,11780931600,36,6.795801144492131,28,10.004380066762042
55,0,Travel_Rarely,Research & Development,3,Medical,Female,1,Sales Executive,Single,3.0,11,0,37.0,5,10,7,7,1.0,2.0,3.0,3,3,14474496100,1,7.3675034435261715,19,10.009550045913683
41,0,Non-Travel,Research & Development,2,Life Sciences,Female,2,Research Scientist,Single,7.0,17,1,16.0,2,14,1,10,4.0,4.0,3.0,2,3,9872409600,9,6.218216183574879,31,10.001940821256039
40,0,Travel_Rarely,Research & Development,3,Life Sciences,Female,2,Laboratory Technician,Single,7.0,14,0,22.0,1,20,5,13,2.0,3.0,3.0,3,3,661004100,225,7.319618502622795,28,10.003509775870292
39,0,Travel_Frequently,Research & Development,1,Medical,Male,1,Research Scientist,Married,1.0,16,1,8.0,3,8,0,7,3.0,3.0,3.0,3,3,9982008100,144,7.117489583333334,21,10.001880787037038
31,0,Travel_Rarely,Research & Development,4,Life Sciences,Male,3,Research Director,Single,4.0,13,2,10.0,2,6,0,5,2.0,4.0,4.0,2,3,3772416400,1,8.677375910746814,17,10.011096311475411
42,0,Travel_Rarely,Research & Development,3,Medical,Male,3,Sales Executive,Married,1.0,14,0,10.0,3,10,5,8,4.0,1.0,2.0,3,3,2905210000,25,10.774355791962174,26,10.006060283687944
45,0,Travel_Rarely,Research & Development,1,Medical,Female,4,Sales Executive,Married,0.0,23,0,9.0,2,8,3,7,4.0,2.0,4.0,3,4,1939521600,4,7.426807992202729,33,9.998512426900586
26,1,Travel_Frequently,Research & Development,1,Life Sciences,Female,2,Laboratory Technician,Divorced,0.0,12,0,8.0,3,7,1,0,2.0,3.0,2.0,3,3,3591604900,4,9.168659122085048,18,10.003022405121172
29,0,Travel_Rarely,Research & Development,3,Medical,Male,1,Research Scientist,Divorced,4.0,11,0,8.0,3,3,1,2,4.0,4.0,4.0,2,3,2631690000,25,7.402640086206896,29,10.007871168582374
33,0,Travel_Rarely,Research & Development,3,Medical,Female,1,Laboratory Technician,Divorced,4.0,16,0,10.0,2,6,0,5,1.0,3.0,3.0,3,3,436810000,256,7.377401960784314,23,10.012566526610645
31,0,Travel_Rarely,Research & Development,4,Life Sciences,Female,1,Sales Executive,Divorced,9.0,14,2,10.0,2,5,0,1,3.0,4.0,2.0,3,3,846228100,4,6.706642406598738,32,9.984756186317322
18,1,Travel_Frequently,Research & Development,3,Technical Degree,Male,1,Sales Executive,Single,1.0,18,2,0.0,4,0,0,0,2.0,2.0,3.0,4,3,1202702400,4,9.177018140589569,16,9.9912947845805
40,0,Non-Travel,Research & Development,4,Technical Degree,Female,2,Laboratory Technician,Divorced,3.0,19,0,20.0,3,1,0,1,3.0,1.0,3.0,2,3,941262400,1,6.911605067410507,22,10.019760576476058
41,0,Non-Travel,Research & Development,3,Life Sciences,Male,2,Manufacturing Director,Single,2.0,15,2,10.0,2,8,0,7,1.0,3.0,3.0,2,3,712890000,529,9.313776340996169,29,10.021925287356323
26,0,Travel_Rarely,Research & Development,4,Medical,Male,3,Healthcare Representative,Divorced,5.0,17,3,8.0,3,0,0,0,1.0,3.0,3.0,2,3,725224900,81,5.995600472813239,26,9.984925531914893
35,0,Travel_Rarely,Research & Development,4,Medical,Male,2,Human Resources,Single,1.0,15,0,5.0,2,5,0,3,1.0,3.0,3.0,2,3,9074467600,256,6.3117309458218545,19,10.01467401285583
34,0,Travel_Rarely,Research & Development,3,Medical,Male,1,Laboratory Technician,Single,1.0,19,1,10.0,3,10,5,7,4.0,4.0,3.0,2,3,2742616900,676,6.438360254527656,34,10.026837983357806
26,1,Travel_Rarely,Sales,3,Marketing,Female,2,Manufacturing Director,Single,1.0,22,0,1.0,3,1,0,0,3.0,4.0,1.0,1,4,588547600,1,8.709504781420765,17,10.001290983606557
37,0,Travel_Rarely,Research & Development,1,Life Sciences,Male,1,Sales Executive,Single,4.0,16,1,12.0,5,6,1,2,2.0,4.0,4.0,3,3,1758124900,64,7.4239807162534435,19,9.998445821854913
46,0,Travel_Frequently,Research & Development,1,Medical,Male,5,Human Resources,Married,5.0,13,0,28.0,3,2,1,2,1.0,3.0,2.0,3,3,847392100,16,6.167455889365761,28,9.965736766809728
37,0,Non-Travel,Research & Development,2,Medical,Male,1,Sales Executive,Divorced,1.0,16,1,9.0,3,9,7,7,1.0,2.0,3.0,3,3,411278400,49,7.489332125603865,31,9.986851449275362
52,0,Travel_Rarely,Sales,1,Medical,Male,1,Laboratory Technician,Divorced,3.0,11,1,18.0,2,10,6,9,4.0,1.0,3.0,3,3,9960040000,4,9.078804644808743,17,9.979180327868853
32,1,Non-Travel,Research & Development,2,Life Sciences,Female,2,Research Director,Married,8.0,22,0,6.0,4,4,1,2,4.0,3.0,3.0,2,4,1087680400,49,6.009575650118203,26,10.008086288416076
24,0,Travel_Frequently,Sales,3,Life Sciences,Female,1,Healthcare Representative,Married,0.0,14,2,3.0,5,2,2,1,4.0,4.0,3.0,2,3,861422500,484,5.974057710727969,29,10.002963362068966
38,0,Travel_Rarely,Research & Development,3,Life Sciences,Female,1,Research Scientist,Married,3.0,16,1,18.0,2,1,0,0,3.0,3.0,3.0,3,3,23799232900,25,6.0161342592592595,33,10.004460282651072
37,0,Travel_Rarely,Research & Development,4,Technical Degree,Female,5,Research Scientist,Married,6.0,11,2,8.0,3,6,4,3,2.0,2.0,2.0,3,3,1555513600,1,6.891148388648388,30,9.948347763347764
49,0,Travel_Rarely,Sales,1,Life Sciences,Male,1,Sales Executive,Divorced,1.0,18,2,31.0,2,31,0,9,4.0,3.0,3.0,1,3,1608812100,441,10.797482923497268,17,9.980362021857923
24,0,Travel_Rarely,Sales,3,Marketing,Female,1,Sales Executive,Married,1.0,15,2,6.0,2,6,1,4,2.0,4.0,3.0,2,3,1160764900,1,9.008302600472815,26,10.013217494089835
26,0,Travel_Rarely,Research & Development,4,Technical Degree,Female,4,Sales Executive,Married,1.0,14,1,6.0,6,5,1,4,1.0,2.0,4.0,3,3,14385603600,361,7.3836464424951265,33,10.002314814814815
24,0,Travel_Rarely,Sales,3,Medical,Female,1,Laboratory Technician,Married,1.0,12,0,1.0,4,1,0,0,4.0,2.0,3.0,1,3,151782400,49,6.786804407713499,19,9.962894857667585
50,0,Travel_Frequently,Sales,2,Marketing,Male,1,Sales Executive,Married,1.0,14,3,32.0,2,32,10,7,1.0,2.0,3.0,3,3,876160000,4,6.773574380165289,19,10.033010789715336
25,0,Travel_Rarely,Research & Development,3,Life Sciences,Male,1,Research Scientist,Married,1.0,16,0,7.0,3,7,0,6,2.0,3.0,3.0,2,3,36458083600,4,7.405586419753087,18,9.991882716049384
24,1,Travel_Frequently,Research & Development,3,Medical,Male,2,Research Scientist,Married,1.0,21,0,6.0,3,6,1,2,1.0,3.0,3.0,3,4,1535856100,4,10.796519396551725,29,10.034602490421456
30,1,Travel_Frequently,Research & Development,3,Other,Male,2,Healthcare Representative,Married,1.0,14,0,1.0,2,1,0,0,2.0,1.0,4.0,3,3,4658062500,81,6.946756854256854,30,10.017607022607022
34,0,Travel_Rarely,Sales,2,Life Sciences,Male,4,Research Director,Married,1.0,12,1,6.0,4,6,1,3,2.0,4.0,3.0,3,3,10502150400,36,8.88040070921986,26,10.006216312056738
31,1,Travel_Rarely,Research & Development,1,Medical,Female,1,Sales Representative,Divorced,2.0,12,2,9.0,2,3,1,2,2.0,1.0,1.0,2,3,35898880900,81,6.698702887909937,34,9.98858541360744
35,0,Travel_Rarely,Research & Development,3,Life Sciences,Female,5,Sales Executive,Single,4.0,17,3,9.0,3,3,0,2,1.0,4.0,3.0,3,3,623001600,4,7.861873306233063,15,10.007853432700992
31,0,Travel_Rarely,Sales,3,Marketing,Female,2,Sales Executive,Divorced,4.0,17,0,13.0,3,7,5,7,1.0,4.0,4.0,3,3,4179622500,1,6.28636680613668,22,9.98528010227801
27,0,Travel_Rarely,Sales,4,Medical,Male,1,Sales Representative,Divorced,0.0,14,1,6.0,4,5,0,3,1.0,3.0,2.0,3,3,486643600,484,7.854169071669072,30,9.998597883597883
37,0,Travel_Rarely,Sales,4,Marketing,Female,2,Laboratory Technician,Married,4.0,14,0,17.0,3,3,1,0,4.0,3.0,2.0,3,3,435139600,81,8.908952903520806,18,10.002608596250571
20,0,Travel_Rarely,Research & Development,4,Medical,Female,1,Sales Representative,Single,1.0,13,2,1.0,3,1,0,0,4.0,2.0,4.0,1,3,525784900,289,7.093976057647605,22,10.056911901441191
42,0,Travel_Rarely,Research & Development,4,Life Sciences,Female,2,Manufacturing Director,Married,1.0,15,0,10.0,5,10,2,2,3.0,4.0,3.0,3,3,699602500,784,7.506218038121804,22,10.030930962343096
43,0,Travel_Rarely,Research & Development,5,Technical Degree,Female,2,Sales Executive,Divorced,4.0,11,0,21.0,3,1,0,0,2.0,4.0,2.0,3,3,719848900,100,8.721149626517274,23,9.9890406162465
38,0,Travel_Rarely,Human Resources,4,Medical,Male,1,Human Resources,Single,3.0,17,1,8.0,5,0,0,0,3.0,1.0,2.0,4,3,405619600,4,6.794996423462089,28,9.979340724845017
43,0,Travel_Frequently,Sales,3,Medical,Female,2,Healthcare Representative,Divorced,3.0,11,1,10.0,5,8,4,7,4.0,3.0,3.0,3,3,1168956100,16,9.141189458689459,27,10.029077635327635
48,0,Travel_Rarely,Research & Development,1,Medical,Male,2,Laboratory Technician,Married,7.0,13,1,21.0,3,3,0,2,4.0,1.0,1.0,4,3,2890137600,64,7.0068008072174734,27,9.977929724596391
44,0,Travel_Rarely,Sales,4,Marketing,Male,2,Sales Executive,Single,4.0,22,3,10.0,4,2,0,2,1.0,3.0,4.0,4,4,380640100,841,6.698729024943311,16,10.03032199546485
34,0,Travel_Rarely,Research & Development,4,Life Sciences,Female,1,Laboratory Technician,Divorced,1.0,20,2,8.0,3,8,0,6,3.0,3.0,3.0,2,4,548028100,169,8.38059541062802,31,9.986711352657005
27,1,Travel_Rarely,Sales,3,Life Sciences,Male,2,Research Scientist,Divorced,0.0,18,0,5.0,0,4,0,2,3.0,1.0,3.0,3,3,525784900,729,6.505614338404794,20,9.999037574919317
21,0,Travel_Rarely,Sales,2,Life Sciences,Male,3,Sales Executive,Single,1.0,11,1,3.0,2,3,1,2,3.0,3.0,3.0,1,3,7614307600,256,7.197285954785955,30,9.986457431457433
44,0,Travel_Rarely,Research & Development,2,Life Sciences,Male,1,Laboratory Technician,Married,4.0,14,1,26.0,2,2,0,1,4.0,4.0,4.0,3,3,1608812100,4,8.654981325863679,23,10.009293884220355
22,0,Travel_Rarely,Research & Development,2,Medical,Female,2,Laboratory Technician,Married,0.0,14,0,3.0,3,2,2,2,1.0,3.0,3.0,2,3,38200702500,4,6.003892390289449,23,9.9840581232493
32,0,Travel_Rarely,Research & Development,1,Life Sciences,Female,1,Healthcare Representative,Married,1.0,16,1,6.0,3,6,0,5,1.0,4.0,2.0,3,3,913248400,1,9.394063492063491,16,10.020786848072563
30,0,Travel_Frequently,Research & Development,5,Technical Degree,Male,3,Manager,Divorced,1.0,17,0,1.0,3,1,0,0,3.0,3.0,3.0,3,3,3331598400,16,7.306887433284813,32,9.994422610383308
53,0,Travel_Rarely,Research & Development,3,Other,Female,3,Manager,Single,7.0,11,1,18.0,2,14,8,10,4.0,1.0,4.0,2,3,514836100,576,7.1054965277777775,21,10.005336805555556
34,0,Travel_Rarely,Research & Development,5,Medical,Male,1,Research Scientist,Married,1.0,12,0,10.0,0,10,8,8,2.0,4.0,2.0,3,3,2895516100,1,7.402895955165692,33,9.988514863547758
45,1,Travel_Frequently,Research & Development,4,Life Sciences,Male,3,Research Director,Married,2.0,13,1,5.0,5,1,0,0,1.0,1.0,3.0,3,3,1184048100,361,7.61566087962963,21,9.982612268518519
26,0,Travel_Rarely,Research & Development,2,Life Sciences,Male,1,Manufacturing Director,Married,1.0,13,1,3.0,5,3,0,2,3.0,4.0,3.0,4,3,2974611600,49,10.005085377585377,30,10.00526936026936
37,0,Travel_Rarely,Research & Development,3,Medical,Male,1,Manager,Married,1.0,14,0,10.0,3,10,7,8,3.0,3.0,3.0,2,3,9769345600,16,6.17747594997595,30,9.989723424723426
29,0,Travel_Rarely,Research & Development,3,Life Sciences,Female,1,Healthcare Representative,Married,1.0,17,3,6.0,2,6,1,2,2.0,3.0,2.0,3,3,1728064900,4,6.80102422907489,34,10.02507464512971
35,0,Travel_Rarely,Research & Development,5,Medical,Female,4,Laboratory Technician,Single,1.0,11,0,17.0,3,17,11,8,2.0,4.0,3.0,3,3,18111776400,100,6.727743352326685,27,9.979627255460588
33,0,Travel_Frequently,Research & Development,3,Technical Degree,Male,2,Laboratory Technician,Divorced,3.0,25,1,15.0,3,13,4,7,3.0,4.0,1.0,3,4,8224676100,64,7.496162037037037,21,9.99515972222222
36,0,Travel_Rarely,Research & Development,3,Life Sciences,Male,2,Research Scientist,Divorced,2.0,13,1,13.0,3,3,0,2,2.0,2.0,3.0,2,3,3498722500,64,10.705447916666666,21,10.018825231481483
27,0,Travel_Rarely,Sales,3,Marketing,Male,5,Research Director,Single,0.0,14,1,5.0,3,4,1,1,1.0,4.0,3.0,1,3,3591604900,81,7.000167394468705,32,10.015425764192141
20,1,Travel_Rarely,Research & Development,3,Life Sciences,Male,5,Sales Representative,Single,1.0,12,3,1.0,2,1,1,1,4.0,3.0,3.0,2,3,3797024400,1,8.610434532042417,20,9.971630935915167
33,1,Travel_Frequently,Research & Development,4,Medical,Female,1,Laboratory Technician,Single,1.0,11,0,10.0,3,10,9,7,1.0,1.0,3.0,3,3,578883600,225,10.42268987341772,24,10.002980543834974
35,0,Non-Travel,Research & Development,1,Medical,Male,1,Research Scientist,Married,1.0,19,1,1.0,2,1,0,0,3.0,3.0,3.0,4,3,35118760000,4,6.66601394604481,18,9.980752171925012
23,0,Travel_Rarely,Research & Development,3,Life Sciences,Male,1,Healthcare Representative,Married,2.0,11,1,5.0,3,3,0,2,1.0,1.0,4.0,3,3,5832376900,4,7.071160673121254,20,9.984119409866297
25,0,Travel_Rarely,Research & Development,3,Medical,Male,2,Manufacturing Director,Married,0.0,11,1,4.0,3,3,1,2,4.0,2.0,3.0,3,3,10192921600,121,7.7076554641060815,18,9.99754343850023
38,0,Travel_Rarely,Research & Development,3,Life Sciences,Male,5,Research Scientist,Single,0.0,20,1,8.0,3,7,0,5,4.0,4.0,3.0,2,4,21773953600,256,6.807263374485596,18,10.002692043895747
29,0,Travel_Frequently,Sales,4,Life Sciences,Male,4,Healthcare Representative,Divorced,1.0,18,3,10.0,3,10,2,8,2.0,4.0,3.0,2,3,4223700100,4,7.775427708042771,22,10.011802649930265
48,0,Travel_Rarely,Research & Development,3,Technical Degree,Male,1,Sales Executive,Married,3.0,13,0,12.0,2,2,2,2,2.0,2.0,3.0,4,3,9455617600,256,7.118721524872153,22,10.008339144583916
27,0,Travel_Frequently,Sales,3,Technical Degree,Male,5,Laboratory Technician,Divorced,1.0,12,0,6.0,5,6,0,4,4.0,4.0,3.0,3,3,481363600,16,8.938866430260049,26,9.992788416075651
37,0,Travel_Rarely,Research & Development,3,Life Sciences,Male,3,Manager,Single,3.0,11,0,4.0,2,1,0,0,4.0,4.0,3.0,4,3,1147854400,256,7.565030218503022,22,9.97746280799628
50,0,Travel_Rarely,Sales,3,Medical,Male,1,Laboratory Technician,Married,1.0,19,1,20.0,2,20,3,8,4.0,3.0,3.0,4,3,2995372900,25,9.12480329041488,28,10.008767286599905
34,0,Travel_Rarely,Research & Development,1,Medical,Male,1,Healthcare Representative,Single,1.0,21,1,9.0,2,8,7,7,4.0,2.0,4.0,3,4,730620900,324,6.781649232914923,22,10.00902138540214
24,1,Travel_Rarely,Research & Development,2,Life Sciences,Female,1,Healthcare Representative,Single,9.0,12,0,4.0,3,2,2,0,1.0,3.0,3.0,1,3,625500100,289,7.503401056014693,19,10.014997704315885
39,0,Travel_Rarely,Research & Development,5,Medical,Female,1,Sales Representative,Single,1.0,14,2,20.0,2,20,11,10,4.0,3.0,3.0,3,3,3868840000,144,6.74090564738292,19,9.974366391184573
32,0,Travel_Rarely,Research & Development,3,Life Sciences,Male,5,Research Scientist,Single,1.0,11,0,10.0,5,10,0,8,4.0,4.0,2.0,1,3,922944400,4,7.892434573002755,19,10.007411616161615
50,1,Travel_Frequently,Research & Development,2,Medical,Male,4,Sales Representative,Married,3.0,14,1,18.0,2,4,1,3,2.0,3.0,3.0,2,3,1957177600,16,8.207366522366524,30,10.001378066378066
38,0,Travel_Rarely,Research & Development,4,Life Sciences,Male,1,Sales Executive,Single,0.0,12,1,10.0,2,9,1,8,2.0,4.0,2.0,2,3,1859334400,81,7.198367149758454,31,9.994361111111111
27,0,Travel_Rarely,Research & Development,3,Medical,Male,5,Research Scientist,Married,1.0,23,1,9.0,3,9,0,7,3.0,1.0,3.0,2,4,17543002500,100,6.449521475256769,23,10.00498366013072
32,0,Travel_Rarely,Sales,3,Medical,Male,2,Sales Executive,Single,3.0,14,0,10.0,6,7,7,7,3.0,4.0,3.0,3,3,18670489600,1,7.892938775510204,16,10.02310544217687
47,0,Travel_Rarely,Research & Development,3,Medical,Female,5,Sales Executive,Single,2.0,17,0,20.0,3,7,1,7,4.0,1.0,3.0,3,3,2521044100,4,6.676836219336219,30,9.984089706589707
40,0,Travel_Frequently,Research & Development,4,Medical,Female,3,Human Resources,Married,5.0,18,0,20.0,2,18,1,12,4.0,1.0,3.0,3,3,2627587600,9,8.57186974789916,23,9.972502334267041
53,0,Travel_Rarely,Research & Development,1,Life Sciences,Male,2,Laboratory Technician,Married,3.0,18,1,32.0,2,5,1,3,3.0,3.0,3.0,3,3,817388100,49,6.812551263710062,28,10.030653314258464
41,0,Travel_Rarely,Sales,3,Medical,Male,1,Sales Executive,Divorced,3.0,24,3,23.0,3,21,12,6,2.0,4.0,2.0,3,4,10483712100,36,7.706537494284408,18,9.991039094650205
60,0,Travel_Rarely,Research & Development,2,Life Sciences,Female,5,Laboratory Technician,Single,8.0,20,0,10.0,3,2,2,2,1.0,1.0,3.0,4,4,2839824100,64,6.60321497584541,31,9.991050724637683
27,0,Travel_Frequently,Research & Development,1,Life Sciences,Male,2,Manufacturing Director,Divorced,1.0,14,0,9.0,2,9,1,7,4.0,1.0,2.0,2,3,1870562500,841,7.412207049486461,23,9.99218954248366
41,0,Travel_Rarely,Research & Development,3,Medical,Male,1,Manufacturing Director,Married,1.0,16,0,22.0,2,22,2,10,4.0,3.0,3.0,3,3,5270760000,9,6.236250581125058,22,10.010761273826128
50,0,Travel_Rarely,Sales,3,Life Sciences,Male,2,Research Scientist,Married,7.0,25,1,4.0,0,2,2,2,4.0,2.0,3.0,4,4,539168400,81,7.406968918257464,34,9.996825746451297
28,1,Travel_Rarely,Sales,4,Life Sciences,Male,3,Research Scientist,Single,7.0,18,3,10.0,0,7,3,7,1.0,2.0,3.0,2,3,430562500,4,8.10100622406639,20,9.995319271553711
36,0,Non-Travel,Research & Development,4,Technical Degree,Female,2,Research Scientist,Married,9.0,19,1,10.0,3,8,0,5,1.0,1.0,3.0,3,3,1723910400,100,5.98372763653484,25,10.014750470809792
38,0,Travel_Rarely,Research & Development,3,Medical,Female,3,Manager,Single,4.0,13,1,10.0,2,1,0,0,3.0,3.0,4.0,3,3,9252516100,1,9.841307617661329,32,9.987106986899564
44,0,Non-Travel,Research & Development,2,Life Sciences,Male,1,Research Scientist,Single,2.0,12,0,9.0,6,5,1,4,1.0,3.0,3.0,2,3,18233100900,64,6.123103408029879,23,10.004109477124182
47,0,Travel_Frequently,Research & Development,3,Life Sciences,Male,1,Research Scientist,Divorced,9.0,22,1,28.0,6,22,11,13,4.0,3.0,2.0,2,4,2960448100,729,8.299020531400966,31,10.017141304347826
30,0,Travel_Rarely,Research & Development,3,Life Sciences,Male,2,Sales Executive,Divorced,7.0,14,1,10.0,3,8,7,7,3.0,4.0,2.0,3,3,2713368100,64,7.521344671201814,16,10.015342403628118
29,0,Travel_Rarely,Research & Development,2,Medical,Female,1,Sales Executive,Single,1.0,13,3,1.0,2,1,0,0,3.0,3.0,3.0,3,3,11391292900,1,6.429023456790124,36,10.003145679012345
42,1,Travel_Frequently,Research & Development,1,Life Sciences,Female,1,Sales Executive,Divorced,6.0,21,3,7.0,3,2,2,2,3.0,3.0,3.0,3,4,2510010000,100,9.95740664845173,17,10.000654599271401
43,0,Travel_Frequently,Research & Development,1,Life Sciences,Male,1,Laboratory Technician,Married,3.0,11,2,7.0,3,2,2,2,4.0,4.0,3.0,3,3,18357540100,676,7.118760775862069,29,10.011023706896552
34,0,Travel_Rarely,Research & Development,5,Technical Degree,Male,2,Healthcare Representative,Single,3.0,12,2,10.0,2,5,4,3,2.0,3.0,3.0,4,3,2499000100,4,6.394135536398467,29,10.010408285440613
23,0,Travel_Rarely,Sales,3,Marketing,Male,5,Sales Executive,Married,1.0,11,1,5.0,4,4,0,2,2.0,1.0,4.0,3,3,1781684100,169,7.805959699453552,17,9.998454007285973
39,0,Travel_Rarely,Sales,4,Marketing,Female,4,Healthcare Representative,Married,9.0,12,3,12.0,3,8,3,6,3.0,2.0,1.0,2,3,19243238400,4,6.285127217553688,23,10.005231092436974
56,0,Travel_Rarely,Research & Development,4,Medical,Male,1,Manager,Married,7.0,12,0,30.0,6,10,1,1,3.0,4.0,2.0,3,3,416976400,4,7.095374244537425,22,9.962345420734541
40,0,Travel_Rarely,Sales,3,Marketing,Male,2,Research Scientist,Single,0.0,14,0,5.0,3,4,2,3,4.0,4.0,2.0,3,3,429732900,81,8.797861336946703,15,9.999876919602528
27,0,Travel_Rarely,Research & Development,3,Life Sciences,Female,1,Laboratory Technician,Single,8.0,13,0,9.0,6,7,0,7,4.0,1.0,1.0,3,3,873793600,100,7.492104481024234,18,10.00156378600823
29,0,Travel_Rarely,Sales,3,Marketing,Female,2,Manager,Divorced,1.0,15,1,2.0,3,2,2,2,4.0,2.0,3.0,2,3,856147600,400,7.0666621499548326,15,9.9795788166215
53,0,Travel_Rarely,Research & Development,3,Life Sciences,Female,3,Laboratory Technician,Single,2.0,18,0,19.0,2,2,2,2,4.0,4.0,3.0,3,3,2312648100,81,6.3258297101449275,31,9.99694806763285
35,0,Non-Travel,Research & Development,1,Medical,Male,1,Healthcare Representative,Divorced,2.0,18,2,16.0,4,1,0,0,4.0,1.0,4.0,3,3,2665656900,25,7.077205743879473,25,9.999154896421846
32,0,Travel_Frequently,Sales,4,Life Sciences,Male,2,Sales Executive,Married,1.0,19,0,10.0,3,10,4,7,1.0,4.0,3.0,1,3,35509633600,16,7.808465986394558,16,9.970274376417233
38,0,Travel_Rarely,Sales,3,Medical,Male,4,Laboratory Technician,Married,6.0,12,2,6.0,5,1,0,1,4.0,3.0,1.0,3,3,33022158400,100,10.874641723356008,16,10.00579365079365
34,0,Travel_Rarely,Research & Development,3,Medical,Female,3,Laboratory Technician,Divorced,3.0,19,1,7.0,4,0,0,0,2.0,1.0,3.0,2,3,3299353600,400,6.170700431034483,29,10.003541666666667
52,0,Travel_Rarely,Sales,5,Technical Degree,Male,3,Manager,Married,1.0,11,1,34.0,2,34,1,16,3.0,1.0,4.0,3,3,834632100,441,5.995460107684777,34,9.968750611845325
33,1,Travel_Rarely,Research & Development,2,Medical,Male,3,Laboratory Technician,Single,1.0,17,3,10.0,2,10,7,8,4.0,4.0,2.0,3,3,824264100,1,9.98832877959927,17,10.018094262295081
25,0,Travel_Rarely,Research & Development,3,Life Sciences,Male,2,Research Scientist,Single,1.0,15,0,6.0,3,6,1,4,3.0,4.0,2.0,3,3,5601025600,64,7.7169027777777774,21,10.001819444444445
45,0,Travel_Rarely,Sales,3,Life Sciences,Male,3,Healthcare Representative,Single,0.0,14,0,9.0,2,8,3,1,2.0,3.0,3.0,3,3,3689347600,4,5.9940800865800865,30,9.979426406926407
23,0,Travel_Rarely,Research & Development,1,Life Sciences,Female,2,Research Scientist,Single,1.0,17,1,2.0,2,2,0,2,1.0,3.0,3.0,1,3,30025958400,529,7.997055555555556,16,9.970075963718822
47,1,Travel_Frequently,Research & Development,3,Life Sciences,Male,1,Research Director,Single,4.0,13,1,8.0,2,5,1,3,2.0,3.0,3.0,3,3,769507600,16,10.009682033096926,26,9.984433806146571
34,0,Travel_Rarely,Research & Development,3,Technical Degree,Male,1,Research Scientist,Single,1.0,12,0,6.0,3,6,1,4,4.0,4.0,3.0,3,3,2029502500,144,7.804073275862069,29,9.978845785440614
55,1,Travel_Rarely,Human Resources,3,Human Resources,Male,4,Laboratory Technician,Married,5.0,12,0,24.0,2,5,1,4,4.0,1.0,3.0,3,3,5517518400,49,8.05094806763285,31,9.965886473429952
36,0,Non-Travel,Research & Development,2,Life Sciences,Male,5,Sales Executive,Single,1.0,18,1,10.0,2,10,0,9,1.0,1.0,3.0,1,3,13528016100,49,7.396366898148148,21,10.005400462962962
52,0,Non-Travel,Research & Development,4,Life Sciences,Male,5,Sales Executive,Married,0.0,18,2,5.0,2,4,1,2,4.0,4.0,3.0,3,3,9482864400,1,7.245820105820106,30,10.004616402116401
26,0,Travel_Frequently,Research & Development,2,Life Sciences,Male,1,Manufacturing Director,Divorced,3.0,11,1,5.0,2,2,2,0,1.0,4.0,3.0,3,3,803722500,4,7.090755017131668,34,10.010507831620165
29,0,Travel_Rarely,Research & Development,2,Medical,Male,3,Manufacturing Director,Married,4.0,14,3,11.0,5,8,1,1,2.0,3.0,2.0,3,3,28760768100,100,6.279730461393597,25,9.989382062146891
34,0,Travel_Rarely,Research & Development,4,Technical Degree,Male,2,Manufacturing Director,Single,2.0,12,0,10.0,3,4,1,3,2.0,4.0,3.0,3,3,3777331600,196,6.203041125541125,30,9.99587542087542
54,0,Travel_Rarely,Research & Development,4,Medical,Female,2,Laboratory Technician,Divorced,9.0,15,1,9.0,2,5,1,4,4.0,1.0,3.0,3,3,2463136900,324,8.896373188405798,31,10.010754830917874
27,0,Travel_Frequently,Research & Development,2,Life Sciences,Female,4,Research Scientist,Married,0.0,12,0,5.0,5,4,1,1,3.0,4.0,3.0,3,3,38169436900,169,6.805050505050505,19,9.992926997245178
37,0,Travel_Rarely,Sales,4,Technical Degree,Male,2,Manufacturing Director,Divorced,0.0,11,0,6.0,1,5,4,3,4.0,1.0,2.0,3,3,3809358400,4,9.499684944684944,30,10.008567821067821
38,0,Travel_Frequently,Sales,4,Life Sciences,Female,2,Research Scientist,Single,6.0,11,1,17.0,3,15,4,12,1.0,1.0,3.0,3,3,560742400,4,10.821924119241192,15,10.004224254742546
34,0,Travel_Rarely,Sales,3,Marketing,Male,1,Sales Representative,Single,1.0,12,0,6.0,2,6,1,3,3.0,1.0,3.0,3,3,10633734400,4,6.887651300236406,26,9.9802304964539
35,0,Travel_Rarely,Research & Development,4,Medical,Male,3,Manager,Married,1.0,16,0,3.0,6,3,0,2,1.0,4.0,2.0,2,3,280562500,25,7.8023307656395895,23,9.968958916900093
30,0,Travel_Rarely,Research & Development,3,Medical,Male,1,Laboratory Technician,Married,3.0,13,1,7.0,2,2,0,2,4.0,3.0,3.0,3,3,636552900,400,7.1923405797101445,31,9.9848538647343
40,0,Travel_Frequently,Research & Development,4,Medical,Male,2,Manufacturing Director,Married,1.0,13,1,8.0,3,8,3,7,3.0,2.0,3.0,4,3,4312548900,100,6.371433615819209,25,10.02824741054614
34,0,Travel_Rarely,Research & Development,3,Life Sciences,Male,3,Healthcare Representative,Married,5.0,24,2,6.0,2,3,1,2,3.0,1.0,3.0,3,4,2245812100,100,7.893172705314011,31,10.018574879227053
42,0,Travel_Frequently,Research & Development,4,Medical,Male,1,Manufacturing Director,Divorced,1.0,15,1,24.0,2,24,14,9,2.0,4.0,2.0,4,3,8478726400,81,7.821308321308321,30,10.02169793169793
23,1,Travel_Rarely,Sales,3,Medical,Female,4,Manufacturing Director,Married,1.0,18,1,1.0,2,0,0,0,3.0,1.0,3.0,2,3,2078448100,4,7.996996598639456,16,10.022321995464853
24,0,Non-Travel,Sales,5,Marketing,Female,1,Manufacturing Director,Divorced,1.0,14,1,1.0,3,1,0,0,3.0,2.0,3.0,3,3,6705972100,1,6.749403910348116,28,10.000394611349547
52,0,Travel_Rarely,Research & Development,3,Life Sciences,Male,2,Manufacturing Director,Married,8.0,11,1,9.0,1,5,1,4,4.0,3.0,3.0,2,3,865536400,841,6.058953625235405,25,10.024382062146891
50,0,Travel_Rarely,Research & Development,4,Life Sciences,Male,2,Sales Executive,Married,5.0,11,1,30.0,3,4,0,3,3.0,3.0,3.0,1,3,2441348100,64,6.363878515444906,20,9.976323190410326
29,1,Travel_Rarely,Sales,4,Marketing,Female,4,Research Scientist,Married,1.0,13,2,1.0,2,1,0,0,2.0,1.0,3.0,4,3,11342250000,4,10.674197154471544,15,9.991661020776874
33,0,Travel_Rarely,Research & Development,4,Life Sciences,Male,4,Manufacturing Director,Married,0.0,12,1,14.0,2,13,3,7,3.0,3.0,4.0,3,3,3483360400,9,6.994114507520621,32,10.01580422125182
33,1,Travel_Rarely,Research & Development,5,Life Sciences,Male,1,Human Resources,Single,5.0,16,2,6.0,3,3,0,2,1.0,1.0,3.0,2,3,7463232100,529,8.022934782608695,31,10.023608695652173
47,0,Travel_Rarely,Research & Development,4,Other,Male,2,Manager,Married,1.0,14,0,26.0,2,26,3,0,3.0,4.0,2.0,4,3,4028440900,36,9.502909544159545,27,10.01604582146249
36,0,Travel_Rarely,Sales,3,Medical,Female,2,Sales Executive,Married,0.0,22,0,10.0,3,9,0,5,3.0,2.0,3.0,3,4,1764000000,36,7.686010101010101,19,9.968289715335171
29,0,Travel_Rarely,Research & Development,3,Other,Male,1,Research Scientist,Married,1.0,11,0,10.0,3,10,0,7,3.0,3.0,3.0,2,3,1191630400,100,7.688039990421456,29,9.986442768199232
58,1,Travel_Rarely,Research & Development,3,Other,Female,2,Research Scientist,Single,7.0,17,0,40.0,2,31,13,8,4.0,2.0,3.0,3,3,1863648900,576,8.896928240740742,21,9.984309027777776
35,0,Travel_Rarely,Sales,4,Marketing,Female,1,Research Scientist,Single,3.0,13,3,7.0,3,2,2,2,4.0,3.0,3.0,4,3,692742400,100,7.759774805669868,18,10.012958390489255
42,0,Travel_Rarely,Sales,1,Marketing,Male,2,Laboratory Technician,Married,9.0,18,2,8.0,2,4,0,2,4.0,4.0,3.0,3,3,2179022400,225,10.498053181386513,27,10.007488129154796
28,1,Travel_Rarely,Research & Development,4,Medical,Female,2,Sales Executive,Single,6.0,16,1,5.0,4,2,2,1,3.0,3.0,2.0,2,3,1026561600,361,6.219219122556032,28,10.00140557939914
36,0,Travel_Rarely,Research & Development,3,Life Sciences,Male,2,Healthcare Representative,Married,4.0,14,1,8.0,3,5,0,4,3.0,2.0,3.0,3,3,739840000,4,6.590180375180375,30,10.021512746512746
40,0,Travel_Frequently,Sales,3,Marketing,Male,3,Manufacturing Director,Single,6.0,14,0,10.0,3,1,0,0,1.0,3.0,3.0,3,3,500864400,81,6.905994886099489,22,9.988881915388193
30,0,Travel_Rarely,Research & Development,3,Technical Degree,Male,2,Research Director,Single,5.0,13,0,12.0,3,0,0,0,3.0,4.0,2.0,3,3,219928900,49,9.40196485260771,16,9.997827664399093
45,0,Travel_Rarely,Research & Development,4,Life Sciences,Male,1,Research Director,Single,1.0,12,2,1.0,2,1,0,0,2.0,3.0,3.0,3,3,3141602500,100,6.6021959942775394,28,9.997309251311396
42,0,Travel_Rarely,Research & Development,2,Medical,Male,2,Sales Representative,Married,1.0,15,0,10.0,3,9,7,8,2.0,2.0,2.0,3,3,5321702500,400,7.626456552706553,27,9.996887464387465
38,0,Travel_Frequently,Sales,3,Medical,Male,2,Research Scientist,Divorced,2.0,19,1,13.0,5,4,1,2,1.0,1.0,2.0,3,3,531763600,16,7.593121693121693,30,9.964740259740259
34,0,Travel_Frequently,Research & Development,4,Life Sciences,Male,3,Laboratory Technician,Single,1.0,14,1,6.0,3,5,1,3,3.0,4.0,3.0,3,3,551310400,49,6.909130434782608,31,9.995559178743962
49,1,Travel_Rarely,Sales,2,Life Sciences,Female,2,Healthcare Representative,Married,1.0,14,2,9.0,2,9,7,7,3.0,4.0,4.0,4,3,8096400400,49,6.313039855072464,31,10.013300724637682
55,1,Travel_Rarely,Human Resources,3,Technical Degree,Male,4,Manufacturing Director,Single,4.0,11,0,12.0,3,9,7,3,3.0,4.0,2.0,4,3,1865376100,256,6.389931693989071,17,9.981487932604734
43,0,Travel_Rarely,Research & Development,2,Medical,Male,2,Healthcare Representative,Married,6.0,13,0,22.0,3,4,1,0,2.0,1.0,3.0,2,3,3760142400,625,7.2855543785310735,25,10.000318973634652
27,0,Travel_Rarely,Sales,4,Medical,Male,2,Manager,Divorced,1.0,21,1,9.0,2,9,0,8,3.0,4.0,3.0,2,4,1119571600,4,10.525373015873017,16,10.02674716553288
35,0,Travel_Rarely,Research & Development,3,Medical,Male,1,Research Director,Single,3.0,13,1,17.0,2,8,1,6,3.0,3.0,4.0,3,3,11783102500,1,7.024023532265891,32,9.998266618146532
28,0,Travel_Rarely,Sales,2,Technical Degree,Female,1,Sales Executive,Married,1.0,12,0,8.0,3,8,7,5,2.0,2.0,3.0,2,3,497736100,1,9.911441256830601,17,9.990727459016394
34,0,Travel_Rarely,Sales,5,Life Sciences,Male,4,Research Scientist,Married,0.0,17,0,4.0,2,3,0,2,3.0,4.0,1.0,3,3,539632900,4,6.913744769874477,22,9.964483960948396
26,1,Travel_Frequently,Research & Development,4,Other,Female,1,Sales Executive,Married,1.0,23,0,8.0,2,8,1,7,3.0,3.0,3.0,3,4,409657600,484,8.012555315055314,30,9.960871813371813
27,0,Non-Travel,Sales,3,Technical Degree,Female,1,Sales Executive,Married,1.0,11,0,0.0,2,0,0,0,4.0,4.0,2.0,3,3,736036900,1,7.249490338164252,31,9.974416666666666
51,0,Travel_Rarely,Sales,3,Medical,Male,3,Research Scientist,Married,2.0,15,3,29.0,0,20,4,17,1.0,3.0,2.0,3,3,8909472100,256,6.08176429567643,22,10.008419339841934
44,0,Travel_Rarely,Sales,5,Medical,Female,1,Sales Executive,Single,9.0,11,1,10.0,3,5,2,3,4.0,2.0,2.0,3,3,658435600,576,6.295518755935423,27,10.014783950617282
25,0,Travel_Rarely,Research & Development,3,Medical,Male,1,Laboratory Technician,Single,7.0,11,3,6.0,5,4,0,1,1.0,1.0,2.0,4,3,39704547600,289,6.377411835748792,31,9.995317632850242
33,0,Travel_Rarely,Research & Development,4,Life Sciences,Male,3,Laboratory Technician,Divorced,1.0,13,1,9.0,3,9,0,8,1.0,1.0,3.0,2,3,600740100,64,6.023360136452241,33,9.954632066276803
35,0,Travel_Rarely,Sales,4,Medical,Female,2,Manager,Single,1.0,24,1,6.0,5,6,1,1,3.0,1.0,2.0,2,4,8871756100,36,6.895604075691412,32,10.012322901504124
36,0,Travel_Rarely,Sales,4,Marketing,Male,3,Manager,Married,1.0,13,0,18.0,2,18,4,11,2.0,4.0,2.0,3,3,7544659600,100,9.710834500466852,23,9.983060224089636
32,0,Travel_Rarely,Research & Development,4,Medical,Female,4,Sales Executive,Divorced,2.0,20,0,8.0,3,5,0,3,2.0,4.0,2.0,3,4,922944400,9,7.8313574879227055,31,9.995153381642512
30,0,Travel_Frequently,Research & Development,5,Medical,Male,5,Sales Representative,Divorced,9.0,14,1,10.0,2,5,0,3,2.0,4.0,2.0,3,3,935136400,16,6.379905817835002,28,9.995630662851692
53,0,Travel_Rarely,Sales,3,Marketing,Male,4,Sales Executive,Married,7.0,18,1,35.0,1,5,0,4,1.0,4.0,3.0,4,3,540562500,36,10.363845704948647,23,9.992782446311859
45,0,Travel_Rarely,Research & Development,5,Technical Degree,Male,2,Healthcare Representative,Divorced,4.0,15,3,18.0,2,5,0,2,4.0,1.0,3.0,3,3,435974400,1,8.491444931773879,33,10.00954312865497
32,0,Travel_Rarely,Sales,3,Marketing,Female,1,Human Resources,Married,5.0,12,0,9.0,4,5,1,3,3.0,3.0,2.0,1,3,943718400,100,6.633939603503919,20,10.002934532042417
52,0,Travel_Frequently,Research & Development,1,Life Sciences,Male,2,Laboratory Technician,Married,3.0,16,1,31.0,2,9,0,0,3.0,4.0,3.0,3,3,2506003600,1,7.627005910165485,26,9.99789598108747
37,0,Travel_Rarely,Sales,2,Life Sciences,Female,4,Laboratory Technician,Divorced,4.0,15,0,9.0,2,1,0,0,4.0,3.0,3.0,3,3,1812204900,576,6.1029396235078055,19,9.985361570247935
28,0,Travel_Rarely,Research & Development,4,Life Sciences,Female,1,Healthcare Representative,Divorced,1.0,16,2,6.0,3,5,0,4,2.0,4.0,3.0,3,3,625000000,441,6.290355509830818,18,9.997274805669866
22,0,Travel_Rarely,Research & Development,2,Life Sciences,Male,1,Sales Representative,Married,6.0,19,0,4.0,3,2,2,2,4.0,4.0,1.0,2,3,121440400,4,6.472758112094395,35,10.022073500491642
44,0,Travel_Rarely,Research & Development,3,Medical,Female,1,Laboratory Technician,Married,2.0,11,1,10.0,2,3,0,2,1.0,4.0,2.0,3,3,10926520900,484,10.991957939721097,14,10.033721322537112
42,0,Travel_Frequently,Sales,4,Life Sciences,Female,2,Laboratory Technician,Single,5.0,16,1,8.0,4,2,2,2,2.0,4.0,3.0,2,3,523494400,169,8.005260631001372,18,10.011535208047553
36,0,Travel_Rarely,Research & Development,3,Other,Male,2,Research Scientist,Married,0.0,24,0,6.0,6,5,0,3,1.0,1.0,3.0,2,4,1543704100,196,7.605230090605627,28,9.997314020028613
25,0,Travel_Rarely,Sales,3,Life Sciences,Female,1,Laboratory Technician,Married,1.0,11,1,5.0,2,5,0,3,3.0,1.0,3.0,3,3,534072100,121,10.396100517890773,25,9.987000941619586
35,0,Travel_Rarely,Research & Development,2,Life Sciences,Female,1,Healthcare Representative,Married,1.0,13,1,17.0,2,17,5,15,4.0,3.0,3.0,2,3,985960000,81,8.777904693486592,29,9.991150622605364
32,0,Non-Travel,Research & Development,3,Life Sciences,Male,1,Sales Executive,Divorced,0.0,13,0,4.0,3,3,0,2,4.0,4.0,3.0,3,3,1980250000,441,7.89870778267254,34,10.022113313754284
25,0,Travel_Rarely,Sales,3,Marketing,Female,4,Research Scientist,Married,1.0,12,2,5.0,2,5,0,3,3.0,1.0,4.0,3,3,759553600,25,7.782481087470449,26,10.044413711583925
49,0,Travel_Rarely,Sales,3,Technical Degree,Female,2,Sales Representative,Married,2.0,18,1,7.0,5,4,0,2,3.0,1.0,3.0,3,3,36225508900,81,7.517452919020716,25,9.985163606403013
24,0,Non-Travel,Research & Development,5,Technical Degree,Male,2,Healthcare Representative,Married,0.0,22,1,6.0,3,5,3,4,1.0,4.0,2.0,3,4,35051328400,4,7.592135933806147,26,9.998425531914892
32,0,Travel_Frequently,Research & Development,5,Medical,Male,1,Research Scientist,Married,1.0,13,1,10.0,3,10,5,3,2.0,2.0,3.0,2,3,9114520900,144,6.819206516643226,24,10.008936943272385
38,0,Travel_Rarely,Sales,2,Medical,Male,1,Sales Executive,Married,0.0,13,0,3.0,3,2,1,2,2.0,2.0,3.0,4,3,18862275600,484,6.937852387511478,19,9.974494949494948
42,0,Travel_Rarely,Research & Development,1,Technical Degree,Female,2,Research Scientist,Married,2.0,23,1,17.0,6,5,1,3,3.0,4.0,2.0,3,4,39996000100,324,9.599522972339427,24,10.029081106422879
31,0,Travel_Rarely,Research & Development,3,Life Sciences,Female,3,Sales Executive,Married,3.0,12,1,8.0,3,6,0,2,4.0,4.0,3.0,3,3,519384100,256,10.097114734299517,31,9.977619565217392
29,1,Travel_Rarely,Sales,3,Marketing,Male,3,Laboratory Technician,Divorced,6.0,12,0,5.0,2,3,0,2,2.0,3.0,3.0,3,3,3499905600,9,9.408224932249322,15,9.973936314363144
53,0,Travel_Rarely,Research & Development,3,Life Sciences,Male,1,Sales Representative,Married,5.0,16,0,28.0,2,2,2,2,1.0,4.0,3.0,2,3,436392100,81,6.412745821042281,35,10.004776302851525
35,0,Travel_Rarely,Research & Development,3,Life Sciences,Male,3,Healthcare Representative,Married,3.0,12,1,16.0,3,13,4,8,4.0,2.0,3.0,4,3,28197126400,1,7.119608585858586,19,10.021050275482095
37,0,Travel_Frequently,Research & Development,4,Life Sciences,Female,3,Human Resources,Married,5.0,11,0,10.0,1,5,0,0,3.0,4.0,3.0,1,3,1270209600,169,7.4012350780532605,19,9.989579889807164
53,0,Travel_Rarely,Research & Development,1,Medical,Male,1,Sales Executive,Single,6.0,22,1,33.0,2,12,3,8,4.0,4.0,3.0,4,4,1958062500,1,6.695520977408944,20,10.022202627939143
43,0,Travel_Frequently,Research & Development,3,Medical,Male,1,Laboratory Technician,Married,4.0,11,1,12.0,4,5,2,2,4.0,4.0,2.0,3,3,2772022500,1,7.641500721500722,30,10.033609908609908
47,0,Travel_Rarely,Sales,4,Marketing,Female,3,Research Director,Married,0.0,15,0,8.0,2,7,7,7,3.0,4.0,3.0,3,3,4294180900,225,10.676666666666666,30,9.973060365560364
37,0,Non-Travel,Research & Development,5,Medical,Female,2,Research Scientist,Single,1.0,12,0,10.0,1,10,0,9,1.0,2.0,3.0,3,3,3920012100,1,8.275650860065086,22,9.99139121338912
50,0,Non-Travel,Research & Development,3,Medical,Female,1,Laboratory Technician,Divorced,1.0,20,1,31.0,6,31,14,7,1.0,1.0,3.0,3,4,1847280400,289,6.584802114060964,35,10.003826204523106
39,0,Travel_Rarely,Research & Development,3,Other,Female,3,Human Resources,Married,8.0,14,1,13.0,3,5,0,4,4.0,4.0,3.0,2,3,4629441600,1,6.927850445382091,24,9.984893342709798
33,0,Travel_Rarely,Sales,3,Life Sciences,Male,2,Manufacturing Director,Divorced,3.0,11,1,7.0,3,4,0,3,4.0,2.0,4.0,3,3,1455422500,49,9.426710465652375,20,9.987007837713232
32,1,Travel_Rarely,Research & Development,1,Medical,Female,1,Laboratory Technician,Single,1.0,15,1,1.0,5,1,0,1,1.0,4.0,1.0,2,3,751308100,81,9.99858249880782,28,9.99446471149261
29,0,Travel_Rarely,Research & Development,4,Life Sciences,Female,4,Healthcare Representative,Divorced,6.0,12,1,8.0,2,4,0,3,1.0,4.0,3.0,4,3,4452892900,25,6.395422953818016,18,10.003175582990398
44,0,Travel_Rarely,Research & Development,2,Life Sciences,Male,2,Manufacturing Director,Married,1.0,14,0,8.0,6,8,7,1,2.0,1.0,3.0,3,3,5835432100,676,9.816530172413794,29,10.02253591954023
28,0,Travel_Rarely,Sales,5,Life Sciences,Female,1,Research Scientist,Single,1.0,11,2,4.0,3,4,0,2,1.0,4.0,3.0,3,3,541958400,576,6.42939393939394,30,10.00257215007215
58,1,Travel_Frequently,Sales,2,Technical Degree,Male,1,Sales Executive,Divorced,9.0,11,0,3.0,3,1,0,0,4.0,4.0,2.0,3,3,463540900,81,10.503385634588563,22,9.93756508600651
43,0,Travel_Rarely,Sales,4,Marketing,Male,2,Sales Executive,Divorced,4.0,16,2,4.0,4,1,0,0,1.0,2.0,4.0,3,3,2377537600,49,6.603793981481482,21,9.96865625
20,1,Travel_Rarely,Research & Development,3,Medical,Male,2,Sales Executive,Single,1.0,12,0,2.0,6,2,0,2,3.0,3.0,2.0,1,3,8828481600,121,7.130230716253443,19,9.987842056932966
21,1,Travel_Rarely,Research & Development,3,Medical,Male,2,Sales Executive,Single,1.0,13,1,1.0,2,1,0,0,4.0,4.0,2.0,3,3,10816000000,1,7.927981562348375,32,9.965520378457061
36,0,Travel_Rarely,Research & Development,4,Medical,Male,1,Laboratory Technician,Married,0.0,14,0,17.0,3,16,4,11,3.0,4.0,2.0,3,3,7180867600,676,10.273963122605364,29,9.94760296934866
47,0,Travel_Rarely,Research & Development,3,Life Sciences,Male,2,Manufacturing Director,Single,1.0,21,1,3.0,3,3,1,2,4.0,4.0,2.0,3,4,9962036100,4,8.48069501133787,16,9.971163265306123
22,1,Travel_Rarely,Research & Development,4,Life Sciences,Female,1,Laboratory Technician,Married,0.0,13,0,4.0,3,3,0,2,2.0,3.0,4.0,3,3,15600010000,225,9.81487680148768,22,10.017476754997675
41,1,Travel_Rarely,Research & Development,3,Life Sciences,Female,2,Sales Executive,Divorced,4.0,11,0,10.0,3,7,1,0,2.0,4.0,2.0,4,3,705964900,529,10.448494277539341,28,9.993541964711492
28,0,Travel_Rarely,Research & Development,3,Life Sciences,Female,3,Manager,Divorced,5.0,20,1,6.0,2,2,2,2,3.0,3.0,3.0,3,4,18471528100,100,7.680597677595628,17,9.983970856102003
39,1,Travel_Rarely,Research & Development,4,Life Sciences,Female,4,Human Resources,Married,7.0,11,0,8.0,3,2,2,2,4.0,1.0,1.0,3,3,4483641600,100,10.69226602120793,20,10.015899031811896
27,0,Travel_Rarely,Research & Development,3,Medical,Male,1,Research Scientist,Single,1.0,14,1,1.0,5,1,0,0,2.0,3.0,3.0,3,3,423536400,1,7.698942495126706,33,9.988996101364522
34,0,Travel_Rarely,Research & Development,2,Technical Degree,Male,2,Human Resources,Divorced,1.0,11,1,1.0,0,1,1,0,2.0,2.0,3.0,3,3,7858822500,144,7.68913912835249,29,10.000274185823754
42,0,Travel_Rarely,Sales,1,Technical Degree,Male,2,Human Resources,Single,7.0,16,0,10.0,2,5,0,3,3.0,3.0,3.0,2,3,3528360000,121,6.935080409356725,33,9.999604044834308
33,0,Travel_Rarely,Sales,3,Marketing,Female,1,Sales Executive,Single,3.0,16,1,6.0,4,3,0,2,3.0,1.0,3.0,3,3,3497539600,4,10.528982624599909,18,9.992295381801556
58,0,Travel_Rarely,Research & Development,4,Life Sciences,Male,1,Research Scientist,Divorced,2.0,23,0,24.0,3,6,0,4,3.0,2.0,3.0,3,4,687488400,4,8.276629867046534,27,10.016056505223172
31,0,Travel_Rarely,Sales,3,Life Sciences,Female,1,Sales Representative,Married,3.0,14,0,13.0,2,7,5,2,2.0,3.0,4.0,3,3,14847422500,1,6.118653198653199,30,10.014652477152477
35,0,Travel_Rarely,Research & Development,1,Life Sciences,Male,3,Healthcare Representative,Married,1.0,22,0,10.0,3,10,0,7,4.0,4.0,1.0,3,4,11255088100,4,10.39381549232159,15,9.98366869918699
49,0,Travel_Rarely,Research & Development,2,Life Sciences,Female,2,Sales Executive,Married,4.0,15,0,29.0,3,26,1,7,1.0,2.0,2.0,2,3,1887902500,625,6.988901018922853,32,9.990092188258128
48,0,Travel_Rarely,Research & Development,4,Medical,Male,1,Research Scientist,Married,4.0,18,0,13.0,4,0,0,0,4.0,3.0,2.0,3,3,473932900,1,6.698589651883643,28,9.987052932761088
31,0,Non-Travel,Research & Development,2,Technical Degree,Female,2,Sales Executive,Married,1.0,16,0,9.0,4,9,0,0,4.0,3.0,2.0,3,3,780084900,1,7.084774743230625,23,10.0078314659197
36,0,Travel_Rarely,Human Resources,4,Technical Degree,Male,1,Sales Executive,Single,2.0,12,2,8.0,3,6,0,1,2.0,4.0,3.0,2,3,6269472400,4,6.518061415846226,24,9.991691279887483
38,0,Travel_Rarely,Sales,3,Other,Male,2,Sales Executive,Married,1.0,11,3,15.0,4,15,5,11,4.0,1.0,3.0,3,3,7724652100,36,7.100772386310361,24,10.006071261134553
32,0,Non-Travel,Sales,3,Marketing,Male,1,Laboratory Technician,Married,6.0,12,1,5.0,4,3,0,2,3.0,2.0,3.0,2,3,570732100,324,7.129615029967727,20,10.00539419087137
25,1,Travel_Rarely,Research & Development,2,Life Sciences,Male,1,Sales Executive,Married,1.0,15,1,1.0,3,1,0,0,3.0,2.0,3.0,2,3,1031694400,1,8.87862433862434,30,9.99775493025493
40,0,Travel_Rarely,Research & Development,4,Medical,Male,2,Research Scientist,Divorced,2.0,14,1,11.0,3,1,0,0,1.0,2.0,2.0,3,3,36986982400,1,6.146567632850242,31,10.042411835748792
26,0,Travel_Frequently,Sales,3,Marketing,Male,2,Healthcare Representative,Single,1.0,19,3,7.0,2,7,0,7,3.0,1.0,3.0,2,3,513928900,121,7.617936170212766,26,10.021858156028369
41,0,Travel_Rarely,Research & Development,4,Medical,Male,1,Research Scientist,Single,2.0,13,0,20.0,5,18,2,17,4.0,1.0,3.0,3,3,38091328900,1,10.680597461685824,29,10.011566091954023
36,0,Travel_Rarely,Research & Development,3,Life Sciences,Female,2,Healthcare Representative,Single,4.0,13,0,16.0,3,11,3,9,3.0,3.0,3.0,1,3,593409600,81,7.10312833575934,32,10.025063076176613
19,1,Travel_Rarely,Research & Development,3,Life Sciences,Male,2,Research Scientist,Single,1.0,15,1,1.0,3,1,0,0,4.0,2.0,4.0,3,3,25805209600,225,10.603697033898305,25,9.950843926553672
20,1,Travel_Rarely,Research & Development,3,Life Sciences,Female,3,Laboratory Technician,Single,1.0,11,0,1.0,2,1,0,0,1.0,1.0,3.0,3,3,732784900,841,6.124794945159752,28,10.014837863614689
31,0,Travel_Rarely,Research & Development,4,Life Sciences,Male,4,Research Director,Married,0.0,12,0,10.0,1,9,8,5,4.0,4.0,1.0,3,3,36358862400,1,8.312946343779679,27,9.986640550807218
40,0,Travel_Frequently,Sales,3,Marketing,Male,1,Research Scientist,Divorced,8.0,19,0,3.0,2,1,0,0,4.0,2.0,3.0,2,3,1545276100,1,8.087346986817327,25,10.004471516007532
32,0,Travel_Rarely,Research & Development,3,Life Sciences,Male,4,Laboratory Technician,Married,1.0,25,1,8.0,4,8,6,3,3.0,1.0,4.0,3,4,1391290000,576,7.88483543417367,23,9.96389939309057
36,1,Travel_Rarely,Research & Development,3,Medical,Male,3,Sales Executive,Married,1.0,12,1,16.0,2,16,3,7,3.0,4.0,3.0,3,3,498182400,100,9.798302083333335,21,9.972768518518519
33,0,Travel_Rarely,Research & Development,4,Medical,Female,4,Manufacturing Director,Single,0.0,13,0,6.0,3,5,1,4,2.0,4.0,3.0,3,3,1993622500,1,6.025150462962963,21,9.98633912037037
37,1,Travel_Rarely,Sales,4,Marketing,Female,3,Human Resources,Married,5.0,14,0,17.0,3,14,11,7,1.0,3.0,1.0,2,3,943718400,100,6.278001713166911,34,10.01265785609398
45,0,Non-Travel,Research & Development,1,Life Sciences,Male,2,Sales Executive,Married,1.0,12,1,9.0,3,9,0,8,3.0,2.0,2.0,3,3,1101576100,64,6.265175925925926,21,10.00069675925926
35,0,Travel_Rarely,Human Resources,3,Human Resources,Male,3,Laboratory Technician,Married,1.0,15,3,5.0,5,5,1,0,3.0,3.0,3.0,2,3,18700562500,1,6.359511784511785,30,9.999782347282348
58,1,Travel_Rarely,Sales,2,Medical,Female,4,Sales Executive,Single,4.0,14,1,7.0,2,1,0,0,4.0,3.0,3.0,1,3,3548584900,81,7.52389231824417,18,9.98641975308642
53,0,Travel_Rarely,Research & Development,3,Technical Degree,Male,1,Manager,Divorced,6.0,16,1,22.0,3,17,15,2,3.0,3.0,4.0,3,3,1536640000,81,6.507214944201844,32,10.00985807860262
30,0,Travel_Rarely,Sales,4,Marketing,Male,1,Sales Executive,Divorced,5.0,14,1,10.0,3,8,7,7,3.0,3.0,4.0,2,3,4139635600,9,8.010463728191002,19,9.996153581267219
38,0,Non-Travel,Sales,3,Life Sciences,Male,2,Research Director,Single,1.0,23,1,6.0,2,5,1,3,3.0,4.0,3.0,3,4,10096230400,16,8.107534578146613,20,10.022955278930382
35,0,Travel_Rarely,Sales,2,Life Sciences,Female,2,Healthcare Representative,Divorced,6.0,14,2,12.0,2,10,0,8,4.0,4.0,3.0,1,3,11963984400,1,7.2910107684777286,34,10.016479441997063
39,0,Travel_Rarely,Sales,1,Marketing,Male,2,Research Scientist,Single,0.0,11,1,9.0,2,8,0,7,1.0,3.0,3.0,2,3,547560000,1,6.524470560303894,27,9.959376780626782
40,1,Non-Travel,Research & Development,4,Life Sciences,Male,1,Human Resources,Single,4.0,15,0,22.0,2,1,0,0,2.0,2.0,2.0,3,3,4283702500,4,9.496721981721983,30,10.015191197691198
47,0,Travel_Frequently,Research & Development,4,Life Sciences,Male,3,Sales Executive,Divorced,1.0,11,0,20.0,3,19,2,7,3.0,3.0,4.0,3,3,4803876100,49,10.112135053463506,22,9.988225244072524
36,0,Non-Travel,Sales,1,Life Sciences,Male,2,Research Scientist,Divorced,4.0,13,1,12.0,3,7,0,7,1.0,4.0,3.0,3,3,2399040400,784,6.763366620752985,19,10.01289256198347
31,1,Non-Travel,Research & Development,4,Medical,Male,2,Research Scientist,Single,0.0,21,0,4.0,2,3,1,2,3.0,1.0,3.0,3,4,672364900,784,8.197051553672317,25,9.995263653483992
33,0,Non-Travel,Sales,3,Other,Male,4,Research Director,Single,1.0,19,2,10.0,4,10,6,0,4.0,3.0,3.0,3,3,37775809600,225,7.91394995210728,29,9.985250239463602
29,1,Travel_Rarely,Human Resources,5,Life Sciences,Male,1,Sales Executive,Single,6.0,11,1,3.0,2,0,0,0,4.0,1.0,3.0,2,3,741472900,9,10.298806458897923,15,9.988993902439026
33,0,Travel_Rarely,Research & Development,2,Technical Degree,Male,2,Laboratory Technician,Single,3.0,12,0,5.0,3,3,0,2,2.0,4.0,3.0,3,3,1210344100,4,7.516345598845599,30,9.996790524290525
45,0,Travel_Rarely,Research & Development,1,Medical,Female,3,Healthcare Representative,Divorced,3.0,19,1,8.0,2,5,0,2,4.0,4.0,3.0,3,3,780643600,676,6.998797112090063,34,9.974437102300538
50,0,Travel_Rarely,Sales,1,Life Sciences,Female,1,Manufacturing Director,Divorced,9.0,21,2,32.0,2,5,1,3,4.0,4.0,2.0,2,4,2755200100,100,7.395396486229819,27,10.003232431149097
33,0,Travel_Frequently,Sales,3,Marketing,Male,2,Human Resources,Married,1.0,14,1,6.0,2,6,1,2,3.0,2.0,3.0,2,3,473497600,1,8.975154958677686,19,9.9797601010101
41,0,Travel_Frequently,Sales,3,Other,Male,1,Laboratory Technician,Divorced,2.0,15,1,21.0,2,18,0,11,1.0,3.0,4.0,3,3,28466438400,121,7.890107957302281,32,10.0171288209607
27,0,Travel_Rarely,Research & Development,4,Other,Male,2,Manufacturing Director,Married,9.0,17,2,4.0,2,2,2,2,3.0,2.0,3.0,3,3,1214522500,400,7.092681010928962,17,10.025946038251366
45,0,Non-Travel,Sales,3,Medical,Female,1,Sales Executive,Married,1.0,12,0,9.0,3,9,0,8,4.0,1.0,3.0,4,3,4414273600,4,8.691242030965393,17,9.995428051001822
47,0,Travel_Rarely,Sales,4,Medical,Female,2,Research Scientist,Single,1.0,16,0,9.0,3,9,0,7,4.0,4.0,3.0,3,3,3115872400,324,8.015667824074075,21,9.984093750000001
30,1,Travel_Rarely,Sales,3,Life Sciences,Male,2,Healthcare Representative,Married,4.0,12,0,7.0,5,5,0,1,1.0,3.0,3.0,2,3,1600000000,4,10.489197796934866,29,10.011089559386972
50,0,Travel_Rarely,Research & Development,3,Technical Degree,Female,2,Sales Executive,Married,3.0,18,1,22.0,3,12,1,5,4.0,3.0,3.0,3,3,18214201600,1,9.492560835629018,19,9.978477961432507
38,0,Travel_Frequently,Research & Development,3,Technical Degree,Male,1,Manufacturing Director,Married,0.0,17,2,3.0,5,2,0,2,3.0,3.0,2.0,2,3,1030410000,169,7.698125300625301,30,10.034246031746033
46,0,Travel_Rarely,Research & Development,3,Medical,Female,3,Human Resources,Divorced,6.0,11,3,13.0,2,8,0,7,4.0,3.0,3.0,3,3,36271202500,784,6.909803051001822,17,10.013762522768669
24,0,Travel_Rarely,Sales,3,Life Sciences,Female,1,Healthcare Representative,Divorced,1.0,16,1,5.0,3,4,3,2,4.0,3.0,3.0,3,3,14039880100,784,6.552236286919832,24,9.995019924988279
35,1,Travel_Rarely,Sales,3,Medical,Male,3,Healthcare Representative,Divorced,1.0,13,3,5.0,1,4,0,2,3.0,2.0,1.0,2,3,428490000,576,9.331365176151762,15,10.013188798554653
31,0,Travel_Frequently,Research & Development,2,Technical Degree,Male,2,Sales Executive,Married,1.0,12,0,4.0,3,4,0,3,3.0,1.0,3.0,3,3,4227600400,25,6.272699249882794,24,9.97968120018753
18,0,Non-Travel,Sales,4,Other,Male,2,Manager,Single,1.0,12,1,0.0,3,0,0,0,2.0,4.0,3.0,3,3,1043290000,25,6.321853070175439,33,9.977670565302144
54,0,Travel_Rarely,Sales,3,Medical,Female,1,Laboratory Technician,Married,8.0,13,1,22.0,2,10,0,8,3.0,3.0,3.0,3,3,18504160900,529,6.600274276377217,23,10.013371848739496
35,0,Travel_Rarely,Research & Development,4,Medical,Female,1,Manufacturing Director,Divorced,1.0,19,2,16.0,3,16,10,1,3.0,3.0,2.0,3,3,14390401600,36,9.598844907407408,21,10.012737268518517
30,0,Travel_Rarely,Research & Development,3,Life Sciences,Female,5,Healthcare Representative,Married,0.0,12,1,9.0,0,8,1,7,2.0,1.0,2.0,2,3,3141602500,16,10.098746584699454,17,10.008107923497269
20,1,Travel_Rarely,Research & Development,2,Life Sciences,Female,2,Research Scientist,Single,1.0,17,1,1.0,3,1,0,0,4.0,1.0,3.0,3,3,4092160900,4,8.311527171276081,32,9.988595342066958
30,1,Travel_Frequently,Research & Development,4,Medical,Male,1,Sales Executive,Single,0.0,11,0,4.0,3,3,1,2,2.0,2.0,3.0,3,3,36649273600,64,7.59495867768595,19,10.006199494949495
26,0,Travel_Rarely,Sales,3,Marketing,Female,2,Research Scientist,Married,1.0,20,0,8.0,2,8,1,3,4.0,4.0,3.0,3,4,30919705600,1,7.939711492608488,28,9.991126609442059
22,0,Travel_Rarely,Research & Development,3,Other,Male,2,Sales Representative,Married,1.0,21,1,4.0,2,4,1,1,2.0,1.0,2.0,3,4,2407864900,64,7.302466475095786,29,10.025046695402299
48,0,Travel_Rarely,Human Resources,4,Medical,Male,2,Sales Executive,Single,2.0,11,2,19.0,3,2,2,2,1.0,3.0,3.0,3,3,2073891600,4,8.018559101654846,26,10.0019609929078
48,0,Travel_Rarely,Sales,3,Medical,Male,1,Research Director,Single,7.0,11,1,27.0,1,15,4,8,3.0,3.0,3.0,3,3,2932222500,9,6.501231884057971,31,10.034945652173914
41,0,Travel_Rarely,Research & Development,3,Life Sciences,Male,2,Research Scientist,Single,6.0,16,0,8.0,3,2,2,1,4.0,3.0,3.0,3,3,2247708100,4,6.912519353369763,17,9.990377959927141
39,0,Travel_Rarely,Sales,3,Life Sciences,Male,3,Human Resources,Married,1.0,18,0,21.0,3,21,11,8,4.0,4.0,3.0,4,3,447322500,4,7.095823129251701,16,10.008438775510204
27,0,Travel_Rarely,Research & Development,3,Life Sciences,Male,2,Human Resources,Married,0.0,13,2,4.0,0,3,2,2,1.0,4.0,3.0,3,3,999192100,9,7.298778935185185,21,9.982807870370369
35,0,Travel_Rarely,Sales,3,Medical,Male,5,Sales Executive,Divorced,1.0,17,3,3.0,4,3,1,2,2.0,4.0,2.0,3,3,3300502500,576,6.932994754411063,28,9.990597281831187
50,0,Travel_Rarely,Sales,3,Medical,Male,2,Sales Executive,Married,4.0,22,1,8.0,3,1,0,0,1.0,4.0,3.0,4,4,1095610000,729,6.182229468599034,31,10.01141425120773
59,0,Travel_Rarely,Research & Development,4,Medical,Female,5,Laboratory Technician,Single,3.0,12,0,30.0,3,5,4,3,3.0,4.0,3.0,2,3,34838222500,256,10.114922586520947,17,10.01539048269581
37,1,Travel_Rarely,Sales,3,Marketing,Male,2,Laboratory Technician,Married,5.0,11,1,15.0,2,1,0,0,1.0,2.0,1.0,4,3,2011522500,225,6.593880820654679,20,10.005575149838636
55,0,Travel_Frequently,Research & Development,2,Life Sciences,Female,2,Sales Executive,Married,3.0,13,1,17.0,2,8,6,7,3.0,2.0,3.0,2,3,777852100,676,8.587631458619114,18,10.020849336991313
41,0,Non-Travel,Research & Development,1,Life Sciences,Male,2,Research Scientist,Divorced,1.0,13,0,21.0,0,21,5,10,2.0,3.0,3.0,3,3,3396558400,361,6.287888176638177,27,9.98929012345679
38,0,Travel_Rarely,Research & Development,2,Other,Female,1,Laboratory Technician,Single,8.0,14,0,19.0,3,1,0,0,2.0,4.0,3.0,4,3,541027600,576,8.395889577594124,19,10.010522268135905
26,1,Non-Travel,Research & Development,1,Life Sciences,Female,1,Manufacturing Director,Single,8.0,17,1,7.0,4,2,2,2,2.0,1.0,3.0,2,3,18292562500,441,7.712278254649499,28,10.027112541726275
52,1,Travel_Rarely,Research & Development,4,Medical,Female,4,Human Resources,Married,1.0,13,1,33.0,2,32,6,9,1.0,4.0,3.0,4,3,201640000,25,6.017824074074074,21,10.02395138888889
44,0,Travel_Rarely,Research & Development,3,Life Sciences,Female,1,Healthcare Representative,Married,3.0,11,1,23.0,2,12,11,11,4.0,4.0,3.0,3,3,6432040000,256,10.903643162393163,27,10.032338556505223
50,0,Non-Travel,Human Resources,2,Life Sciences,Male,1,Laboratory Technician,Married,0.0,11,0,19.0,3,18,0,13,4.0,3.0,3.0,2,3,1360134400,4,6.506327025715672,32,10.017090004852014
36,1,Travel_Rarely,Sales,4,Technical Degree,Male,4,Sales Executive,Single,1.0,18,0,18.0,3,17,15,14,3.0,1.0,3.0,3,3,3005232400,4,7.778434449093445,22,10.000600883310087
39,0,Travel_Frequently,Sales,3,Marketing,Male,1,Sales Executive,Single,1.0,11,0,21.0,3,21,2,8,4.0,1.0,3.0,4,3,25648022500,121,10.819688697318007,29,10.025456178160919
33,0,Non-Travel,Sales,2,Technical Degree,Male,5,Sales Representative,Single,0.0,11,1,3.0,3,2,2,2,2.0,4.0,2.0,3,3,144000000,81,7.579043209876543,27,9.99131054131054
45,0,Travel_Rarely,Research & Development,2,Other,Male,1,Human Resources,Married,3.0,12,0,26.0,2,9,1,1,4.0,4.0,4.0,2,3,3204692100,49,7.403393108298172,24,9.997565635255508
32,0,Non-Travel,Research & Development,3,Medical,Male,2,Manager,Single,9.0,20,0,10.0,6,8,7,7,4.0,3.0,3.0,1,4,4801104100,225,7.2294230769230765,27,9.998200379867047
34,0,Travel_Rarely,Sales,4,Marketing,Male,2,Research Director,Divorced,0.0,12,1,16.0,5,15,0,9,2.0,4.0,2.0,2,3,9240976900,36,7.093754172627563,28,10.042860038149739
59,0,Travel_Rarely,Research & Development,3,Life Sciences,Male,2,Research Scientist,Married,3.0,12,0,14.0,6,6,0,4,2.0,4.0,1.0,3,3,3219427600,25,8.101909007773205,18,9.982400548696846
45,0,Travel_Rarely,Research & Development,1,Medical,Male,2,Sales Executive,Single,1.0,20,3,6.0,6,6,0,4,2.0,2.0,3.0,3,4,3007425600,256,6.705666438042981,18,9.99472679469593
53,0,Travel_Frequently,Sales,2,Medical,Male,2,Research Scientist,Married,2.0,20,1,30.0,2,15,6,12,3.0,2.0,3.0,4,4,14546772100,64,7.802464975845411,31,9.998469806763284
36,1,Travel_Rarely,Research & Development,2,Life Sciences,Female,1,Research Scientist,Divorced,7.0,12,0,9.0,3,1,0,0,1.0,3.0,2.0,3,3,3203560000,49,6.082717127607957,32,9.987076661814653
26,1,Travel_Frequently,Sales,3,Life Sciences,Male,2,Research Scientist,Married,6.0,14,2,6.0,2,3,1,2,1.0,1.0,3.0,3,3,2324204100,4,8.196520890725436,19,10.030545224977043
34,0,Travel_Rarely,Research & Development,2,Life Sciences,Male,1,Sales Representative,Married,1.0,13,1,1.0,5,1,0,0,3.0,3.0,3.0,2,3,4108810000,4,9.19380871725384,15,10.026968157181571
28,0,Travel_Rarely,Research & Development,3,Other,Male,2,Sales Representative,Married,1.0,15,0,1.0,1,1,0,0,4.0,2.0,3.0,4,3,2714410000,100,7.8358046372819095,19,9.991117998163453
38,0,Travel_Frequently,Sales,4,Medical,Male,2,Research Scientist,Married,3.0,14,1,8.0,4,2,2,2,3.0,3.0,3.0,1,3,726302500,81,7.57216550925926,21,10.009812499999999
50,0,Travel_Rarely,Research & Development,4,Life Sciences,Male,1,Sales Executive,Married,2.0,13,1,29.0,2,8,7,7,2.0,3.0,2.0,3,3,14108688400,25,9.595780261969287,15,9.992665989159892
37,0,Travel_Rarely,Research & Development,3,Life Sciences,Male,1,Laboratory Technician,Single,3.0,23,0,8.0,6,4,0,1,4.0,2.0,2.0,3,4,29131662400,1,7.308251207729469,31,10.026611111111112
40,0,Travel_Rarely,Human Resources,3,Medical,Male,5,Sales Executive,Married,1.0,15,1,8.0,2,7,7,5,3.0,1.0,2.0,3,3,602702500,4,6.0773942969518195,35,10.01594518190757
26,0,Travel_Frequently,Research & Development,3,Medical,Male,2,Laboratory Technician,Divorced,1.0,11,2,5.0,1,5,1,3,1.0,3.0,3.0,2,3,19499329600,9,7.70509728082513,24,9.989458509142054
46,0,Travel_Rarely,Research & Development,1,Medical,Female,3,Research Scientist,Divorced,9.0,13,2,23.0,2,2,2,2,4.0,4.0,3.0,2,3,2441348100,4,7.416584490740741,21,10.008496527777778
54,0,Travel_Rarely,Research & Development,3,Medical,Female,2,Manufacturing Director,Married,6.0,11,0,13.0,0,9,7,0,3.0,3.0,3.0,3,3,614048400,25,7.663896166909268,32,9.99905749636099
56,0,Travel_Frequently,Research & Development,2,Life Sciences,Female,2,Manufacturing Director,Married,2.0,11,0,18.0,4,5,0,3,1.0,3.0,3.0,3,3,2733198400,1,6.907202297233942,24,9.981340834505392
36,0,Travel_Rarely,Research & Development,2,Life Sciences,Female,2,Human Resources,Single,0.0,18,1,15.0,3,14,7,8,4.0,4.0,2.0,3,3,2005248400,16,6.615435145445875,28,10.008541964711492
55,0,Non-Travel,Research & Development,3,Medical,Female,2,Manager,Single,7.0,16,0,31.0,2,9,6,2,3.0,1.0,4.0,2,3,5695720900,4,6.079126492194674,19,9.984832415059687
43,0,Travel_Rarely,Sales,2,Life Sciences,Male,3,Research Scientist,Divorced,5.0,22,0,18.0,2,1,0,0,3.0,4.0,3.0,2,4,2555302500,625,7.917314030131827,25,10.011811440677967
20,1,Travel_Frequently,Sales,3,Marketing,Male,3,Sales Executive,Single,1.0,20,0,2.0,3,2,0,2,4.0,4.0,3.0,2,4,1199929600,64,9.131183523266856,27,9.990758547008546
21,1,Travel_Rarely,Research & Development,4,Life Sciences,Male,1,Manager,Single,1.0,18,0,1.0,2,1,1,0,3.0,1.0,2.0,3,3,3335062500,1,6.645199093943729,28,9.982231759656653
46,0,Travel_Rarely,Sales,3,Marketing,Female,3,Healthcare Representative,Divorced,8.0,12,1,19.0,6,16,1,7,4.0,1.0,3.0,3,3,7997724900,144,10.97084705075446,18,10.01442615454961
51,1,Travel_Rarely,Sales,3,Medical,Female,2,Research Scientist,Married,9.0,20,0,18.0,2,10,2,7,1.0,3.0,4.0,3,4,37140998400,529,8.685112064854556,28,10.018987839771102
28,1,Non-Travel,Research & Development,4,Life Sciences,Female,4,Laboratory Technician,Single,1.0,17,1,10.0,4,10,1,9,2.0,1.0,2.0,2,3,2743664400,361,7.391012396694215,19,10.000775941230486
26,0,Travel_Rarely,Research & Development,4,Medical,Female,2,Sales Executive,Married,1.0,11,1,6.0,3,5,1,3,1.0,1.0,3.0,1,3,2192112400,25,7.490146923783287,19,9.998575528007345
30,0,Travel_Rarely,Research & Development,3,Medical,Female,1,Sales Executive,Married,0.0,14,0,7.0,6,6,0,2,3.0,1.0,2.0,3,3,33489000000,64,6.240185185185185,18,9.98170781893004
41,0,Travel_Rarely,Sales,4,Life Sciences,Female,1,Research Director,Married,1.0,14,0,10.0,2,10,0,8,2.0,3.0,3.0,4,3,2763604900,1,7.893505668934241,16,9.980651927437641
40,0,Travel_Rarely,Sales,4,Marketing,Male,1,Sales Executive,Married,4.0,12,0,14.0,2,11,11,1,1.0,4.0,3.0,3,3,2370716100,1,7.923896041964712,28,9.98606342393896
27,0,Non-Travel,Sales,3,Technical Degree,Female,2,Laboratory Technician,Married,1.0,14,1,3.0,3,3,1,2,1.0,3.0,3.0,2,3,9970022500,121,7.991452282157677,20,9.994413324112493
55,0,Travel_Frequently,Research & Development,5,Life Sciences,Male,3,Laboratory Technician,Married,3.0,13,1,23.0,1,3,1,2,4.0,2.0,3.0,3,3,1366780900,529,6.704065972222223,21,10.002935185185185
28,0,Travel_Rarely,Research & Development,3,Life Sciences,Male,2,Healthcare Representative,Single,3.0,11,2,10.0,1,8,1,7,3.0,3.0,4.0,4,3,5560684900,1,6.568142791551883,19,9.987171717171718
44,1,Travel_Rarely,Research & Development,4,Life Sciences,Female,2,Sales Executive,Married,9.0,15,0,24.0,3,20,3,6,2.0,1.0,3.0,3,3,449016100,324,6.171379184861718,32,10.002001455604075
33,0,Travel_Rarely,Sales,4,Marketing,Female,4,Sales Executive,Divorced,4.0,12,0,9.0,3,3,1,2,4.0,4.0,3.0,3,3,1586428900,529,6.380267489711934,18,9.997609739368997
35,1,Travel_Rarely,Sales,4,Life Sciences,Male,3,Sales Representative,Single,0.0,21,1,9.0,3,8,4,7,4.0,1.0,3.0,2,4,3742992400,49,9.781843220338983,25,9.9801447740113
33,1,Travel_Frequently,Research & Development,2,Life Sciences,Female,1,Sales Executive,Single,1.0,19,2,14.0,3,13,3,8,1.0,3.0,3.0,3,3,3861379600,1,7.7785142923006,20,9.976574458275703
28,0,Travel_Rarely,Human Resources,1,Human Resources,Male,2,Research Scientist,Divorced,1.0,15,1,4.0,2,4,2,2,1.0,3.0,2.0,3,3,4028440900,1,6.709533195020747,20,10.02706316274781
34,0,Travel_Frequently,Sales,4,Marketing,Male,1,Research Scientist,Single,0.0,14,1,7.0,5,6,0,4,1.0,4.0,2.0,3,3,13248010000,841,6.721144957983193,23,10.024620681605974
37,0,Travel_Rarely,Research & Development,4,Life Sciences,Male,4,Sales Executive,Divorced,2.0,21,0,8.0,6,1,0,0,4.0,4.0,3.0,2,4,5102244900,49,10.592145947176686,17,9.99848019125683
25,1,Travel_Rarely,Human Resources,4,Human Resources,Female,2,Research Scientist,Married,1.0,12,0,7.0,3,7,5,6,4.0,4.0,4.0,2,3,6835982400,625,10.865674264007598,27,10.028669278252611
26,1,Travel_Rarely,Sales,2,Marketing,Male,2,Sales Executive,Divorced,1.0,15,0,1.0,3,1,0,0,1.0,3.0,2.0,4,3,6552902500,64,7.7896793037672865,28,10.031703624225083
33,1,Travel_Rarely,Research & Development,2,Life Sciences,Male,4,Manufacturing Director,Single,4.0,13,0,5.0,2,2,2,2,1.0,2.0,3.0,3,3,843321600,64,10.216215419501134,16,10.0088231292517
42,0,Travel_Rarely,Research & Development,1,Life Sciences,Male,4,Research Scientist,Married,0.0,14,0,23.0,2,22,13,7,4.0,1.0,3.0,2,3,3638502400,121,6.808238425925926,21,9.975743055555556
28,1,Travel_Frequently,Research & Development,3,Life Sciences,Male,2,Manager,Divorced,1.0,14,0,1.0,3,1,0,0,1.0,2.0,3.0,3,3,885657600,49,6.281261134552274,24,10.005610642287857
50,1,Travel_Frequently,Research & Development,4,Medical,Male,2,Research Scientist,Single,3.0,14,0,5.0,3,0,0,0,4.0,3.0,3.0,3,3,25574406400,1,10.508785612535613,27,10.004420702754036
33,0,Travel_Frequently,Sales,3,Medical,Female,2,Research Scientist,Married,0.0,12,0,4.0,2,3,0,2,4.0,2.0,3.0,2,3,2161320100,81,8.008199152542373,25,10.005810969868174
34,0,Non-Travel,Sales,1,Marketing,Female,2,Research Director,Married,3.0,23,0,6.0,3,0,0,0,3.0,4.0,3.0,3,4,726841600,1,7.104967992684042,18,10.014453589391861
45,0,Non-Travel,Research & Development,3,Medical,Female,2,Human Resources,Married,1.0,12,1,15.0,2,15,4,12,2.0,3.0,3.0,3,3,15635001600,1,6.020285913528592,22,9.987243142724314
52,0,Travel_Rarely,Sales,3,Life Sciences,Male,1,Sales Executive,Single,7.0,18,1,18.0,6,8,4,0,2.0,2.0,3.0,3,3,3568867600,1,8.013191411935955,32,9.982424793789422
38,0,Travel_Rarely,Research & Development,2,Medical,Male,1,Research Scientist,Divorced,0.0,11,1,9.0,3,8,2,7,3.0,3.0,3.0,2,3,2242969600,36,10.692461645746166,22,10.001061134356114
29,0,Travel_Rarely,Research & Development,3,Medical,Female,4,Research Scientist,Divorced,4.0,14,0,11.0,3,7,1,7,3.0,4.0,3.0,4,3,2804761600,64,6.31456611570248,19,9.976465794306703
28,0,Travel_Rarely,Human Resources,3,Human Resources,Female,4,Laboratory Technician,Divorced,0.0,15,1,10.0,2,9,1,7,4.0,2.0,2.0,3,3,4598196100,1,6.909151101532567,29,10.013503352490421
46,0,Travel_Rarely,Research & Development,4,Medical,Male,3,Sales Executive,Married,3.0,11,1,23.0,3,12,4,9,1.0,3.0,3.0,3,3,472627600,36,6.393413225172075,35,10.01663348082596
38,0,Travel_Rarely,Research & Development,4,Medical,Male,1,Sales Executive,Single,7.0,20,1,10.0,2,1,0,0,4.0,2.0,3.0,3,4,4426240900,49,7.3784764309764315,30,9.952625060125062
43,0,Travel_Frequently,Research & Development,3,Medical,Female,2,Laboratory Technician,Married,8.0,19,1,18.0,3,8,0,1,3.0,1.0,3.0,3,3,9407060100,25,7.070169880624427,19,9.979036960514232
39,1,Travel_Frequently,Sales,3,Marketing,Male,2,Healthcare Representative,Divorced,7.0,14,1,21.0,2,18,11,5,1.0,4.0,3.0,3,3,4563002500,1,7.210405143134401,32,10.026572052401747
40,0,Travel_Rarely,Research & Development,1,Life Sciences,Male,1,Healthcare Representative,Single,1.0,17,0,21.0,4,20,4,9,3.0,3.0,4.0,3,3,489736900,1,6.00847508001829,18,9.989873113854596
21,0,Travel_Rarely,Research & Development,4,Life Sciences,Female,1,Research Scientist,Single,1.0,11,1,2.0,3,2,2,2,4.0,2.0,4.0,2,3,681210000,1,10.507815055315056,30,10.026001683501685
39,0,Non-Travel,Research & Development,3,Life Sciences,Male,1,Laboratory Technician,Single,9.0,15,0,9.0,2,5,0,3,3.0,2.0,2.0,3,3,812820100,36,6.212142203932327,18,9.976111111111111
36,0,Non-Travel,Research & Development,3,Medical,Male,3,Sales Representative,Single,2.0,13,3,18.0,4,11,0,9,1.0,4.0,3.0,4,3,1191630400,1,7.214043468154347,22,10.011613203161321
31,0,Travel_Frequently,Research & Development,3,Life Sciences,Male,1,Sales Executive,Married,0.0,14,3,3.0,5,2,2,2,3.0,4.0,3.0,3,3,2764656400,49,6.611494928538497,20,9.99513600737667
28,0,Travel_Rarely,Sales,4,Marketing,Male,1,Sales Executive,Married,0.0,11,0,6.0,4,5,0,4,1.0,2.0,1.0,3,3,8751602500,4,7.5153891233005155,24,9.96659282700422
35,0,Travel_Frequently,Research & Development,2,Other,Female,1,Manufacturing Director,Divorced,1.0,13,1,5.0,2,5,0,2,4.0,4.0,3.0,3,3,11016601600,81,6.602540381791483,34,9.97737885462555
49,0,Travel_Rarely,Sales,2,Medical,Female,1,Sales Executive,Married,6.0,23,1,22.0,1,9,2,3,4.0,2.0,3.0,2,4,4070440000,4,7.179248024174803,22,10.009731520223152
34,0,Travel_Frequently,Sales,1,Technical Degree,Male,2,Sales Executive,Single,2.0,13,1,5.0,3,3,0,2,4.0,3.0,2.0,2,3,705964900,81,8.006655188246098,19,9.971542699724518
29,0,Travel_Frequently,Research & Development,4,Medical,Male,3,Research Scientist,Divorced,0.0,18,0,8.0,2,7,1,1,4.0,2.0,2.0,1,3,737665600,1,7.090194444444445,21,10.000791666666666
42,0,Travel_Rarely,Sales,2,Life Sciences,Female,1,Healthcare Representative,Single,4.0,12,1,16.0,3,1,0,0,2.0,4.0,3.0,4,3,484440100,441,7.204965127465128,30,10.012462722462724
29,0,Travel_Rarely,Sales,2,Other,Female,2,Healthcare Representative,Married,1.0,22,0,10.0,2,10,1,2,2.0,4.0,2.0,1,4,4277160000,16,10.868111343561134,22,9.97968270571827
38,0,Travel_Rarely,Research & Development,3,Medical,Female,1,Human Resources,Married,1.0,13,2,7.0,2,7,5,0,3.0,3.0,4.0,2,3,1456185600,1,6.522217412217413,30,10.006885521885522
28,0,Travel_Frequently,Sales,4,Life Sciences,Male,1,Manager,Divorced,1.0,15,0,3.0,2,3,0,2,3.0,3.0,3.0,3,3,2759400900,36,10.723506375227688,17,9.980165072859744
18,1,Non-Travel,Research & Development,4,Medical,Male,3,Laboratory Technician,Single,1.0,18,0,0.0,5,0,0,0,3.0,3.0,3.0,4,3,12023122500,4,6.990631091617933,33,10.0186123294347
33,1,Travel_Rarely,Research & Development,2,Life Sciences,Male,1,Sales Executive,Single,0.0,14,0,6.0,2,5,0,3,1.0,1.0,3.0,2,3,2436409600,9,8.961151761517616,15,9.98218834688347
41,0,Travel_Rarely,Research & Development,2,Medical,Male,2,Research Scientist,Married,3.0,12,0,6.0,3,1,0,0,2.0,4.0,3.0,3,3,646684900,16,8.104184472934474,27,9.991800807217475
31,1,Travel_Frequently,Sales,3,Technical Degree,Female,1,Research Director,Married,1.0,17,0,2.0,3,2,2,2,3.0,3.0,2.0,4,3,2813241600,100,7.059042185338866,20,9.9995550945136
37,0,Travel_Rarely,Research & Development,3,Life Sciences,Male,3,Manufacturing Director,Divorced,7.0,16,1,9.0,2,6,1,3,3.0,4.0,3.0,3,3,27752228100,529,7.960137759710931,15,9.993027326106596
27,0,Travel_Rarely,Research & Development,2,Medical,Female,1,Healthcare Representative,Married,1.0,11,2,4.0,2,4,2,2,4.0,3.0,3.0,3,3,1814760000,36,7.396815776815776,30,9.995007215007215
34,0,Travel_Rarely,Sales,1,Marketing,Female,2,Laboratory Technician,Married,1.0,19,0,6.0,2,6,1,3,2.0,3.0,2.0,3,3,613057600,1,7.093543131739334,24,10.010385607126114
35,0,Travel_Rarely,Research & Development,3,Life Sciences,Female,3,Laboratory Technician,Single,1.0,13,1,6.0,3,5,1,4,3.0,3.0,1.0,2,3,962240400,36,6.788368770004573,18,10.02785093735711
29,1,Travel_Rarely,Research & Development,3,Life Sciences,Male,1,Sales Executive,Married,1.0,12,3,11.0,5,11,3,10,4.0,1.0,1.0,1,3,503553600,36,6.798305898491083,18,10.032139917695472
40,0,Travel_Frequently,Research & Development,4,Medical,Male,4,Human Resources,Single,9.0,11,0,20.0,0,18,2,13,2.0,3.0,2.0,1,3,5769921600,4,6.733001867413631,23,9.999687208216619
42,1,Travel_Frequently,Sales,4,Life Sciences,Male,1,Laboratory Technician,Single,0.0,16,0,22.0,3,21,13,14,3.0,1.0,2.0,1,3,522122500,4,8.040693296602388,19,10.003969237832875
42,0,Travel_Rarely,Research & Development,2,Life Sciences,Male,4,Laboratory Technician,Single,7.0,21,1,9.0,3,6,1,5,2.0,1.0,4.0,2,4,920515600,1,7.692869167869167,30,9.99261063011063
35,0,Travel_Rarely,Research & Development,3,Medical,Male,1,Healthcare Representative,Married,6.0,24,2,10.0,0,8,1,7,4.0,3.0,3.0,3,4,3266122500,25,7.069662261380323,34,10.000130934899659
24,0,Travel_Rarely,Sales,4,Life Sciences,Female,1,Laboratory Technician,Single,8.0,17,3,6.0,3,4,1,2,4.0,2.0,3.0,3,3,663577600,49,7.866042884990254,33,9.996781189083821
28,1,Travel_Rarely,Research & Development,4,Life Sciences,Male,2,Sales Executive,Married,1.0,13,0,1.0,3,1,0,0,3.0,4.0,2.0,1,3,1761480900,225,10.264871332371332,30,10.003559403559404
26,0,Travel_Rarely,Research & Development,4,Life Sciences,Male,2,Sales Representative,Married,1.0,21,1,8.0,3,8,0,7,1.0,4.0,3.0,3,4,20552089600,1,7.49410320881226,29,10.000028735632185
30,0,Travel_Rarely,Research & Development,2,Life Sciences,Female,1,Manufacturing Director,Married,1.0,11,0,10.0,3,10,1,4,3.0,3.0,3.0,3,3,1188870400,49,7.706898540489643,25,10.013752354048965
40,0,Travel_Frequently,Research & Development,4,Life Sciences,Male,2,Research Scientist,Married,3.0,20,3,16.0,2,1,0,0,3.0,4.0,1.0,3,4,37659283600,676,10.537147754137116,26,9.984
35,0,Travel_Rarely,Research & Development,5,Medical,Female,2,Research Scientist,Divorced,2.0,16,1,15.0,3,7,6,4,3.0,2.0,4.0,3,3,4274544400,324,6.889265710382514,17,9.994968123861566
34,0,Travel_Frequently,Research & Development,2,Life Sciences,Male,1,Research Director,Single,0.0,11,0,14.0,2,13,4,9,4.0,1.0,3.0,3,3,1854163600,36,7.5504219409282705,24,10.034378809188935
35,0,Travel_Frequently,Research & Development,3,Medical,Female,2,Laboratory Technician,Married,1.0,11,1,2.0,2,2,2,2,4.0,4.0,4.0,3,3,509856400,9,7.985769774011299,25,9.975188323917136
43,1,Travel_Rarely,Sales,3,Marketing,Female,3,Research Scientist,Single,8.0,15,1,7.0,3,4,1,3,1.0,3.0,2.0,3,3,2044848400,25,7.502324074074074,21,10.009408564814816
32,0,Non-Travel,Research & Development,2,Other,Female,2,Research Scientist,Divorced,1.0,11,0,1.0,5,1,0,0,3.0,1.0,3.0,2,3,2013316900,121,6.622759181775919,22,9.997254765225476
56,0,Travel_Rarely,Research & Development,2,Other,Male,2,Healthcare Representative,Divorced,4.0,15,0,28.0,3,5,4,2,4.0,1.0,3.0,1,3,1979360100,9,6.281313969571231,20,9.9841459197787
29,0,Travel_Rarely,Research & Development,1,Life Sciences,Male,1,Laboratory Technician,Married,1.0,24,1,10.0,1,10,0,8,2.0,4.0,3.0,3,4,491952400,676,7.507831425846447,28,9.996499761564138
19,0,Travel_Rarely,Research & Development,4,Life Sciences,Male,2,Laboratory Technician,Single,1.0,12,0,1.0,2,1,0,0,3.0,1.0,3.0,3,3,36852480900,529,7.278348570089077,24,9.957131973745899
45,0,Travel_Rarely,Research & Development,3,Life Sciences,Female,2,Sales Representative,Married,4.0,13,0,7.0,4,3,0,2,1.0,3.0,2.0,3,3,17455694400,484,8.794382716049382,27,10.030448717948717
37,0,Travel_Rarely,Research & Development,4,Life Sciences,Male,3,Research Scientist,Married,1.0,13,0,14.0,1,14,3,11,4.0,4.0,2.0,1,3,4325692900,196,6.77259789525208,34,9.996391336270191
20,0,Travel_Rarely,Research & Development,3,Medical,Male,5,Research Director,Single,1.0,17,0,2.0,5,2,1,2,1.0,3.0,2.0,3,3,7042566400,36,6.7084629629629635,21,10.02347800925926
44,1,Travel_Rarely,Human Resources,2,Human Resources,Male,3,Sales Executive,Single,1.0,13,1,6.0,2,6,0,2,3.0,3.0,3.0,1,3,2077536400,36,10.428269318701417,18,10.010016003657979
53,0,Travel_Rarely,Research & Development,4,Life Sciences,Male,1,Research Director,Divorced,3.0,12,1,26.0,3,7,4,7,4.0,3.0,3.0,2,3,1624896100,36,5.99468024691358,36,10.008329629629628
29,0,Travel_Rarely,Research & Development,3,Medical,Male,1,Sales Executive,Married,0.0,14,0,6.0,3,5,1,3,2.0,4.0,2.0,3,3,6350496100,529,8.899403910348116,28,9.987981640438722
22,1,Travel_Frequently,Research & Development,4,Medical,Male,1,Sales Representative,Married,0.0,24,0,1.0,5,0,0,0,3.0,4.0,3.0,2,4,704371600,484,9.89105984740105,28,10.006590367191226
46,0,Travel_Rarely,Research & Development,3,Life Sciences,Male,2,Research Scientist,Married,8.0,14,2,28.0,4,26,15,9,3.0,1.0,3.0,3,3,27406802500,4,6.031081999029597,32,9.994005337214945
44,0,Non-Travel,Research & Development,3,Life Sciences,Male,1,Sales Representative,Single,2.0,13,0,6.0,4,0,0,0,4.0,3.0,3.0,3,3,2075713600,400,6.196875603864734,31,10.013653381642511
33,0,Travel_Rarely,Research & Development,4,Life Sciences,Female,1,Manager,Married,1.0,15,0,5.0,6,5,1,4,2.0,3.0,3.0,1,3,3710028100,784,7.840530612244899,16,9.991704081632653
41,1,Non-Travel,Research & Development,3,Life Sciences,Male,2,Sales Representative,Divorced,6.0,16,0,5.0,2,1,0,0,1.0,1.0,1.0,4,3,38282835600,144,7.201252314814814,21,9.977851851851852
30,0,Travel_Rarely,Sales,3,Marketing,Male,3,Sales Executive,Divorced,8.0,18,0,8.0,3,4,0,3,3.0,1.0,3.0,2,3,2313610000,400,7.48769516283525,29,10.008888888888889
40,0,Travel_Frequently,Sales,3,Medical,Male,1,Manufacturing Director,Married,5.0,16,1,5.0,5,0,0,0,2.0,2.0,3.0,4,3,2045752900,81,6.7654257741347905,17,10.004381830601092
28,0,Travel_Rarely,Research & Development,3,Technical Degree,Male,2,Research Scientist,Married,1.0,16,0,6.0,4,6,3,3,4.0,1.0,3.0,3,3,552720100,36,7.164030683403069,22,9.999375871687587
46,0,Travel_Rarely,Research & Development,4,Other,Male,3,Manager,Married,5.0,21,0,25.0,2,4,0,3,4.0,2.0,3.0,3,4,289680400,64,7.305633101851852,21,10.024962962962963
35,0,Travel_Rarely,Sales,4,Marketing,Male,1,Laboratory Technician,Married,3.0,20,1,15.0,3,7,1,7,3.0,1.0,3.0,2,4,32547768100,16,8.515865209471768,17,10.008285519125684
24,1,Travel_Rarely,Human Resources,4,Human Resources,Male,3,Manufacturing Director,Married,1.0,19,1,1.0,5,1,0,0,4.0,2.0,1.0,3,3,832899600,784,6.630590886939571,33,9.989870857699804
33,0,Travel_Frequently,Research & Development,2,Medical,Female,1,Sales Executive,Married,1.0,14,2,10.0,5,10,0,1,2.0,3.0,2.0,2,3,439740900,81,5.950504160548213,34,10.000107684777287
36,0,Travel_Rarely,Research & Development,2,Medical,Male,2,Sales Executive,Divorced,1.0,11,3,7.0,6,7,1,7,3.0,3.0,3.0,4,3,14244422500,81,6.629711352657005,31,10.021923913043478
30,0,Travel_Rarely,Sales,3,Marketing,Male,1,Sales Executive,Divorced,1.0,14,1,10.0,2,10,8,9,3.0,3.0,2.0,3,3,648211600,841,5.99736409155937,28,9.999836671435382
44,0,Travel_Rarely,Research & Development,4,Medical,Male,2,Research Scientist,Single,1.0,12,3,20.0,3,20,13,17,4.0,4.0,3.0,1,3,657409600,9,7.625331284153006,17,9.9919706284153
20,0,Travel_Rarely,Research & Development,4,Medical,Male,1,Human Resources,Single,1.0,13,0,2.0,2,2,2,2,3.0,4.0,3.0,2,3,7076174400,324,6.315777550091075,17,9.983105646630237
46,0,Travel_Rarely,Sales,1,Medical,Female,1,Sales Executive,Divorced,2.0,22,0,12.0,3,6,1,4,4.0,4.0,2.0,3,4,19931792400,81,6.200008101851852,21,9.996787037037038
42,0,Non-Travel,Research & Development,4,Medical,Male,5,Sales Executive,Married,7.0,11,0,10.0,3,4,0,3,4.0,1.0,4.0,2,3,29056611600,25,7.506798185941043,16,10.01142970521542
60,0,Travel_Rarely,Sales,2,Life Sciences,Male,2,Sales Executive,Divorced,0.0,14,1,12.0,3,11,1,9,2.0,4.0,3.0,3,3,657409600,4,8.59092013888889,21,9.985886574074074
32,0,Travel_Frequently,Sales,3,Life Sciences,Female,1,Sales Executive,Married,1.0,11,0,2.0,3,2,2,2,3.0,2.0,3.0,3,3,10539075600,100,7.303264760576476,22,10.028672710367271
32,0,Travel_Frequently,Research & Development,3,Life Sciences,Female,2,Research Scientist,Single,4.0,12,1,10.0,6,8,0,7,4.0,3.0,3.0,3,3,2570490000,81,8.45558228730823,22,10.00902370990237
36,0,Travel_Rarely,Sales,2,Marketing,Male,4,Healthcare Representative,Divorced,2.0,18,0,17.0,2,7,7,7,3.0,1.0,3.0,2,3,31901532100,9,8.00474648229015,32,10.00627365356623
33,0,Travel_Rarely,Sales,2,Marketing,Male,1,Research Scientist,Married,0.0,12,0,15.0,0,14,4,10,1.0,4.0,3.0,3,3,1789290000,676,6.08662962962963,21,10.034234953703704
40,0,Travel_Rarely,Research & Development,3,Medical,Female,2,Research Scientist,Divorced,7.0,12,0,7.0,2,5,1,3,2.0,2.0,4.0,1,3,1428840000,1,7.340324473180077,29,10.00127514367816
25,0,Travel_Rarely,Research & Development,2,Medical,Female,1,Laboratory Technician,Single,0.0,22,1,5.0,0,4,1,1,3.0,4.0,3.0,3,4,766182400,36,8.001937260536398,29,10.013905651340997
30,0,Travel_Rarely,Sales,3,Marketing,Female,1,Research Scientist,Married,0.0,19,1,12.0,2,11,5,7,4.0,2.0,3.0,2,3,8228304100,81,9.193778475127848,22,10.003011390051139
42,0,Travel_Frequently,Human Resources,2,Medical,Male,1,Sales Executive,Married,3.0,13,1,20.0,1,1,0,0,1.0,1.0,3.0,3,3,11337990400,64,9.488813457854405,29,9.994669540229886
35,0,Non-Travel,Research & Development,1,Life Sciences,Male,2,Sales Executive,Married,4.0,22,2,16.0,4,13,4,12,3.0,4.0,2.0,2,4,18523210000,1,9.791557621671258,19,9.982278466483011
27,0,Travel_Rarely,Research & Development,3,Life Sciences,Male,3,Manufacturing Director,Married,1.0,24,0,9.0,2,9,6,8,1.0,1.0,2.0,3,4,1161446400,49,9.207650759734094,27,9.96820987654321
54,0,Travel_Frequently,Research & Development,2,Medical,Male,2,Sales Representative,Divorced,7.0,14,1,33.0,2,5,1,4,4.0,3.0,1.0,2,3,889828900,81,6.369145390070922,26,9.98117257683215
44,0,Travel_Rarely,Human Resources,4,Life Sciences,Male,5,Laboratory Technician,Married,1.0,21,0,10.0,3,10,7,7,1.0,4.0,3.0,3,4,5824742400,16,5.98418388429752,19,9.99942378328742
19,1,Non-Travel,Sales,2,Other,Male,3,Healthcare Representative,Single,1.0,18,0,1.0,2,1,0,0,1.0,2.0,4.0,3,3,9651097600,4,8.402396125116713,23,9.96966619981326
29,0,Travel_Rarely,Research & Development,4,Life Sciences,Male,1,Manufacturing Director,Divorced,1.0,20,0,3.0,3,3,1,2,1.0,4.0,3.0,3,4,9900250000,361,7.395566059757236,23,9.999761904761904
54,0,Travel_Rarely,Research & Development,4,Life Sciences,Male,2,Sales Executive,Married,3.0,19,0,36.0,2,10,0,9,4.0,4.0,3.0,3,3,438064900,81,7.695237068965517,29,9.986543342911878
31,0,Travel_Rarely,Research & Development,3,Life Sciences,Male,2,Laboratory Technician,Married,1.0,12,0,6.0,1,6,0,1,3.0,1.0,2.0,3,3,9960040000,441,8.594112021857924,17,9.968331056466303
31,0,Travel_Rarely,Sales,1,Marketing,Female,1,Sales Executive,Single,1.0,12,0,10.0,3,10,1,8,3.0,1.0,3.0,4,3,1516323600,576,7.301323529411764,23,10.010494864612511
59,0,Travel_Rarely,Research & Development,4,Technical Degree,Male,1,Research Scientist,Single,5.0,16,3,13.0,3,6,0,5,3.0,4.0,3.0,3,3,1641060100,9,7.44285927456382,19,9.998902662993572
43,0,Travel_Rarely,Research & Development,2,Life Sciences,Male,3,Laboratory Technician,Married,3.0,17,1,25.0,3,8,0,7,3.0,4.0,3.0,3,3,28341722500,121,6.608296845574388,25,9.998511064030131
49,0,Travel_Rarely,Sales,4,Life Sciences,Male,2,Research Scientist,Married,2.0,14,0,23.0,2,1,0,0,1.0,3.0,4.0,2,3,3881290000,196,6.688532088122606,29,9.995259818007662
36,0,Travel_Frequently,Sales,2,Marketing,Female,1,Laboratory Technician,Married,1.0,19,1,12.0,3,11,0,7,3.0,2.0,2.0,3,3,2225008900,25,6.095977496483826,24,9.956889357712143
48,0,Travel_Rarely,Research & Development,4,Life Sciences,Female,2,Laboratory Technician,Single,5.0,13,1,7.0,2,1,0,0,4.0,2.0,2.0,4,3,17521816900,1,6.110347222222222,33,9.986447368421052
27,0,Travel_Rarely,Research & Development,4,Life Sciences,Male,2,Laboratory Technician,Divorced,1.0,19,0,5.0,2,5,0,3,1.0,3.0,3.0,3,3,1410002500,36,8.001521438450899,20,9.99387621023513
29,0,Travel_Rarely,Sales,4,Medical,Male,1,Laboratory Technician,Divorced,1.0,19,1,6.0,3,6,1,0,3.0,4.0,3.0,3,3,4332272400,289,8.799048288795126,24,9.992476558837318
48,0,Travel_Rarely,Sales,1,Marketing,Male,2,Manufacturing Director,Single,6.0,14,2,25.0,2,1,0,0,4.0,4.0,4.0,3,3,5484883600,1,6.18902658045977,29,9.999448036398467
29,0,Travel_Rarely,Research & Development,3,Technical Degree,Female,2,Healthcare Representative,Divorced,3.0,16,1,9.0,2,7,1,7,4.0,4.0,2.0,3,3,2308802500,9,6.878174931129477,19,9.998681129476584
34,0,Travel_Rarely,Sales,4,Medical,Female,2,Laboratory Technician,Married,0.0,15,1,2.0,3,1,0,0,3.0,3.0,2.0,3,3,751308100,81,6.000829861111112,21,10.005209490740741
44,0,Travel_Rarely,Research & Development,3,Life Sciences,Female,1,Laboratory Technician,Married,7.0,18,0,26.0,2,22,3,10,2.0,2.0,3.0,3,3,1816464400,16,6.99462077294686,31,9.992769323671498
33,0,Travel_Rarely,Research & Development,2,Life Sciences,Female,2,Research Scientist,Divorced,0.0,13,1,10.0,2,9,0,8,4.0,3.0,3.0,4,3,26192185600,64,11.025822087269455,14,10.01623819163293
19,0,Travel_Rarely,Sales,4,Marketing,Male,3,Laboratory Technician,Single,1.0,22,0,1.0,0,1,0,1,2.0,4.0,3.0,3,4,13356424900,4,10.811617104656523,20,10.003796680497926
23,0,Travel_Rarely,Sales,3,Medical,Male,3,Laboratory Technician,Married,1.0,13,1,1.0,2,1,0,1,4.0,3.0,3.0,3,3,352688400,4,7.476028368794326,26,9.953345153664301
25,1,Travel_Frequently,Research & Development,1,Life Sciences,Male,1,Manufacturing Director,Single,1.0,11,1,1.0,3,1,1,0,3.0,4.0,3.0,3,3,11950862400,1,9.166382797270957,33,9.99285209551657
26,0,Travel_Rarely,Human Resources,3,Life Sciences,Male,2,Research Scientist,Single,1.0,11,1,8.0,4,8,2,2,3.0,4.0,2.0,3,3,4638972100,81,8.707262583095916,27,9.985924738841407
45,1,Travel_Rarely,Human Resources,3,Human Resources,Male,2,Laboratory Technician,Single,2.0,11,2,26.0,3,24,1,11,1.0,2.0,3.0,3,3,1854163600,144,9.911379818594105,16,9.994080498866214
55,0,Non-Travel,Research & Development,3,Life Sciences,Female,2,Manager,Divorced,1.0,24,1,34.0,3,33,15,0,4.0,2.0,3.0,4,4,2360988100,729,9.58409155937053,28,9.988165236051502
21,1,Travel_Frequently,Research & Development,2,Medical,Female,4,Research Scientist,Single,1.0,14,1,2.0,2,2,2,2,1.0,3.0,1.0,3,3,2848356900,400,7.613900511390051,22,9.993120641562065
46,0,Travel_Rarely,Research & Development,4,Life Sciences,Male,1,Manufacturing Director,Married,2.0,13,1,26.0,2,11,0,8,4.0,2.0,3.0,1,3,547560000,1,6.879879070881225,29,9.976888170498084
34,0,Travel_Rarely,Sales,4,Medical,Male,3,Sales Representative,Single,0.0,14,1,4.0,3,3,0,2,3.0,1.0,3.0,2,3,5611508100,169,8.909026019690579,24,9.973101265822784
51,0,Travel_Frequently,Research & Development,3,Life Sciences,Male,2,Research Director,Divorced,4.0,14,0,31.0,3,29,11,10,4.0,2.0,2.0,3,3,11081772900,196,11.006115879828327,28,10.011597520267047
59,0,Travel_Rarely,Research & Development,2,Life Sciences,Male,2,Research Scientist,Single,6.0,21,1,25.0,2,9,5,4,4.0,4.0,2.0,3,4,27539402500,16,6.608805441243713,18,10.00763603109282
34,0,Travel_Frequently,Sales,4,Medical,Female,3,Research Scientist,Divorced,4.0,13,1,15.0,1,11,5,10,3.0,2.0,4.0,3,3,7803955600,196,6.784572368421053,33,9.998249269005848
28,0,Travel_Frequently,Research & Development,3,Other,Female,1,Manager,Single,0.0,19,0,5.0,3,4,0,2,4.0,3.0,2.0,3,3,3110292900,4,10.420616140832191,18,10.016442615454961
44,0,Travel_Rarely,Research & Development,4,Life Sciences,Male,2,Research Scientist,Divorced,1.0,17,0,26.0,4,25,14,13,3.0,1.0,2.0,1,3,2215584900,9,7.802089424951267,33,10.014952485380118
34,0,Travel_Frequently,Sales,3,Life Sciences,Male,2,Sales Executive,Married,4.0,18,1,14.0,3,10,1,8,3.0,2.0,4.0,3,3,576000000,1,7.470801005747127,29,9.975331657088121
35,0,Travel_Rarely,Research & Development,3,Life Sciences,Male,4,Healthcare Representative,Married,0.0,19,0,4.0,2,3,2,2,3.0,3.0,3.0,3,3,9651097600,81,10.503479591836735,16,9.986502267573695
42,0,Travel_Rarely,Research & Development,4,Life Sciences,Female,1,Manager,Married,6.0,13,0,18.0,3,1,0,0,2.0,2.0,3.0,3,3,4156380900,529,9.41620634920635,16,10.000507936507937
43,0,Travel_Rarely,Research & Development,2,Medical,Female,1,Laboratory Technician,Single,3.0,18,2,23.0,3,21,15,17,4.0,4.0,4.0,4,3,38032800400,49,6.409671276079573,32,10.005325084910236
36,0,Travel_Rarely,Research & Development,4,Medical,Male,1,Healthcare Representative,Single,9.0,21,1,18.0,4,16,5,12,3.0,2.0,3.0,2,4,742562500,4,10.607794995408632,19,9.9975826446281
44,1,Travel_Rarely,Research & Development,4,Life Sciences,Female,2,Laboratory Technician,Married,1.0,19,1,10.0,3,10,0,5,1.0,4.0,3.0,3,3,3933798400,441,6.012525584795322,33,9.981956627680312
28,0,Travel_Frequently,Research & Development,3,Life Sciences,Female,2,Sales Representative,Married,1.0,14,0,2.0,3,2,2,2,4.0,4.0,3.0,3,3,452412900,4,9.679196599616857,29,9.972417385057472
30,0,Non-Travel,Research & Development,4,Other,Male,1,Research Scientist,Single,7.0,11,3,10.0,2,8,1,7,3.0,3.0,3.0,3,3,439321600,4,9.497514124293785,25,9.982409369114878
29,1,Travel_Rarely,Research & Development,4,Technical Degree,Female,1,Sales Representative,Divorced,3.0,13,0,10.0,4,7,7,7,2.0,3.0,3.0,3,3,832899600,841,8.390624406457741,27,10.02528252611586
28,0,Travel_Rarely,Sales,4,Life Sciences,Female,2,Sales Representative,Single,2.0,15,1,5.0,5,3,1,2,4.0,1.0,2.0,3,3,413308900,1,6.765892330383481,35,10.02554203539823
25,0,Travel_Rarely,Research & Development,2,Life Sciences,Male,1,Research Scientist,Single,1.0,25,0,2.0,0,2,2,1,4.0,2.0,2.0,3,4,1311888400,324,7.982099673202614,23,10.002159197012137
32,0,Travel_Rarely,Research & Development,4,Other,Female,1,Sales Executive,Married,1.0,11,0,10.0,5,10,0,8,3.0,4.0,4.0,3,3,1791828900,100,6.8195002374169045,27,10.022397910731243
39,0,Travel_Rarely,Sales,1,Marketing,Female,1,Laboratory Technician,Divorced,6.0,13,2,21.0,3,19,15,2,3.0,2.0,3.0,3,3,2981160000,841,8.400860404896422,25,9.982415254237289
58,0,Travel_Rarely,Research & Development,3,Other,Male,2,Laboratory Technician,Divorced,1.0,18,1,2.0,1,2,2,2,1.0,3.0,3.0,1,3,478296900,729,5.993010869565217,31,9.979307971014494
32,1,Travel_Rarely,Research & Development,3,Technical Degree,Female,1,Sales Executive,Married,1.0,13,1,10.0,3,10,1,1,4.0,3.0,3.0,3,3,9219840400,25,6.479733992467043,25,10.000136534839925
39,1,Travel_Rarely,Research & Development,2,Life Sciences,Male,2,Laboratory Technician,Single,0.0,20,0,6.0,3,5,0,3,3.0,1.0,3.0,2,4,804289600,324,7.703856421356422,30,9.986125541125542
30,0,Travel_Rarely,Sales,1,Marketing,Male,4,Research Director,Married,0.0,18,0,10.0,2,9,6,7,1.0,4.0,3.0,4,3,1671992100,81,6.166816415180613,18,10.026140832190215
36,0,Travel_Rarely,Sales,3,Marketing,Male,2,Sales Executive,Married,3.0,12,0,10.0,5,7,1,7,4.0,3.0,3.0,2,3,27645712900,1,6.711335009578544,29,10.018799090038312
46,0,Travel_Rarely,Sales,3,Medical,Male,1,Research Scientist,Single,6.0,12,1,10.0,3,7,5,7,4.0,1.0,4.0,2,3,685916100,16,7.706544995408632,19,10.017905188246097
28,0,Non-Travel,Research & Development,3,Medical,Male,5,Sales Executive,Married,0.0,13,0,10.0,2,9,7,5,3.0,4.0,3.0,2,3,3225104100,1,7.984185660018994,27,10.002878679962015
50,0,Travel_Rarely,Research & Development,2,Medical,Female,5,Laboratory Technician,Married,4.0,21,0,25.0,3,3,1,2,4.0,1.0,3.0,2,4,23722160400,400,10.441048085901027,23,10.009614845938374
40,1,Travel_Rarely,Sales,1,Other,Male,1,Laboratory Technician,Single,2.0,13,3,9.0,1,5,1,0,4.0,2.0,3.0,2,3,3582022500,64,9.797106082375478,29,9.999084051724138
52,1,Travel_Rarely,Research & Development,2,Technical Degree,Male,3,Laboratory Technician,Single,9.0,19,1,10.0,1,8,7,7,2.0,2.0,2.0,3,3,665124100,9,10.018041894353368,17,9.992978142076504
30,0,Travel_Rarely,Research & Development,4,Medical,Female,1,Sales Executive,Married,1.0,11,1,9.0,2,9,0,8,2.0,1.0,3.0,2,3,924768100,36,10.361327825670498,29,9.974663553639846
39,0,Travel_Rarely,Research & Development,1,Medical,Male,2,Healthcare Representative,Single,0.0,14,0,9.0,5,8,1,7,1.0,3.0,3.0,3,3,1188180900,676,5.976122448979592,16,10.024697278911566
31,0,Non-Travel,Research & Development,2,Medical,Male,1,Sales Executive,Divorced,1.0,12,1,10.0,1,10,9,6,4.0,3.0,2.0,2,3,38075716900,1,10.101002109704641,24,9.998833802156588
41,0,Non-Travel,Sales,3,Life Sciences,Female,1,Research Director,Single,1.0,11,0,19.0,3,19,11,9,3.0,2.0,3.0,3,3,768952900,36,7.795501133786848,16,9.991438775510204
31,1,Travel_Frequently,Research & Development,1,Life Sciences,Male,1,Sales Executive,Single,1.0,14,1,3.0,3,3,2,2,4.0,2.0,4.0,3,3,5046681600,9,9.135941290635614,32,10.01484109655507
44,1,Travel_Rarely,Sales,3,Life Sciences,Male,1,Laboratory Technician,Married,4.0,11,1,10.0,2,3,1,2,1.0,1.0,4.0,3,3,3996768400,25,6.027372245663385,24,9.988796296296295
42,0,Non-Travel,Research & Development,3,Life Sciences,Male,2,Laboratory Technician,Married,0.0,12,2,21.0,3,20,2,10,3.0,3.0,2.0,2,3,433888900,16,9.710156955736224,15,10.036275971093044
55,0,Travel_Rarely,Sales,3,Technical Degree,Male,2,Manufacturing Director,Married,4.0,15,1,23.0,3,19,9,11,4.0,3.0,3.0,3,3,7024116100,121,6.629416786916787,30,9.97494227994228
56,0,Travel_Rarely,Sales,2,Medical,Female,3,Manufacturing Director,Single,6.0,16,1,36.0,6,7,7,7,4.0,2.0,3.0,3,3,724148100,9,7.995408022130015,20,9.990289303826648
40,0,Non-Travel,Research & Development,1,Life Sciences,Male,1,Laboratory Technician,Divorced,9.0,15,0,6.0,6,4,0,0,3.0,3.0,3.0,3,3,1836979600,1,7.337527538314176,29,10.011989942528736
34,0,Travel_Rarely,Research & Development,2,Technical Degree,Male,2,Research Director,Divorced,0.0,24,3,10.0,2,9,1,6,4.0,4.0,2.0,3,4,707028100,9,7.4184357344632765,25,9.99420315442561
40,0,Travel_Rarely,Sales,3,Medical,Male,2,Sales Executive,Single,1.0,13,1,9.0,3,9,8,8,3.0,4.0,3.0,2,3,8900035600,16,5.998701388888889,21,10.004034722222222
41,0,Travel_Frequently,Sales,4,Other,Female,2,Healthcare Representative,Divorced,0.0,11,0,10.0,2,9,1,7,3.0,1.0,3.0,2,3,3092472100,1,7.690605200945627,26,10.047332151300235
35,0,Travel_Frequently,Sales,2,Technical Degree,Male,2,Manager,Single,1.0,13,1,9.0,2,9,1,1,3.0,3.0,3.0,2,3,4416931600,1,9.508205128205129,14,9.990026990553305
51,0,Travel_Rarely,Sales,2,Life Sciences,Male,4,Manufacturing Director,Divorced,1.0,13,1,33.0,2,33,0,10,3.0,2.0,3.0,3,3,5967562500,324,9.48023530762167,19,10.016014692378329
38,0,Travel_Rarely,Sales,4,Life Sciences,Female,1,Research Scientist,Divorced,3.0,18,0,11.0,5,7,1,7,2.0,1.0,3.0,2,3,11502562500,4,6.585955743879473,25,10.025024717514125
34,0,Travel_Rarely,Sales,3,Life Sciences,Male,2,Research Scientist,Single,1.0,16,0,10.0,3,10,9,6,3.0,1.0,4.0,4,3,7826940900,16,7.23356081390032,18,9.994813671696388
25,0,Travel_Rarely,Research & Development,2,Medical,Female,4,Research Scientist,Married,3.0,19,0,7.0,3,3,1,2,4.0,4.0,2.0,3,3,418202500,36,6.2904,36,10.007225925925926
58,1,Travel_Rarely,Sales,4,Technical Degree,Male,2,Sales Executive,Married,7.0,13,2,31.0,3,10,5,9,3.0,1.0,2.0,4,3,101808100,1,8.488845153664304,26,10.013994089834515
40,0,Travel_Rarely,Research & Development,4,Medical,Female,1,Research Scientist,Married,3.0,22,0,7.0,2,4,0,3,2.0,2.0,3.0,1,4,1120910400,196,6.117230461393596,25,10.026198210922788
36,0,Travel_Frequently,Sales,2,Life Sciences,Male,1,Research Scientist,Married,2.0,11,0,17.0,2,15,6,13,1.0,1.0,2.0,3,3,164096100,256,6.086681839402428,23,9.998925070028012
48,0,Travel_Rarely,Research & Development,1,Life Sciences,Male,2,Research Scientist,Single,1.0,20,0,11.0,2,10,0,8,4.0,4.0,3.0,2,4,794676100,4,7.596445652173913,31,9.970210144927536
51,0,Travel_Rarely,Research & Development,1,Medical,Female,3,Manufacturing Director,Single,3.0,14,0,29.0,3,5,0,3,4.0,2.0,2.0,3,3,1622478400,16,7.494571708272149,34,9.972260156632403
18,0,Non-Travel,Research & Development,4,Medical,Male,2,Sales Executive,Single,1.0,22,1,0.0,2,0,0,0,4.0,4.0,4.0,3,4,739840000,1,7.905436671239141,18,10.041095107453131
35,0,Travel_Rarely,Research & Development,4,Other,Female,2,Research Director,Married,0.0,13,0,10.0,2,9,0,0,4.0,4.0,3.0,2,3,6593440000,1,7.180452898550724,31,10.002092995169082
27,0,Travel_Frequently,Research & Development,4,Medical,Female,1,Research Director,Single,3.0,17,0,8.0,3,6,0,0,4.0,4.0,3.0,4,3,2159460900,676,7.352186609686609,27,10.0283487654321
55,1,Travel_Rarely,Research & Development,3,Technical Degree,Male,1,Human Resources,Single,6.0,14,3,24.0,0,19,3,8,1.0,3.0,2.0,4,3,2190240000,361,8.682690900777322,18,10.006100823045267
56,0,Travel_Rarely,Research & Development,4,Life Sciences,Male,2,Laboratory Technician,Married,4.0,15,2,33.0,2,19,15,9,4.0,2.0,3.0,3,3,1037484100,576,10.380261904761904,16,10.015233560090705
34,0,Non-Travel,Sales,2,Life Sciences,Male,2,Research Scientist,Divorced,1.0,17,1,5.0,1,5,0,0,1.0,3.0,3.0,3,3,7432164100,1,6.379191176470588,23,10.007572362278244
40,0,Travel_Rarely,Research & Development,3,Life Sciences,Male,2,Sales Executive,Divorced,5.0,11,1,15.0,3,12,11,8,2.0,3.0,3.0,2,3,2094892900,9,6.479356113435611,22,9.994751278475128
34,0,Travel_Rarely,Research & Development,3,Life Sciences,Male,1,Research Scientist,Married,4.0,18,1,10.0,2,8,7,7,2.0,3.0,3.0,4,3,2072980900,25,7.176949192782526,27,9.997020417853753
31,1,Travel_Frequently,Research & Development,2,Medical,Female,2,Manufacturing Director,Single,7.0,17,1,3.0,2,1,0,0,3.0,4.0,4.0,1,3,2911681600,4,7.673500228623686,18,10.000185185185185
35,1,Travel_Frequently,Research & Development,2,Medical,Male,1,Manufacturing Director,Married,0.0,13,0,5.0,2,4,3,2,4.0,3.0,2.0,3,3,4618561600,1,9.072801783264747,18,9.987629172382258
38,0,Travel_Frequently,Research & Development,3,Medical,Female,2,Sales Representative,Divorced,1.0,15,0,4.0,2,4,0,3,4.0,3.0,3.0,2,3,5814062500,49,6.375856481481481,21,9.998020833333333
34,0,Travel_Rarely,Research & Development,4,Other,Female,2,Laboratory Technician,Single,1.0,24,0,14.0,4,14,4,11,3.0,4.0,4.0,3,4,5493774400,100,7.906698939603504,20,9.996139926233287
28,0,Travel_Rarely,Research & Development,3,Life Sciences,Female,2,Healthcare Representative,Married,1.0,12,0,5.0,2,5,0,4,3.0,1.0,3.0,3,3,12452328100,4,6.683007544581619,18,10.020157750342934
31,1,Travel_Rarely,Research & Development,2,Life Sciences,Male,2,Sales Executive,Married,1.0,15,0,10.0,3,10,6,7,4.0,3.0,2.0,2,3,2460160000,225,10.88627205531712,28,10.025312350977588
39,0,Travel_Rarely,Research & Development,4,Technical Degree,Female,2,Healthcare Representative,Married,3.0,11,1,8.0,3,5,1,4,1.0,4.0,4.0,3,3,10972562500,289,10.322546695402298,29,9.957690373563219
51,0,Travel_Frequently,Research & Development,3,Medical,Male,2,Sales Executive,Married,2.0,11,1,14.0,2,4,3,2,2.0,2.0,3.0,2,3,21945459600,400,7.07558970856102,17,9.996731557377048
41,0,Travel_Frequently,Research & Development,3,Life Sciences,Male,4,Sales Executive,Divorced,3.0,12,1,12.0,2,6,3,3,4.0,4.0,2.0,3,3,36637788100,1,10.669363086936308,22,9.992094374709438
37,0,Travel_Rarely,Research & Development,2,Medical,Female,1,Healthcare Representative,Married,7.0,15,0,8.0,3,6,1,3,3.0,3.0,3.0,4,3,2921402500,4,10.39074152542373,25,9.99368290960452
33,0,Travel_Frequently,Research & Development,3,Medical,Female,1,Sales Executive,Married,6.0,17,0,8.0,2,5,1,2,2.0,4.0,4.0,3,3,7731684900,4,7.778146961063628,27,10.02386277302944
32,0,Travel_Rarely,Research & Development,4,Medical,Male,5,Research Director,Married,0.0,12,1,4.0,3,3,1,2,3.0,2.0,2.0,3,3,36821772100,1,10.395856950067476,14,9.973497525865946
39,0,Non-Travel,Research & Development,2,Life Sciences,Male,2,Sales Executive,Married,3.0,15,0,13.0,3,6,0,5,3.0,3.0,3.0,3,3,1501562500,841,6.594622175141243,25,10.02353813559322
25,0,Travel_Rarely,Research & Development,4,Life Sciences,Male,1,Sales Executive,Married,2.0,13,3,6.0,2,3,1,2,1.0,3.0,2.0,2,3,491065600,49,7.208837844254512,27,9.966971747388413
52,0,Travel_Frequently,Research & Development,1,Life Sciences,Male,2,Sales Executive,Married,2.0,14,0,24.0,2,5,0,2,4.0,3.0,2.0,3,3,13719436900,4,9.086195856873823,25,9.991065207156309
43,0,Travel_Rarely,Research & Development,2,Medical,Male,1,Laboratory Technician,Single,1.0,14,2,20.0,1,20,1,8,1.0,3.0,1.0,3,3,6179532100,4,9.686829297245964,27,9.99761158594492
27,0,Travel_Rarely,Research & Development,4,Life Sciences,Male,1,Human Resources,Married,1.0,16,2,6.0,2,6,4,4,4.0,4.0,3.0,3,3,1374926400,4,10.314973708276177,18,10.017744627343394
27,1,Travel_Rarely,Research & Development,5,Life Sciences,Female,1,Research Scientist,Single,1.0,18,1,8.0,3,8,7,7,4.0,3.0,3.0,4,3,18961290000,4,10.004661835748792,31,10.000800724637681
26,0,Travel_Rarely,Research & Development,2,Other,Male,3,Laboratory Technician,Single,0.0,20,1,5.0,2,4,1,1,1.0,4.0,3.0,3,4,2813241600,4,6.323119288119288,30,10.008493265993266
42,0,Travel_Rarely,Sales,3,Marketing,Female,3,Research Scientist,Married,0.0,13,1,21.0,3,20,0,9,3.0,1.0,3.0,3,3,698016400,529,6.1295948568656,32,10.00373968947113
52,0,Travel_Rarely,Research & Development,2,Life Sciences,Female,1,Healthcare Representative,Married,9.0,18,1,12.0,6,5,0,4,3.0,1.0,1.0,3,3,761208100,25,6.50694675925926,21,9.98289236111111
37,0,Travel_Rarely,Research & Development,5,Life Sciences,Male,2,Manager,Single,4.0,13,1,8.0,1,3,0,2,1.0,3.0,3.0,3,3,4629441600,400,7.46818281938326,34,9.985085658345572
35,0,Travel_Frequently,Research & Development,4,Medical,Female,2,Research Director,Single,2.0,15,1,10.0,2,2,2,2,3.0,4.0,3.0,3,3,3772416400,36,7.665282466010314,24,9.995699718706048
25,0,Travel_Rarely,Research & Development,4,Medical,Male,2,Sales Executive,Married,4.0,14,2,7.0,2,3,0,2,1.0,4.0,2.0,1,3,625000000,1,7.995907331511839,17,9.983179644808743
26,0,Travel_Rarely,Research & Development,4,Life Sciences,Male,1,Research Scientist,Single,0.0,22,0,8.0,2,7,0,7,3.0,1.0,3.0,2,4,4081932100,841,6.798512802926383,18,10.007216506630087
29,0,Travel_Rarely,Sales,3,Life Sciences,Male,1,Laboratory Technician,Single,1.0,12,0,10.0,5,10,0,9,2.0,1.0,2.0,2,3,12327660900,81,6.206890838206627,33,10.015707846003899
49,1,Travel_Frequently,Sales,5,Medical,Female,2,Healthcare Representative,Single,3.0,18,0,20.0,2,4,1,3,1.0,1.0,3.0,3,3,548496400,36,7.049729052823315,17,9.997667349726775
29,1,Travel_Frequently,Sales,2,Marketing,Female,2,Laboratory Technician,Single,0.0,15,1,9.0,2,8,7,7,3.0,4.0,3.0,3,3,4638972100,9,8.612993956299396,22,9.990407949790796
54,0,Travel_Rarely,Sales,3,Medical,Female,2,Manager,Single,6.0,18,2,29.0,2,20,12,7,4.0,4.0,2.0,2,3,527620900,1,6.248981481481481,21,9.996184027777778
58,0,Travel_Rarely,Sales,3,Life Sciences,Female,2,Laboratory Technician,Married,3.0,12,1,32.0,2,9,1,5,4.0,1.0,3.0,3,3,600250000,484,10.56941384180791,25,10.002312853107343
55,0,Travel_Rarely,Research & Development,3,Life Sciences,Female,3,Research Scientist,Divorced,2.0,16,1,31.0,3,7,0,0,2.0,4.0,4.0,3,3,2593864900,49,7.494744680851064,26,9.998417257683215
36,0,Travel_Rarely,Research & Development,3,Medical,Male,2,Sales Executive,Single,3.0,13,0,15.0,5,5,0,1,1.0,2.0,3.0,3,3,2818548100,1,9.398778229448961,15,9.97723125564589
31,1,Travel_Frequently,Sales,3,Life Sciences,Male,2,Manager,Single,1.0,19,0,1.0,3,1,0,0,2.0,3.0,3.0,3,3,934524900,16,7.304688232536335,24,9.977822315986872
30,0,Travel_Rarely,Sales,3,Life Sciences,Male,3,Sales Executive,Divorced,7.0,13,0,8.0,4,3,0,2,4.0,1.0,3.0,3,3,2622464100,9,7.491903248587571,25,10.004001883239171
34,0,Travel_Frequently,Sales,1,Marketing,Female,5,Manager,Divorced,5.0,11,0,10.0,3,4,1,3,4.0,1.0,3.0,4,3,721459600,4,7.592990664845173,17,10.02559995446266
31,1,Travel_Rarely,Sales,3,Technical Degree,Male,1,Research Scientist,Single,1.0,14,1,1.0,2,1,0,0,1.0,2.0,4.0,1,3,3819240000,400,8.002105442176871,16,10.025832199546485
27,0,Travel_Rarely,Human Resources,4,Medical,Male,4,Sales Executive,Married,0.0,16,0,6.0,3,5,1,4,2.0,1.0,4.0,3,3,4398342400,121,7.18484126984127,16,9.980012471655328
36,0,Travel_Rarely,Sales,3,Marketing,Male,2,Research Scientist,Single,1.0,12,2,10.0,2,10,1,8,1.0,4.0,2.0,2,3,1228502500,1,6.319475172074729,35,9.986744100294986
36,0,Travel_Rarely,Research & Development,3,Other,Female,3,Research Director,Married,4.0,14,1,11.0,3,3,0,2,3.0,1.0,2.0,3,3,4092160900,576,7.314436376210235,20,10.024919317657908
47,0,Travel_Rarely,Research & Development,4,Life Sciences,Female,2,Sales Executive,Married,7.0,14,2,17.0,0,6,1,2,1.0,4.0,2.0,3,3,3936307600,529,7.79139822595705,23,10.016827731092437
25,1,Travel_Rarely,Sales,4,Life Sciences,Male,2,Research Scientist,Married,3.0,19,0,6.0,3,3,2,2,1.0,1.0,3.0,2,3,39437988100,256,7.1928152173913045,31,9.979934782608694
37,0,Non-Travel,Sales,4,Medical,Male,1,Healthcare Representative,Single,0.0,22,1,7.0,5,6,1,3,3.0,3.0,1.0,3,4,5756256900,64,7.562411616161616,19,10.020055096418732
56,0,Travel_Rarely,Research & Development,4,Other,Male,2,Sales Representative,Married,2.0,16,0,5.0,2,3,1,0,1.0,1.0,4.0,3,3,1813056400,100,6.6068304221251815,32,9.981032265890345
47,0,Travel_Rarely,Research & Development,2,Medical,Male,2,Laboratory Technician,Married,3.0,11,1,26.0,3,20,5,6,1.0,3.0,4.0,3,3,1904449600,9,6.341896551724138,29,9.997022270114941
24,0,Travel_Rarely,Research & Development,1,Other,Male,1,Manufacturing Director,Married,1.0,15,1,5.0,5,5,0,3,4.0,3.0,3.0,3,3,1879222500,25,9.69560841205578,14,9.971592442645074
32,0,Travel_Rarely,Sales,3,Marketing,Male,1,Research Scientist,Married,4.0,14,1,7.0,2,4,0,3,4.0,4.0,2.0,3,3,2836627600,16,7.510473995271868,26,10.000293144208038
34,0,Travel_Rarely,Research & Development,2,Medical,Male,1,Sales Executive,Married,5.0,13,0,7.0,3,5,0,2,4.0,2.0,2.0,3,3,1075840000,81,6.132323959762232,18,9.987182213077276
41,0,Travel_Rarely,Research & Development,3,Medical,Female,3,Sales Executive,Married,2.0,17,2,7.0,2,4,0,3,2.0,3.0,2.0,3,3,3008522500,676,10.501243607624362,22,10.006698047419805
40,0,Non-Travel,Sales,2,Life Sciences,Male,1,Sales Executive,Divorced,3.0,11,1,11.0,6,8,0,7,3.0,3.0,4.0,2,3,1885296400,9,6.365344868173258,25,10.015247175141242
31,0,Travel_Rarely,Research & Development,3,Medical,Male,2,Human Resources,Divorced,1.0,19,1,13.0,5,13,9,9,1.0,4.0,3.0,3,3,773952400,256,6.728463693957115,33,9.981603313840157
46,1,Travel_Rarely,Research & Development,1,Medical,Male,1,Manufacturing Director,Divorced,4.0,11,1,28.0,2,7,4,3,1.0,4.0,4.0,3,3,3576040000,324,6.684526570048309,31,10.02093961352657
39,1,Non-Travel,Research & Development,4,Medical,Male,2,Manufacturing Director,Single,2.0,15,2,11.0,1,1,0,0,1.0,1.0,4.0,2,3,1919316100,4,9.3863808870599,18,10.020293781435758
31,1,Travel_Frequently,Sales,3,Medical,Male,2,Sales Executive,Single,1.0,13,3,10.0,3,10,4,7,3.0,2.0,3.0,3,3,661518400,4,6.794415866483768,18,10.006650663008687
45,0,Travel_Rarely,Sales,2,Marketing,Male,1,Sales Executive,Divorced,2.0,14,0,24.0,1,7,0,7,2.0,1.0,3.0,3,3,1469188900,100,10.508590277777778,21,9.97161574074074
31,0,Travel_Rarely,Research & Development,4,Life Sciences,Male,3,Human Resources,Single,9.0,13,0,8.0,3,3,0,2,4.0,2.0,3.0,3,3,1801153600,256,6.730294540229885,29,9.999630028735632
31,1,Travel_Frequently,Research & Development,4,Life Sciences,Male,1,Laboratory Technician,Married,6.0,23,1,7.0,5,2,2,2,2.0,4.0,1.0,3,4,4225000000,49,10.276630532971996,15,9.985571364046972
45,0,Travel_Rarely,Research & Development,2,Life Sciences,Female,1,Research Scientist,Married,4.0,12,1,10.0,5,3,1,2,2.0,4.0,4.0,3,3,33966490000,1,10.565856774496014,24,9.999721050164089
48,0,Travel_Rarely,Research & Development,3,Technical Degree,Male,2,Research Scientist,Divorced,4.0,12,0,15.0,3,2,2,2,3.0,1.0,3.0,3,3,256320100,576,7.085850767085077,22,10.017489539748953
34,1,Travel_Rarely,Research & Development,4,Medical,Male,2,Research Scientist,Married,1.0,16,1,2.0,3,2,2,2,1.0,3.0,3.0,3,3,725763600,49,7.422883428300095,27,9.984617758784426
40,0,Non-Travel,Research & Development,4,Other,Female,1,Sales Executive,Divorced,2.0,15,1,16.0,1,9,4,8,4.0,2.0,3.0,2,3,991620100,625,7.985139470013948,22,9.9893410041841
28,0,Travel_Rarely,Research & Development,2,Technical Degree,Female,1,Research Scientist,Single,0.0,13,1,6.0,0,5,1,3,4.0,1.0,3.0,3,3,31113432100,1,6.513891156462585,16,10.010624716553288
44,0,Non-Travel,Research & Development,3,Life Sciences,Male,1,Laboratory Technician,Single,3.0,18,0,7.0,4,5,0,3,3.0,3.0,3.0,2,3,537776100,25,6.589474506974508,30,10.008774651274651
53,0,Travel_Rarely,Research & Development,4,Technical Degree,Male,2,Manager,Single,4.0,20,0,35.0,2,9,8,8,4.0,2.0,2.0,3,4,13667948100,4,6.901845760233918,33,10.003244395711501
49,0,Travel_Rarely,Research & Development,3,Life Sciences,Male,3,Laboratory Technician,Married,2.0,19,0,20.0,2,3,1,2,1.0,3.0,2.0,1,3,2834497600,49,6.786344907407408,21,9.994685185185185
40,0,Travel_Rarely,Research & Development,4,Life Sciences,Male,3,Laboratory Technician,Divorced,2.0,18,1,8.0,3,3,1,2,3.0,3.0,4.0,3,3,28062950400,4,6.50914847161572,32,9.999528141678796
44,0,Travel_Rarely,Research & Development,1,Other,Male,3,Research Scientist,Single,1.0,13,0,6.0,2,5,1,3,4.0,2.0,2.0,4,3,2733198400,25,6.917345545977012,29,9.96430914750958
33,0,Travel_Frequently,Human Resources,3,Medical,Female,2,Sales Executive,Married,0.0,14,3,5.0,2,4,0,3,4.0,1.0,3.0,3,3,729000000,100,7.285915103415103,30,9.955417267917268
34,0,Travel_Rarely,Research & Development,4,Life Sciences,Female,1,Sales Representative,Single,3.0,15,1,15.0,5,13,3,12,4.0,1.0,3.0,3,3,37040851600,100,6.873781435756745,18,9.998906035665295
30,0,Travel_Rarely,Sales,2,Technical Degree,Male,1,Laboratory Technician,Married,8.0,22,0,4.0,3,2,2,2,4.0,3.0,2.0,3,4,628003600,1,6.1275962000962005,30,10.026932419432418
42,0,Travel_Frequently,Research & Development,4,Medical,Female,1,Sales Executive,Single,1.0,22,2,12.0,2,12,5,8,1.0,4.0,3.0,3,4,3674784400,64,7.286386583679115,20,10.031402720147534
44,0,Travel_Frequently,Research & Development,3,Life Sciences,Female,5,Manufacturing Director,Married,7.0,16,2,11.0,2,1,0,0,1.0,3.0,2.0,3,3,1920192400,25,7.600639124293785,25,9.994633945386063
30,0,Non-Travel,Research & Development,3,Life Sciences,Male,1,Manufacturing Director,Divorced,1.0,17,1,1.0,2,1,0,0,3.0,3.0,2.0,3,3,459244900,64,6.172838214783821,22,9.958959786145979
57,0,Travel_Rarely,Sales,1,Life Sciences,Male,3,Research Scientist,Married,0.0,14,0,13.0,5,12,2,8,2.0,3.0,2.0,2,3,3797024400,4,7.604345067049809,29,10.031567289272031
49,0,Travel_Rarely,Research & Development,3,Technical Degree,Female,2,Sales Executive,Divorced,3.0,15,0,29.0,5,8,0,7,3.0,2.0,3.0,3,3,2594883600,49,6.907296539961013,33,10.015059697855751
34,0,Travel_Frequently,Research & Development,4,Medical,Female,2,Sales Representative,Divorced,7.0,20,0,16.0,3,14,6,9,2.0,1.0,2.0,3,4,4729312900,4,6.293506172839507,36,10.03217160493827
28,1,Travel_Frequently,Research & Development,3,Medical,Male,1,Research Scientist,Married,3.0,20,1,5.0,5,3,1,2,1.0,3.0,4.0,3,4,517107600,4,6.492943287037037,21,10.007587962962962
29,1,Travel_Frequently,Research & Development,3,Medical,Female,5,Research Scientist,Single,5.0,17,3,7.0,1,5,0,0,1.0,2.0,1.0,3,3,1966035600,784,7.808987142163998,32,9.992341096555071
34,1,Travel_Rarely,Research & Development,1,Medical,Male,1,Research Scientist,Single,0.0,15,1,16.0,2,15,10,10,1.0,2.0,4.0,3,3,3953894400,49,8.527089890319505,28,9.980368383404866
35,0,Travel_Rarely,Sales,4,Other,Female,4,Healthcare Representative,Married,1.0,14,1,1.0,4,1,0,0,4.0,3.0,3.0,2,3,651780900,49,6.614800538423887,34,9.961792706803719
24,1,Travel_Frequently,Sales,3,Life Sciences,Male,2,Research Scientist,Single,2.0,17,1,4.0,3,0,0,0,2.0,1.0,2.0,2,3,5858371600,9,8.507790456431536,20,9.99378745965883
24,0,Non-Travel,Research & Development,3,Life Sciences,Female,2,Manager,Married,1.0,17,1,1.0,3,1,0,0,4.0,2.0,3.0,1,3,2662560000,100,7.406158172635446,19,9.97626951331497
44,0,Travel_Frequently,Research & Development,2,Medical,Female,2,Research Scientist,Single,5.0,22,1,16.0,1,2,2,2,2.0,3.0,2.0,2,4,29443128100,25,10.296231006647673,27,10.010363247863248
29,0,Travel_Rarely,Sales,2,Life Sciences,Female,1,Sales Executive,Divorced,1.0,13,0,10.0,6,10,0,4,3.0,3.0,3.0,3,3,16404486400,100,6.980078860640301,25,9.982569444444444
30,0,Travel_Rarely,Research & Development,2,Life Sciences,Male,3,Sales Executive,Divorced,0.0,19,1,6.0,2,5,1,3,3.0,3.0,4.0,3,3,10446884100,1,6.101316738816739,30,10.046451418951419
55,0,Travel_Rarely,Sales,3,Marketing,Male,2,Research Scientist,Married,0.0,14,1,4.0,6,3,1,2,4.0,3.0,3.0,3,3,2283884100,400,10.700993369913123,18,10.001810699588477
33,0,Travel_Rarely,Research & Development,2,Life Sciences,Male,2,Research Scientist,Married,8.0,22,2,8.0,2,5,0,2,1.0,2.0,3.0,3,4,1396516900,49,7.89758695652174,31,9.987138888888888
47,0,Travel_Rarely,Research & Development,4,Medical,Female,2,Sales Representative,Married,3.0,17,0,11.0,5,5,1,2,3.0,3.0,2.0,2,3,559795600,64,10.884125781625782,30,10.015829725829725
28,1,Travel_Frequently,Sales,3,Marketing,Male,2,Laboratory Technician,Single,7.0,12,0,8.0,3,0,0,0,3.0,1.0,2.0,3,3,291043600,1,7.586788268955651,28,9.976815689079636
28,0,Travel_Rarely,Sales,4,Marketing,Male,1,Laboratory Technician,Divorced,1.0,16,0,1.0,3,1,0,0,1.0,3.0,1.0,2,3,26591824900,64,6.109356167608286,25,10.018722928436912
28,0,Travel_Frequently,Research & Development,3,Life Sciences,Female,2,Sales Executive,Single,0.0,11,0,5.0,3,4,1,3,3.0,1.0,3.0,3,3,3520048900,81,7.035802600472813,26,10.004826241134753
49,0,Travel_Rarely,Research & Development,4,Life Sciences,Female,1,Research Scientist,Married,4.0,11,0,10.0,3,3,1,2,3.0,1.0,3.0,3,3,1172377600,25,6.4073997584541065,31,10.017547101449276
29,0,Travel_Frequently,Research & Development,1,Medical,Male,1,Research Scientist,Married,0.0,14,0,4.0,2,3,0,2,4.0,2.0,3.0,1,3,1629736900,64,7.117046336729743,32,10.013512857836002
28,0,Travel_Rarely,Research & Development,1,Technical Degree,Male,2,Laboratory Technician,Married,1.0,11,0,8.0,3,8,1,7,3.0,2.0,2.0,2,3,654848100,25,5.98655510018215,17,9.998703324225866
33,0,Travel_Rarely,Research & Development,4,Life Sciences,Female,1,Sales Executive,Single,2.0,15,3,14.0,2,0,0,0,4.0,3.0,3.0,2,3,3845240100,225,8.49256427915519,19,10.006594352617078
32,0,Travel_Rarely,Research & Development,3,Life Sciences,Female,3,Laboratory Technician,Single,2.0,20,0,10.0,3,5,0,0,3.0,4.0,4.0,2,4,1938640900,49,7.435967391304348,31,10.03390579710145
54,0,Travel_Frequently,Sales,3,Life Sciences,Female,4,Research Scientist,Divorced,3.0,12,0,26.0,3,14,1,12,2.0,4.0,3.0,2,3,1414512100,100,6.972867149758454,31,10.00335265700483
29,1,Travel_Rarely,Research & Development,3,Life Sciences,Female,2,Research Scientist,Single,6.0,17,2,11.0,2,9,0,7,1.0,1.0,1.0,3,3,11955235600,25,6.55087706855792,26,9.983406619385342
44,0,Travel_Rarely,Sales,1,Marketing,Male,1,Sales Representative,Married,3.0,11,1,24.0,5,20,14,17,4.0,1.0,4.0,2,3,11579912100,676,7.896398071625344,19,9.995426997245179
39,0,Travel_Rarely,Sales,1,Technical Degree,Female,2,Laboratory Technician,Single,4.0,17,1,9.0,2,2,2,2,2.0,2.0,3.0,4,3,2678062500,36,7.12839598108747,26,9.989607565011822
46,0,Travel_Rarely,Research & Development,2,Life Sciences,Male,3,Manufacturing Director,Married,8.0,11,0,23.0,1,13,5,1,3.0,2.0,4.0,2,3,19115827600,16,7.025510973936901,18,10.024996570644719
35,0,Travel_Rarely,Research & Development,4,Life Sciences,Male,2,Research Scientist,Single,1.0,14,0,11.0,2,11,3,3,4.0,2.0,1.0,4,3,4011955600,529,6.21111917934532,20,10.00922775472568
23,0,Travel_Rarely,Research & Development,4,Medical,Female,2,Manager,Single,0.0,19,1,5.0,2,4,1,2,1.0,3.0,3.0,2,3,2436409600,4,7.679793981481482,21,10.013452546296296
40,1,Travel_Rarely,Research & Development,3,Medical,Male,2,Research Director,Single,3.0,15,1,15.0,3,5,1,0,4.0,1.0,1.0,4,3,2280062500,4,7.59134970032273,20,9.990714615029969
34,0,Travel_Rarely,Human Resources,3,Human Resources,Male,2,Manufacturing Director,Married,1.0,13,1,10.0,2,10,8,6,4.0,3.0,3.0,3,3,794112400,4,10.29017173812817,20,9.976694329183957
31,1,Travel_Frequently,Research & Development,3,Life Sciences,Female,2,Healthcare Representative,Single,1.0,14,0,7.0,3,7,7,7,4.0,3.0,1.0,2,3,632522500,841,6.366089181286549,33,9.978399122807017
50,0,Travel_Frequently,Research & Development,3,Medical,Male,1,Manager,Single,1.0,12,1,32.0,2,32,13,9,3.0,4.0,3.0,2,3,548496400,36,9.990187943262411,26,9.986098108747044
34,0,Travel_Rarely,Sales,5,Marketing,Female,1,Research Scientist,Married,0.0,17,2,12.0,3,11,5,7,2.0,3.0,3.0,3,3,1758963600,625,10.499565972222223,21,9.981960648148148
42,0,Travel_Rarely,Research & Development,3,Life Sciences,Female,1,Manufacturing Director,Married,4.0,11,3,4.0,2,1,0,0,3.0,2.0,3.0,3,3,11416922500,1,6.572412764003674,19,10.015485537190083
37,0,Travel_Rarely,Research & Development,2,Medical,Male,1,Research Scientist,Married,1.0,12,0,10.0,1,10,3,7,1.0,4.0,3.0,3,3,408848400,4,8.039399717514124,25,10.026845574387947
29,0,Travel_Rarely,Research & Development,3,Medical,Female,1,Manager,Married,3.0,13,0,9.0,5,7,0,7,3.0,1.0,3.0,4,3,535459600,1,6.17307438794727,25,9.96895009416196
33,0,Travel_Rarely,Research & Development,1,Life Sciences,Male,1,Research Scientist,Single,1.0,13,3,5.0,1,5,0,2,4.0,2.0,3.0,3,3,1811353600,1,7.202849239280775,20,9.967743199631165
45,0,Travel_Rarely,Sales,3,Life Sciences,Male,3,Laboratory Technician,Married,4.0,20,1,8.0,1,5,0,3,4.0,4.0,3.0,2,4,1281640000,9,5.9808260233918125,33,9.990618908382066
42,0,Travel_Frequently,Human Resources,4,Technical Degree,Male,2,Manufacturing Director,Married,2.0,17,2,24.0,1,20,13,9,4.0,4.0,1.0,3,3,999824400,1,8.106577635327636,27,9.97145061728395
40,0,Travel_Rarely,Sales,1,Life Sciences,Female,1,Manufacturing Director,Married,0.0,13,1,9.0,2,8,7,1,1.0,1.0,4.0,4,3,4256257600,100,6.2953141678796705,32,9.982204027171276
33,0,Travel_Rarely,Research & Development,3,Medical,Female,2,Manufacturing Director,Married,1.0,17,0,15.0,3,15,5,7,2.0,3.0,3.0,2,3,840420100,81,10.623160569105691,15,10.003343495934958
40,0,Travel_Rarely,Sales,5,Life Sciences,Male,1,Manufacturing Director,Single,1.0,12,2,21.0,4,21,7,7,3.0,4.0,3.0,3,3,2736336100,25,8.386603273397881,20,10.000980866758875
24,0,Travel_Rarely,Sales,2,Marketing,Male,1,Manufacturing Director,Divorced,0.0,13,0,2.0,5,1,0,0,3.0,1.0,3.0,3,3,555073600,100,6.112486111111111,21,10.012023148148147
45,0,Travel_Rarely,Research & Development,3,Medical,Female,3,Laboratory Technician,Divorced,1.0,22,0,10.0,2,10,7,7,1.0,2.0,3.0,4,4,14009089600,16,6.563907163742691,33,10.001823830409357
35,0,Travel_Rarely,Research & Development,1,Life Sciences,Male,1,Healthcare Representative,Married,0.0,11,0,6.0,3,5,4,2,2.0,3.0,3.0,4,3,11887540900,100,7.803651927437642,16,10.001836734693878
32,0,Travel_Rarely,Research & Development,4,Medical,Male,1,Sales Executive,Married,3.0,22,0,12.0,0,7,2,5,4.0,2.0,3.0,4,4,883872900,484,7.286747538677919,24,10.02377988748242
36,0,Travel_Rarely,Sales,3,Marketing,Female,4,Research Scientist,Single,3.0,18,1,7.0,5,3,1,2,3.0,4.0,2.0,2,3,20377562500,81,9.097270685579197,26,9.980189125295508
48,0,Travel_Rarely,Research & Development,4,Medical,Male,1,Laboratory Technician,Divorced,8.0,13,1,18.0,2,8,7,7,3.0,3.0,3.0,3,3,3093584400,144,7.873355696798494,25,10.008345103578154
29,0,Travel_Rarely,Research & Development,4,Life Sciences,Female,2,Healthcare Representative,Married,6.0,18,1,5.0,5,1,0,0,3.0,3.0,2.0,4,3,2058436900,529,7.791838913148957,32,10.00894590004852
33,0,Travel_Rarely,Research & Development,1,Medical,Male,1,Healthcare Representative,Married,2.0,20,1,8.0,2,2,2,2,1.0,1.0,1.0,2,4,5840016400,81,7.0970976223136715,18,9.985477823502515
30,1,Travel_Rarely,Research & Development,3,Other,Male,3,Sales Executive,Married,1.0,13,2,10.0,2,10,6,7,2.0,1.0,3.0,3,3,32126977600,1,7.3961793372319695,33,10.004233674463938
38,0,Travel_Frequently,Sales,3,Marketing,Male,1,Manufacturing Director,Married,3.0,13,1,10.0,2,6,1,2,3.0,3.0,3.0,3,3,2708161600,81,6.897724051211705,18,9.978676268861454
35,0,Travel_Rarely,Sales,2,Life Sciences,Male,1,Sales Executive,Single,1.0,12,1,3.0,2,3,1,2,4.0,1.0,3.0,3,3,518472900,49,6.7887954876273655,32,9.977941533236292
30,0,Travel_Rarely,Research & Development,3,Technical Degree,Male,5,Research Director,Married,3.0,13,0,9.0,4,4,1,3,3.0,2.0,3.0,3,3,781202500,196,6.514131179637788,34,10.024539892315222
35,1,Travel_Rarely,Research & Development,3,Medical,Female,1,Research Scientist,Divorced,1.0,13,0,1.0,2,1,0,0,1.0,1.0,3.0,1,3,641102400,4,9.681411443494778,27,9.971240503323838
53,1,Travel_Rarely,Research & Development,3,Life Sciences,Male,2,Manager,Married,0.0,25,0,34.0,2,33,1,9,3.0,4.0,3.0,3,4,654848100,361,6.491736975564776,20,9.991032733978793
38,1,Travel_Rarely,Research & Development,3,Medical,Female,3,Sales Executive,Married,4.0,19,1,7.0,3,5,1,4,3.0,2.0,3.0,2,3,2408846400,4,7.6132035519125685,17,9.971681466302368
32,0,Non-Travel,Research & Development,4,Life Sciences,Female,5,Research Scientist,Married,4.0,13,0,9.0,5,6,1,2,4.0,1.0,2.0,3,3,566440000,100,7.3854804189435335,17,9.966501593806921
48,0,Travel_Rarely,Research & Development,5,Life Sciences,Male,1,Sales Executive,Married,8.0,12,1,10.0,4,8,7,6,3.0,1.0,2.0,3,3,2270522500,4,7.093524154589372,31,9.994106280193238
34,0,Travel_Rarely,Research & Development,3,Life Sciences,Male,2,Sales Executive,Single,1.0,11,0,1.0,2,1,0,0,1.0,4.0,1.0,3,3,417793600,9,7.419126461988305,33,10.01348440545809
55,0,Travel_Rarely,Research & Development,1,Medical,Female,1,Laboratory Technician,Married,1.0,18,0,36.0,6,36,2,13,3.0,4.0,3.0,2,3,725224900,121,6.409076113558492,34,10.014455457660302
34,0,Travel_Rarely,Research & Development,2,Life Sciences,Male,2,Research Scientist,Married,9.0,18,1,9.0,3,2,2,1,2.0,4.0,2.0,3,3,4337539600,4,6.112743362831859,35,9.999995083579154
26,0,Travel_Rarely,Research & Development,3,Life Sciences,Male,1,Research Director,Married,1.0,11,0,1.0,6,1,0,0,1.0,4.0,3.0,3,3,1085043600,16,7.3095327754532775,22,9.99890980939098
38,0,Travel_Rarely,Sales,2,Marketing,Female,1,Sales Executive,Married,0.0,23,0,10.0,4,9,7,7,3.0,2.0,3.0,4,4,1739724100,196,6.966947859744991,17,10.019266848816029
38,0,Travel_Rarely,Research & Development,3,Life Sciences,Female,1,Manufacturing Director,Single,2.0,13,0,8.0,5,3,1,2,2.0,2.0,4.0,2,3,771728400,4,7.21000233426704,23,10.015045518207282
36,0,Travel_Rarely,Human Resources,3,Human Resources,Male,1,Research Scientist,Single,6.0,13,2,15.0,3,1,0,0,2.0,3.0,3.0,3,3,565012900,1,7.38565289648623,27,9.985693257359925
29,0,Travel_Rarely,Research & Development,3,Life Sciences,Male,1,Sales Representative,Single,1.0,17,0,10.0,3,10,1,5,2.0,1.0,3.0,2,3,577921600,100,8.066179971988797,23,10.003660130718956
35,0,Travel_Rarely,Sales,2,Life Sciences,Female,2,Sales Executive,Single,3.0,19,0,10.0,4,5,0,4,1.0,3.0,3.0,4,3,537312400,144,9.313444678856072,24,10.001626816690107
39,0,Travel_Rarely,Sales,2,Medical,Female,1,Sales Executive,Married,2.0,12,0,11.0,3,7,7,6,4.0,3.0,3.0,3,3,403206400,4,7.799657651072125,33,9.950494639376219
29,0,Travel_Frequently,Research & Development,1,Medical,Female,1,Research Scientist,Divorced,1.0,22,0,6.0,3,6,1,3,1.0,4.0,4.0,3,4,3898753600,25,6.81141339869281,23,10.011377217553688
50,0,Travel_Rarely,Research & Development,2,Medical,Female,1,Laboratory Technician,Married,4.0,12,1,27.0,0,1,0,0,3.0,3.0,3.0,1,3,783440100,16,9.386987810595407,24,9.99038443506798
23,0,Travel_Rarely,Research & Development,2,Life Sciences,Female,3,Manager,Married,2.0,11,0,4.0,2,2,2,2,4.0,3.0,3.0,3,3,11134470400,49,6.714817670093,34,9.97647454723446
36,0,Travel_Frequently,Sales,3,Life Sciences,Male,2,Human Resources,Married,3.0,15,0,9.0,2,3,0,2,1.0,1.0,3.0,3,3,542424100,441,9.199428946113494,28,9.980530519790177
42,0,Travel_Rarely,Research & Development,2,Life Sciences,Female,5,Manager,Single,8.0,13,1,24.0,3,1,0,1,4.0,4.0,3.0,3,3,1611219600,64,5.996066159520517,20,10.01047602581835
35,0,Travel_Rarely,Sales,3,Medical,Female,2,Laboratory Technician,Married,1.0,12,1,10.0,4,10,6,8,2.0,3.0,2.0,3,3,5480440900,16,6.42009219348659,29,9.992589798850576
34,0,Travel_Frequently,Research & Development,1,Life Sciences,Female,1,Manager,Married,1.0,14,0,8.0,2,8,7,7,4.0,3.0,2.0,3,3,510308100,625,6.023118239921337,35,10.008177236971484
40,0,Travel_Rarely,Research & Development,4,Life Sciences,Male,2,Laboratory Technician,Married,1.0,13,0,5.0,5,5,1,2,4.0,1.0,3.0,3,3,4805262400,1,6.508975256769375,23,9.953532913165267
43,0,Travel_Rarely,Research & Development,1,Other,Male,1,Manager,Divorced,5.0,25,1,8.0,0,6,0,2,4.0,2.0,3.0,4,4,2188368400,1,6.996113465160076,25,10.003698210922789
35,0,Travel_Rarely,Sales,3,Marketing,Female,3,Sales Representative,Married,1.0,17,1,1.0,3,1,0,1,3.0,4.0,2.0,2,3,18447072400,36,7.355165198237885,34,10.014335535976505
46,0,Travel_Rarely,Research & Development,4,Technical Degree,Male,1,Laboratory Technician,Single,1.0,11,0,27.0,2,26,0,12,4.0,1.0,1.0,3,3,543822400,144,6.600259502923977,33,9.998669590643274
28,1,Travel_Rarely,Human Resources,3,Medical,Female,2,Laboratory Technician,Married,1.0,16,1,1.0,2,1,0,0,3.0,2.0,3.0,3,3,582256900,1,8.397721755368815,23,9.984276377217553
22,0,Non-Travel,Sales,2,Marketing,Male,3,Sales Executive,Married,1.0,18,2,4.0,3,4,1,3,2.0,3.0,2.0,2,3,9418702500,289,8.875546372819102,19,9.999119605142333
50,0,Travel_Frequently,Research & Development,3,Other,Male,2,Research Scientist,Married,2.0,20,0,32.0,2,30,12,13,2.0,3.0,3.0,2,4,1843843600,9,9.396084770114943,29,10.026059626436782
32,0,Travel_Rarely,Research & Development,2,Life Sciences,Male,3,Research Scientist,Married,3.0,14,1,6.0,3,3,0,2,2.0,4.0,3.0,3,3,2228784100,9,6.289856973995271,26,10.005718676122932
44,0,Travel_Rarely,Research & Development,3,Technical Degree,Male,3,Manager,Divorced,0.0,21,2,23.0,2,22,1,10,2.0,4.0,2.0,3,4,634536100,100,8.780275462962965,21,9.992278935185187
30,0,Travel_Rarely,Research & Development,3,Medical,Female,1,Research Director,Married,1.0,13,1,6.0,2,6,1,1,2.0,2.0,2.0,3,3,449864100,16,6.612596200096201,30,9.983554593554594
45,0,Travel_Rarely,Sales,2,Technical Degree,Female,2,Research Scientist,Single,1.0,12,0,10.0,2,10,1,4,3.0,1.0,3.0,3,3,883872900,841,8.90795908879591,22,10.015463737796372
45,0,Non-Travel,Sales,4,Life Sciences,Male,2,Manufacturing Director,Married,1.0,14,1,10.0,3,10,4,5,1.0,1.0,3.0,2,3,3428102500,4,7.881596648301194,19,10.009843893480257
31,0,Travel_Frequently,Research & Development,3,Medical,Male,2,Research Scientist,Single,7.0,21,1,10.0,5,5,0,3,4.0,1.0,3.0,3,4,1308268900,49,7.217484230955846,32,10.017537603105287
36,0,Travel_Rarely,Research & Development,1,Medical,Male,2,Manufacturing Director,Married,9.0,17,1,7.0,3,3,1,1,3.0,3.0,3.0,3,3,4522562500,324,10.913562948028675,13,10.019192428315412
34,0,Travel_Frequently,Sales,4,Marketing,Male,5,Manufacturing Director,Divorced,1.0,11,1,9.0,3,9,7,2,3.0,4.0,3.0,2,3,10660562500,784,6.067014814814815,36,9.97933086419753
49,0,Travel_Rarely,Research & Development,4,Life Sciences,Male,3,Healthcare Representative,Married,1.0,14,1,10.0,2,9,1,4,3.0,1.0,2.0,3,3,4828860100,1,7.268998178506376,17,10.002010473588344
39,0,Travel_Rarely,Research & Development,2,Life Sciences,Male,3,Research Scientist,Married,2.0,17,1,10.0,2,7,7,7,2.0,1.0,3.0,3,3,11255088100,36,6.571264749262537,35,9.993747541789576
27,0,Travel_Rarely,Research & Development,1,Life Sciences,Male,4,Research Scientist,Divorced,1.0,13,0,7.0,4,7,0,7,4.0,1.0,3.0,3,3,1977580900,4,6.109443247126437,29,10.033249521072799
35,0,Travel_Rarely,Research & Development,3,Medical,Female,2,Sales Executive,Married,1.0,25,0,16.0,1,16,1,10,2.0,1.0,3.0,2,4,465264900,4,7.590426328502415,31,10.003386473429952
28,0,Travel_Rarely,Research & Development,3,Life Sciences,Male,3,Manufacturing Director,Divorced,0.0,15,2,6.0,2,5,0,0,2.0,1.0,2.0,3,3,2116920100,529,7.4313206214689265,25,9.99702095103578
21,0,Travel_Rarely,Research & Development,1,Life Sciences,Female,1,Laboratory Technician,Single,1.0,14,1,3.0,2,2,2,2,3.0,4.0,3.0,3,3,29237580100,9,7.932450023245003,22,9.992209437470944
47,0,Travel_Rarely,Research & Development,4,Medical,Male,2,Research Scientist,Married,3.0,19,3,27.0,3,5,1,0,4.0,3.0,3.0,2,3,22058190400,625,6.011422413793104,29,9.991059626436781
40,0,Travel_Rarely,Research & Development,1,Life Sciences,Male,1,Laboratory Technician,Married,1.0,14,1,18.0,2,18,14,12,1.0,3.0,3.0,3,3,3210355600,484,7.528335717691941,28,10.024117787315213
35,0,Non-Travel,Research & Development,3,Medical,Female,2,Sales Executive,Married,1.0,13,1,15.0,3,14,2,9,3.0,3.0,3.0,3,3,6119932900,841,6.192031400966183,31,10.022259661835749
37,0,Travel_Rarely,Research & Development,4,Technical Degree,Male,1,Laboratory Technician,Married,3.0,12,1,9.0,2,4,0,2,3.0,3.0,2.0,4,3,6209440000,841,8.02385815118397,17,9.998594034608379
39,0,Travel_Frequently,Research & Development,3,Technical Degree,Female,2,Manager,Single,0.0,11,0,10.0,2,9,3,8,1.0,3.0,1.0,3,3,17408163600,4,6.660232860520095,26,9.97224586288416
45,0,Travel_Rarely,Research & Development,3,Life Sciences,Female,2,Laboratory Technician,Divorced,1.0,11,2,10.0,3,10,3,9,4.0,4.0,3.0,2,3,2567448900,784,7.3266199908925325,17,10.036918260473588
38,0,Travel_Rarely,Research & Development,4,Life Sciences,Female,3,Sales Executive,Married,3.0,11,0,10.0,3,5,0,2,4.0,3.0,4.0,3,3,2579624100,4,9.60052240512117,18,9.994396433470508
35,1,Travel_Rarely,Research & Development,3,Life Sciences,Male,3,Healthcare Representative,Married,9.0,12,1,15.0,0,13,6,0,4.0,1.0,3.0,3,3,538704100,4,5.999986942070275,27,9.975898622981955
37,0,Travel_Rarely,Research & Development,3,Life Sciences,Female,2,Healthcare Representative,Married,1.0,14,0,8.0,4,8,7,7,2.0,2.0,1.0,3,3,30429313600,484,7.9860350241545905,31,10.030421497584541
40,0,Travel_Rarely,Research & Development,3,Technical Degree,Female,2,Healthcare Representative,Single,6.0,17,0,18.0,2,4,3,3,3.0,4.0,2.0,2,3,577921600,64,9.199227316836488,32,10.008374575448812
44,0,Travel_Frequently,Sales,2,Marketing,Male,1,Laboratory Technician,Married,4.0,11,1,14.0,2,10,0,2,1.0,4.0,3.0,2,3,1191630400,4,8.615238961669094,32,9.984041727316837
48,0,Travel_Frequently,Sales,4,Marketing,Female,3,Manager,Married,2.0,14,3,23.0,2,2,2,2,3.0,4.0,3.0,3,3,515290000,100,7.076158564814815,21,10.011797453703704
24,0,Travel_Frequently,Research & Development,3,Life Sciences,Male,2,Research Scientist,Single,1.0,22,1,6.0,6,6,1,3,1.0,4.0,3.0,3,4,3011814400,225,8.667874196510562,19,10.007666437098255
27,0,Travel_Rarely,Sales,4,Life Sciences,Male,3,Sales Executive,Married,7.0,14,1,5.0,2,3,0,2,2.0,3.0,3.0,1,3,37709756100,100,7.234342706904435,18,10.01230909922268
27,0,Travel_Frequently,Research & Development,3,Life Sciences,Male,1,Research Scientist,Single,2.0,20,0,6.0,3,4,1,2,4.0,4.0,2.0,3,4,790172100,49,6.4214987922705316,31,10.008369565217391
40,1,Travel_Rarely,Sales,4,Marketing,Male,1,Research Director,Single,3.0,16,2,10.0,0,4,0,3,1.0,1.0,1.0,3,3,1319868900,256,10.471295918367348,16,9.99980612244898
29,0,Travel_Rarely,Research & Development,1,Medical,Female,2,Manager,Single,9.0,15,1,8.0,4,5,1,4,3.0,3.0,3.0,2,3,1733056900,400,7.3178529143898,17,10.010739981785063
36,0,Travel_Rarely,Research & Development,3,Life Sciences,Female,3,Sales Executive,Married,4.0,20,0,9.0,1,3,0,2,2.0,1.0,3.0,2,4,454542400,529,7.927488568815729,18,10.007604023776864
25,0,Travel_Frequently,Sales,1,Marketing,Male,4,Manufacturing Director,Divorced,1.0,14,0,7.0,3,7,0,7,4.0,3.0,3.0,2,3,19524472900,25,6.126019736842106,33,9.984864766081872
39,0,Travel_Rarely,Sales,3,Marketing,Female,2,Research Director,Married,4.0,12,0,7.0,2,5,1,0,4.0,2.0,3.0,3,3,720385600,100,6.755457302280447,32,9.977417515769044
49,0,Travel_Rarely,Sales,2,Life Sciences,Male,2,Research Director,Married,3.0,24,0,27.0,4,4,1,2,1.0,2.0,3.0,2,4,11761402500,16,7.779442028985508,31,9.99384661835749
50,0,Travel_Rarely,Research & Development,2,Medical,Male,3,Sales Executive,Divorced,5.0,12,1,19.0,2,14,1,11,4.0,1.0,3.0,2,3,1915812900,4,7.804605200945627,26,9.996645390070922
20,0,Travel_Rarely,Research & Development,4,Medical,Female,2,Sales Executive,Single,1.0,13,1,2.0,2,2,2,2,3.0,3.0,3.0,3,3,1401004900,324,6.620019323671498,31,9.954159420289855
34,0,Travel_Rarely,Research & Development,3,Medical,Male,3,Laboratory Technician,Divorced,1.0,11,0,11.0,3,11,7,9,4.0,2.0,3.0,3,3,1720590400,100,7.673401600753296,25,9.997597693032015
36,0,Travel_Rarely,Research & Development,3,Life Sciences,Female,2,Healthcare Representative,Single,2.0,14,0,15.0,2,4,1,3,1.0,2.0,3.0,3,3,110460100,1,5.97903727445394,27,9.978169515669515
49,0,Travel_Rarely,Human Resources,2,Life Sciences,Female,2,Research Scientist,Married,2.0,11,3,30.0,3,15,2,12,3.0,3.0,3.0,3,3,11532612100,36,8.466084379358438,22,9.957570897257089
36,0,Travel_Rarely,Research & Development,2,Medical,Female,2,Healthcare Representative,Divorced,6.0,16,0,13.0,2,5,0,4,4.0,1.0,3.0,3,3,13032505600,4,6.281566713156671,22,9.997687122268712
54,0,Travel_Rarely,Sales,3,Marketing,Male,1,Laboratory Technician,Married,3.0,14,0,36.0,5,10,4,7,2.0,3.0,3.0,3,3,676000000,576,7.595829694323144,32,10.000815138282388
43,0,Travel_Rarely,Research & Development,4,Life Sciences,Female,1,Research Scientist,Married,1.0,11,1,14.0,2,14,6,11,3.0,3.0,3.0,3,3,586608400,4,7.581850262279447,28,9.993304721030043
35,1,Travel_Frequently,Research & Development,4,Medical,Male,1,Research Director,Single,3.0,11,1,13.0,3,11,6,7,4.0,4.0,4.0,2,3,2994278400,289,8.39245527306968,25,9.993102636534841
38,0,Travel_Frequently,Research & Development,2,Life Sciences,Male,2,Research Scientist,Married,7.0,12,1,19.0,3,13,2,9,4.0,4.0,4.0,3,3,600740100,361,7.190964791952446,18,10.004627343392775
29,0,Travel_Rarely,Research & Development,2,Medical,Male,2,Sales Representative,Divorced,1.0,14,0,10.0,2,10,0,9,1.0,2.0,2.0,2,3,1797760000,1,10.692972910927457,19,9.987022497704316
33,0,Travel_Rarely,Research & Development,3,Medical,Male,5,Sales Executive,Divorced,1.0,18,3,6.0,3,6,0,4,4.0,4.0,3.0,2,3,12097800100,49,6.363958333333334,33,10.00447246588694
32,0,Travel_Rarely,Research & Development,4,Technical Degree,Male,5,Research Scientist,Divorced,0.0,13,0,10.0,5,9,1,6,4.0,2.0,2.0,3,3,2503000900,25,6.588329889807162,19,9.99598025711662
31,0,Travel_Rarely,Research & Development,4,Technical Degree,Female,2,Sales Executive,Married,1.0,11,0,10.0,4,10,0,2,1.0,4.0,3.0,2,3,16235856400,784,7.418722451790634,19,10.023362029384757
49,0,Travel_Rarely,Research & Development,4,Medical,Male,1,Laboratory Technician,Divorced,4.0,18,0,17.0,3,2,2,2,4.0,1.0,2.0,2,3,1786752900,4,9.698152664859983,15,9.990432475158084
38,0,Travel_Frequently,Sales,2,Medical,Female,1,Sales Executive,Single,1.0,15,3,4.0,2,4,3,3,4.0,2.0,3.0,3,3,1534288900,841,7.83037706855792,26,9.987578014184397
47,0,Travel_Rarely,Research & Development,4,Medical,Male,3,Laboratory Technician,Divorced,6.0,22,1,29.0,2,3,1,2,2.0,2.0,3.0,2,4,33499980900,1,6.737826867816091,29,10.025750718390805
49,0,Travel_Rarely,Research & Development,3,Medical,Male,2,Manufacturing Director,Single,4.0,13,0,23.0,3,8,0,0,3.0,3.0,3.0,1,3,566440000,441,6.414545873674505,20,10.00353388658368
41,0,Travel_Rarely,Research & Development,4,Life Sciences,Female,4,Manager,Single,3.0,12,0,21.0,6,2,0,2,4.0,3.0,3.0,4,3,18840307600,576,10.988097643097642,30,10.002647907647907
20,0,Travel_Rarely,Research & Development,3,Life Sciences,Male,1,Sales Representative,Single,1.0,18,1,2.0,3,2,0,2,4.0,1.0,3.0,3,3,2281972900,1,7.6711191129401,18,10.007802926383174
33,0,Non-Travel,Research & Development,2,Medical,Female,2,Healthcare Representative,Divorced,1.0,13,0,7.0,6,6,1,2,3.0,4.0,3.0,2,3,4076822500,324,9.468951760402376,18,10.018675125743028
36,0,Travel_Rarely,Research & Development,2,Technical Degree,Male,3,Sales Executive,Married,6.0,12,0,10.0,2,3,0,2,1.0,3.0,2.0,3,3,39892072900,4,5.988968089990817,19,9.99521349862259
44,0,Travel_Rarely,Research & Development,3,Technical Degree,Female,3,Healthcare Representative,Divorced,4.0,12,0,8.0,2,2,2,2,3.0,4.0,3.0,2,3,4707332100,81,8.491249418874943,22,9.987748721524872
23,1,Travel_Rarely,Human Resources,3,Life Sciences,Female,3,Laboratory Technician,Single,1.0,12,0,5.0,3,5,1,2,4.0,3.0,3.0,3,3,2469096100,36,8.12734473556526,32,10.010329936923823
38,0,Travel_Rarely,Research & Development,2,Life Sciences,Male,1,Sales Executive,Married,7.0,11,1,7.0,3,0,0,0,4.0,3.0,2.0,3,3,39382402500,121,7.387090220385675,19,9.979308999081725
53,0,Travel_Rarely,Research & Development,3,Life Sciences,Male,4,Research Director,Married,3.0,11,0,11.0,2,4,1,2,2.0,4.0,3.0,3,3,17742240000,576,8.002307692307694,27,9.99985754985755
48,1,Travel_Frequently,Sales,2,Marketing,Male,1,Healthcare Representative,Married,2.0,12,1,19.0,3,9,7,7,4.0,3.0,3.0,1,3,4028440900,100,9.926055786076533,20,10.029648455509452
32,1,Travel_Rarely,Sales,3,Life Sciences,Male,2,Research Scientist,Single,1.0,19,1,1.0,2,1,0,0,4.0,2.0,3.0,3,3,752404900,1,7.4886062590975255,32,9.98742236778263
26,0,Non-Travel,Research & Development,2,Medical,Male,1,Human Resources,Single,1.0,23,1,7.0,5,7,5,7,4.0,4.0,3.0,3,4,11837440000,324,7.173929738562091,23,10.006721521942112
55,0,Travel_Rarely,Research & Development,1,Life Sciences,Male,5,Laboratory Technician,Divorced,5.0,11,2,8.0,2,4,1,2,1.0,2.0,3.0,3,3,548496400,529,7.686730955846676,32,10.028420669577875
34,0,Travel_Rarely,Sales,3,Life Sciences,Female,2,Research Scientist,Married,1.0,19,1,15.0,6,15,4,13,2.0,4.0,4.0,1,3,31152250000,784,7.9967980009298,22,10.00606810785681
60,0,Travel_Rarely,Sales,4,Medical,Male,1,Manager,Divorced,3.0,13,1,19.0,5,1,0,0,3.0,4.0,4.0,2,3,1620062500,289,6.19178280651341,29,10.04135296934866
33,0,Travel_Rarely,Sales,3,Life Sciences,Male,3,Manager,Married,1.0,11,0,14.0,0,14,2,13,2.0,2.0,3.0,3,3,9457562500,9,7.780635573845451,18,9.996492912665753
37,0,Travel_Frequently,Research & Development,3,Life Sciences,Male,1,Laboratory Technician,Divorced,1.0,12,1,6.0,4,6,1,3,3.0,4.0,2.0,3,3,14170521600,169,6.484710351377018,27,9.984252136752138
34,0,Travel_Rarely,Research & Development,2,Life Sciences,Male,1,Healthcare Representative,Married,1.0,13,0,10.0,5,10,8,7,2.0,4.0,3.0,3,3,473932900,49,7.116946721311476,17,10.0029633424408
23,1,Travel_Rarely,Research & Development,2,Medical,Male,2,Research Scientist,Divorced,1.0,14,2,3.0,2,3,0,2,3.0,4.0,3.0,3,3,5662562500,144,9.21426044634378,27,9.978325023741691
44,0,Travel_Rarely,Human Resources,3,Life Sciences,Male,1,Research Scientist,Married,1.0,14,0,9.0,1,8,6,7,3.0,4.0,3.0,4,3,2336755600,1,8.474362947658403,19,9.99841712580349
35,0,Travel_Frequently,Research & Development,3,Life Sciences,Male,3,Sales Executive,Single,0.0,16,0,6.0,2,5,1,4,1.0,4.0,4.0,3,3,416976400,169,8.168764124293785,25,9.975886299435027
43,0,Travel_Rarely,Research & Development,4,Life Sciences,Male,2,Sales Executive,Married,1.0,11,0,10.0,2,10,8,8,4.0,4.0,3.0,1,3,492840000,625,8.106120857699805,33,9.97557992202729
24,0,Travel_Rarely,Research & Development,3,Life Sciences,Male,3,Sales Executive,Married,1.0,13,0,5.0,3,5,0,4,3.0,3.0,3.0,3,3,110670400,36,6.7184988179669025,26,10.001420803782507
41,0,Travel_Rarely,Sales,4,Marketing,Male,1,Research Scientist,Single,1.0,17,0,10.0,3,10,8,7,4.0,3.0,3.0,3,3,795804100,36,6.9887229437229434,30,10.000677008177009
29,0,Travel_Rarely,Research & Development,2,Life Sciences,Male,2,Research Scientist,Married,9.0,11,1,9.0,2,5,1,2,4.0,3.0,3.0,3,3,37006216900,4,7.8749432367149765,31,10.001364734299518
36,0,Travel_Rarely,Human Resources,4,Life Sciences,Female,3,Research Scientist,Single,3.0,11,1,17.0,2,13,6,7,3.0,4.0,2.0,1,3,1686744900,1,6.298267085076708,22,10.014143421664341
45,0,Non-Travel,Sales,3,Life Sciences,Female,2,Manufacturing Director,Married,3.0,15,2,25.0,3,23,14,4,3.0,3.0,2.0,2,3,7049281600,4,6.324778481012658,24,9.98332044069386
24,1,Travel_Rarely,Sales,2,Medical,Female,2,Manager,Married,1.0,12,0,1.0,2,1,0,0,4.0,3.0,3.0,2,3,402804900,36,6.430741134751773,26,10.010106382978725
47,1,Travel_Frequently,Research & Development,3,Medical,Female,2,Sales Executive,Married,7.0,11,2,25.0,1,23,14,10,3.0,3.0,1.0,3,3,38521912900,1,6.796874090247453,32,9.984072052401746
26,0,Travel_Rarely,Research & Development,1,Medical,Male,1,Sales Executive,Married,1.0,14,1,3.0,2,3,0,2,4.0,3.0,4.0,3,3,11419059600,81,7.681713534522176,18,9.988876314586191
45,0,Travel_Rarely,Research & Development,4,Life Sciences,Male,1,Research Director,Single,1.0,22,1,21.0,4,21,8,6,4.0,2.0,3.0,3,4,865536400,1,6.625135233918129,33,9.999661306042887
32,0,Travel_Frequently,Sales,1,Marketing,Male,2,Laboratory Technician,Married,6.0,16,1,10.0,2,5,1,3,1.0,3.0,2.0,3,3,7846416400,1,6.893607565011821,26,10.024049645390072
31,0,Travel_Rarely,Research & Development,2,Life Sciences,Male,1,Sales Executive,Married,1.0,11,2,6.0,5,5,0,3,2.0,3.0,4.0,3,3,28076353600,196,7.198543735224586,26,9.998544917257684
41,0,Non-Travel,Sales,2,Medical,Male,2,Research Scientist,Married,6.0,14,2,10.0,5,3,1,2,3.0,2.0,3.0,1,3,11659680400,4,7.69978044638525,32,9.995031538088307
40,0,Travel_Rarely,Research & Development,2,Technical Degree,Male,1,Healthcare Representative,Married,2.0,16,1,18.0,2,1,0,0,2.0,1.0,3.0,3,3,539632900,484,9.824216149347729,14,9.996749887539362
24,0,Travel_Rarely,Research & Development,3,Life Sciences,Female,1,Research Scientist,Divorced,1.0,15,1,6.0,3,6,1,2,2.0,1.0,4.0,2,3,200505600,9,6.013961202938475,19,10.011279843893481
46,0,Travel_Rarely,Research & Development,3,Medical,Male,4,Sales Executive,Single,6.0,12,0,19.0,3,10,0,9,3.0,2.0,3.0,2,3,2129822500,36,7.563393458393458,30,10.010865800865801
35,0,Travel_Rarely,Sales,4,Life Sciences,Male,1,Laboratory Technician,Married,2.0,20,1,17.0,4,7,0,7,4.0,3.0,3.0,3,4,605652100,64,7.413913043478261,31,9.994175120772947
30,0,Travel_Rarely,Sales,4,Marketing,Male,1,Laboratory Technician,Married,1.0,17,1,10.0,3,10,0,8,2.0,4.0,2.0,3,3,7607328400,81,7.298294175232501,34,9.996650758688203
47,0,Non-Travel,Research & Development,2,Life Sciences,Female,2,Sales Executive,Married,7.0,12,1,4.0,5,1,0,0,3.0,2.0,1.0,3,3,1564202500,9,7.683868086147822,34,10.010745227606462
46,0,Travel_Rarely,Research & Development,4,Technical Degree,Female,3,Sales Executive,Divorced,4.0,20,0,13.0,1,10,0,3,3.0,4.0,2.0,3,4,9914184900,1,9.79296449976948,20,10.013318349469802
36,1,Travel_Rarely,Research & Development,3,Medical,Male,2,Manufacturing Director,Divorced,5.0,20,0,16.0,3,2,2,2,2.0,1.0,3.0,3,4,1139737600,1,10.406761133603238,14,10.000781601439497
32,1,Travel_Rarely,Research & Development,3,Medical,Female,2,Research Director,Single,6.0,13,2,10.0,3,0,0,0,1.0,2.0,3.0,3,3,7784532900,676,7.000198087431694,17,10.00689776867031
23,0,Travel_Rarely,Sales,4,Life Sciences,Male,3,Manufacturing Director,Single,1.0,14,2,3.0,2,3,1,2,3.0,2.0,1.0,3,3,10654368400,36,6.011363425925926,21,10.003283564814815
31,0,Travel_Frequently,Sales,3,Marketing,Male,2,Sales Executive,Single,2.0,18,1,9.0,3,5,1,4,4.0,4.0,2.0,3,3,2135364100,9,6.504944903581268,19,9.989033516988062
39,0,Non-Travel,Research & Development,3,Life Sciences,Female,2,Manufacturing Director,Married,1.0,11,0,9.0,3,9,5,8,4.0,4.0,3.0,2,3,12047257600,9,10.174394353369763,17,10.006163479052823
32,0,Travel_Rarely,Research & Development,3,Technical Degree,Male,1,Research Scientist,Married,3.0,11,2,10.0,0,4,0,2,4.0,3.0,1.0,2,3,1339560000,36,7.647353556485355,22,10.013413528591352
40,0,Travel_Rarely,Sales,3,Life Sciences,Male,3,Manufacturing Director,Single,1.0,11,1,21.0,6,21,12,8,2.0,2.0,2.0,2,3,10987232400,36,7.936594516594517,30,10.050881433381432
45,0,Travel_Rarely,Research & Development,4,Medical,Male,1,Sales Representative,Married,4.0,15,0,9.0,2,5,0,3,3.0,3.0,4.0,3,3,5068016100,361,7.796080498866213,16,9.967527210884354
30,0,Travel_Frequently,Sales,3,Life Sciences,Male,1,Research Director,Single,0.0,12,1,10.0,2,9,0,7,4.0,1.0,3.0,3,3,9181472400,81,6.204518762183236,33,10.003302875243664
24,0,Travel_Frequently,Sales,4,Marketing,Male,1,Sales Executive,Married,0.0,11,1,3.0,5,2,2,1,1.0,4.0,3.0,3,3,2032206400,9,5.991230822873082,22,10.031651557415156
30,1,Travel_Frequently,Research & Development,3,Life Sciences,Female,1,Human Resources,Divorced,6.0,14,0,6.0,4,4,1,2,3.0,4.0,2.0,3,3,487084900,100,6.712487425697302,18,9.995401234567902
31,0,Travel_Rarely,Research & Development,2,Life Sciences,Male,3,Laboratory Technician,Married,1.0,15,2,6.0,3,5,0,2,1.0,3.0,3.0,4,3,6015553600,9,7.615965986394558,16,10.011733560090702
27,0,Travel_Rarely,Sales,3,Life Sciences,Male,1,Manager,Single,1.0,13,1,6.0,2,6,1,4,3.0,4.0,2.0,2,3,4480963600,9,6.324247828074989,18,9.994982853223593
29,1,Travel_Rarely,Sales,3,Marketing,Male,5,Research Scientist,Single,1.0,13,0,2.0,3,2,2,2,2.0,2.0,3.0,3,3,1362348100,16,6.80957787481805,32,10.004266132945173
29,0,Travel_Frequently,Research & Development,4,Life Sciences,Female,1,Sales Executive,Single,8.0,21,1,10.0,2,3,0,2,4.0,3.0,4.0,3,4,565012900,64,8.806621338912135,22,10.006272663877265
30,0,Travel_Rarely,Sales,3,Life Sciences,Male,3,Sales Executive,Divorced,2.0,11,0,12.0,5,7,1,7,3.0,1.0,3.0,3,3,534996900,49,7.966133879781421,17,9.988458561020035
34,0,Travel_Rarely,Research & Development,2,Medical,Female,2,Healthcare Representative,Married,0.0,11,0,6.0,5,5,1,2,4.0,4.0,3.0,2,3,31205222500,1,9.900068860877685,23,9.9572035480859
33,0,Non-Travel,Research & Development,4,Medical,Male,1,Sales Representative,Single,8.0,14,1,13.0,4,11,1,7,4.0,2.0,2.0,3,3,673921600,4,7.385372315592904,23,10.011195144724557
49,0,Travel_Rarely,Sales,4,Marketing,Male,1,Sales Executive,Single,3.0,11,1,8.0,4,5,0,4,4.0,4.0,4.0,3,3,2235398400,9,7.704099815583218,20,9.971529506685108
33,1,Travel_Rarely,Research & Development,3,Life Sciences,Male,1,Sales Executive,Single,2.0,13,0,11.0,3,0,0,0,1.0,1.0,2.0,1,3,1850720400,100,8.287419501133787,16,10.030210884353743
38,0,Travel_Frequently,Research & Development,3,Medical,Male,1,Healthcare Representative,Married,4.0,12,1,9.0,3,6,0,5,3.0,2.0,2.0,3,3,887444100,784,7.855806878306878,30,10.001806156806156
31,1,Travel_Rarely,Human Resources,4,Human Resources,Male,2,Laboratory Technician,Married,2.0,14,2,10.0,2,1,0,0,1.0,3.0,3.0,3,3,28510322500,81,6.192894226103833,32,10.004475982532751
29,0,Travel_Rarely,Research & Development,4,Other,Female,2,Sales Representative,Divorced,1.0,13,1,1.0,3,1,0,0,4.0,1.0,3.0,3,3,3128164900,9,6.334084406294707,28,10.01492131616595
30,0,Travel_Rarely,Research & Development,1,Medical,Male,1,Sales Representative,Married,3.0,18,1,10.0,3,7,1,7,3.0,3.0,3.0,3,3,10909802500,4,6.778561946902655,35,9.957978121927237
32,0,Non-Travel,Research & Development,4,Life Sciences,Female,1,Laboratory Technician,Single,2.0,11,1,12.0,2,7,0,7,2.0,2.0,3.0,3,3,7638760000,100,5.983953544061302,29,10.02768438697318
38,0,Travel_Rarely,Research & Development,2,Technical Degree,Female,1,Manufacturing Director,Married,3.0,11,0,15.0,2,1,1,0,2.0,4.0,3.0,2,3,632019600,64,9.004004922644164,24,10.03744256915143
43,1,Travel_Frequently,Research & Development,4,Other,Male,3,Sales Executive,Married,9.0,12,1,6.0,3,1,0,0,3.0,3.0,3.0,3,3,5859902500,1,8.375763888888889,29,9.989430076628354
42,0,Travel_Rarely,Human Resources,3,Other,Female,1,Healthcare Representative,Divorced,8.0,13,1,7.0,3,5,0,4,2.0,2.0,2.0,3,3,30502622500,1,6.706082498807821,28,10.021155221745351
33,0,Non-Travel,Research & Development,3,Other,Male,1,Research Scientist,Divorced,5.0,12,0,11.0,2,9,1,7,4.0,2.0,2.0,3,3,11707240000,196,6.700411479944675,20,10.006301290917474
34,0,Non-Travel,Research & Development,4,Medical,Female,1,Research Scientist,Divorced,1.0,21,0,15.0,5,15,0,7,4.0,3.0,3.0,2,4,38517987600,49,8.18945486111111,21,9.991128472222222
53,0,Non-Travel,Research & Development,4,Medical,Male,2,Healthcare Representative,Married,4.0,13,2,27.0,2,3,0,2,1.0,3.0,2.0,4,3,428490000,100,8.101309354226021,27,10.016353276353277
43,0,Travel_Rarely,Sales,2,Marketing,Female,1,Laboratory Technician,Single,0.0,16,1,10.0,2,9,1,8,2.0,4.0,3.0,3,3,4599552400,256,6.09770474137931,29,9.990320881226053
34,0,Travel_Rarely,Sales,2,Life Sciences,Female,5,Sales Executive,Single,5.0,12,1,6.0,2,2,2,2,4.0,4.0,3.0,3,3,6051284100,100,7.7039595516569195,33,9.979890350877193
21,1,Travel_Rarely,Sales,2,Marketing,Male,5,Healthcare Representative,Single,1.0,14,0,1.0,3,1,1,0,2.0,2.0,3.0,4,3,778968100,1,7.524425369575583,28,9.99832618025751
38,0,Travel_Rarely,Research & Development,2,Life Sciences,Female,2,Sales Executive,Married,1.0,11,1,5.0,3,5,0,4,4.0,3.0,3.0,2,3,1024640100,64,6.388770180436847,27,10.007795584045583
22,1,Travel_Rarely,Research & Development,3,Other,Male,4,Research Scientist,Married,1.0,14,0,1.0,3,1,0,0,3.0,1.0,3.0,3,3,2468102400,1,8.890420081967214,17,9.999817850637523
31,0,Travel_Rarely,Research & Development,5,Life Sciences,Male,5,Sales Executive,Married,1.0,12,2,13.0,6,12,5,7,1.0,4.0,3.0,2,3,17213440000,64,7.280066193853428,26,10.009559101654846
51,0,Travel_Rarely,Research & Development,4,Life Sciences,Female,1,Manager,Married,2.0,14,0,15.0,2,2,2,2,1.0,3.0,3.0,3,3,1626508900,1,6.703338102050548,28,10.011709585121602
37,0,Travel_Rarely,Research & Development,1,Life Sciences,Male,2,Sales Executive,Married,1.0,16,3,5.0,2,5,0,3,2.0,2.0,3.0,2,3,1083068100,576,8.021012583095917,27,9.954071699905032
46,0,Travel_Rarely,Sales,4,Marketing,Female,1,Sales Representative,Divorced,7.0,13,0,24.0,3,2,2,2,3.0,4.0,3.0,4,3,1824998400,9,9.994054373522458,26,10.02558865248227
36,0,Travel_Rarely,Research & Development,3,Technical Degree,Female,4,Research Scientist,Married,7.0,12,0,15.0,2,12,5,7,4.0,1.0,3.0,2,3,2556313600,729,9.504157210401893,26,9.992216312056737
44,1,Travel_Frequently,Sales,4,Life Sciences,Male,1,Research Scientist,Divorced,1.0,12,0,6.0,2,5,2,3,3.0,2.0,2.0,4,3,808833600,100,9.287852011494254,29,10.030268199233715
37,0,Travel_Rarely,Research & Development,2,Technical Degree,Male,2,Sales Executive,Divorced,2.0,14,0,19.0,2,10,4,7,3.0,2.0,2.0,3,3,730620900,361,6.133804044630405,22,9.973487912598792
35,1,Travel_Rarely,Research & Development,4,Life Sciences,Male,2,Research Scientist,Single,1.0,22,1,10.0,4,10,7,7,3.0,4.0,3.0,3,4,362521600,225,8.58257491931766,20,10.000440295066852
33,0,Travel_Rarely,Research & Development,5,Medical,Male,2,Laboratory Technician,Married,6.0,19,0,14.0,3,10,7,6,4.0,1.0,3.0,3,3,6763417600,64,7.992180316091955,29,10.002954980842913
28,0,Travel_Rarely,Sales,3,Medical,Female,2,Sales Executive,Married,1.0,12,0,5.0,3,5,0,3,3.0,4.0,4.0,3,3,2271475600,81,7.389827423167849,26,10.004295508274232
39,0,Travel_Rarely,Sales,4,Marketing,Female,2,Laboratory Technician,Single,7.0,12,0,9.0,2,4,2,2,3.0,3.0,3.0,2,3,681210000,9,6.908993800667621,28,9.988112780162137
46,0,Non-Travel,Research & Development,2,Life Sciences,Male,2,Manufacturing Director,Single,8.0,17,0,6.0,2,2,2,2,2.0,2.0,3.0,3,3,3284436100,81,6.691906090190609,22,9.99665271966527
40,0,Travel_Rarely,Research & Development,2,Medical,Male,1,Research Director,Married,4.0,12,1,7.0,3,4,0,2,3.0,1.0,2.0,3,3,644652100,4,6.555122819100092,19,9.99308310376492
42,0,Travel_Rarely,Research & Development,4,Other,Female,2,Laboratory Technician,Married,5.0,11,0,10.0,2,0,0,0,2.0,1.0,2.0,3,3,3264979600,49,6.6004096638655465,23,10.028714985994396
35,0,Non-Travel,Sales,1,Life Sciences,Female,2,Research Director,Divorced,2.0,18,3,15.0,3,7,1,7,2.0,4.0,3.0,3,3,1868832900,100,6.702782350251486,18,9.999951989026064
38,0,Non-Travel,Sales,4,Marketing,Male,3,Sales Executive,Divorced,5.0,11,0,13.0,3,11,3,8,1.0,2.0,3.0,3,3,5381689600,36,7.757895439107229,32,9.986580543425521
34,1,Travel_Frequently,Research & Development,1,Life Sciences,Male,1,Manufacturing Director,Married,4.0,23,2,11.0,2,7,0,7,4.0,1.0,2.0,4,4,18222300100,4,7.888297258297259,30,10.000743145743145
37,1,Travel_Rarely,Research & Development,3,Life Sciences,Male,1,Laboratory Technician,Single,1.0,11,1,10.0,5,10,0,8,4.0,1.0,1.0,3,3,18928256400,576,6.19627662037037,21,9.98397337962963
39,0,Travel_Frequently,Research & Development,1,Medical,Male,2,Healthcare Representative,Divorced,2.0,18,1,7.0,3,2,2,2,3.0,4.0,3.0,2,3,2657402500,4,6.196037758537758,30,10.02551948051948
43,0,Non-Travel,Human Resources,5,Medical,Female,3,Sales Executive,Single,4.0,18,0,7.0,2,3,1,2,1.0,3.0,2.0,3,3,509856400,64,7.399991582491583,30,10.010750360750361
41,0,Travel_Rarely,Research & Development,3,Life Sciences,Male,3,Research Scientist,Single,3.0,13,1,11.0,2,3,1,2,2.0,2.0,1.0,1,3,1293840900,9,7.812406189083821,33,9.964489522417153
41,0,Travel_Rarely,Research & Development,1,Technical Degree,Male,3,Laboratory Technician,Divorced,0.0,18,0,23.0,2,22,13,5,3.0,3.0,4.0,2,3,632522500,1,10.281769675925926,21,9.999158564814815
30,0,Travel_Rarely,Sales,3,Marketing,Female,2,Manager,Single,9.0,11,0,9.0,3,7,0,2,1.0,3.0,3.0,3,3,1953640000,676,7.114706790123456,27,9.986545584045583
26,1,Travel_Rarely,Human Resources,1,Technical Degree,Female,3,Sales Executive,Married,0.0,15,2,6.0,3,5,1,4,4.0,2.0,3.0,2,3,4327008400,4,8.71812324929972,23,10.010693277310926
46,1,Travel_Rarely,Research & Development,3,Medical,Male,1,Sales Executive,Married,4.0,11,1,13.0,2,9,3,7,4.0,2.0,4.0,3,3,1955408400,100,8.02510047281324,26,10.008002364066195
40,0,Travel_Rarely,Sales,2,Medical,Female,3,Sales Executive,Divorced,4.0,18,0,12.0,3,5,0,3,3.0,4.0,3.0,3,3,10555507600,729,6.611040528233151,17,9.982740209471766
34,0,Travel_Rarely,Research & Development,3,Life Sciences,Male,2,Laboratory Technician,Married,1.0,14,0,10.0,5,10,4,8,2.0,3.0,3.0,2,3,2854764900,4,7.37671412037037,21,9.984032407407408
58,0,Non-Travel,Research & Development,4,Medical,Male,1,Laboratory Technician,Divorced,4.0,12,1,37.0,3,16,14,14,2.0,2.0,2.0,3,3,564537600,4,6.598882058287796,17,9.966132741347906
35,0,Travel_Rarely,Research & Development,1,Technical Degree,Female,3,Manufacturing Director,Married,0.0,14,0,6.0,3,5,0,3,2.0,3.0,4.0,2,3,2857971600,64,7.410872849837285,22,10.016104137610414
47,0,Travel_Rarely,Research & Development,5,Medical,Female,2,Research Scientist,Divorced,8.0,14,1,28.0,3,22,14,10,3.0,2.0,3.0,3,3,799192900,361,10.678910165484634,26,9.991919621749409
40,0,Travel_Rarely,Research & Development,4,Life Sciences,Male,2,Manager,Divorced,2.0,13,1,15.0,3,7,7,7,2.0,1.0,3.0,3,3,39772324900,1,7.227091714559387,29,9.973820641762451
54,0,Travel_Rarely,Sales,4,Medical,Male,1,Research Scientist,Married,4.0,14,0,14.0,3,7,1,7,4.0,4.0,2.0,2,3,980316100,729,7.074631268436578,35,10.00565511307768
31,0,Travel_Frequently,Sales,4,Other,Female,3,Manufacturing Director,Married,2.0,18,0,9.0,2,3,2,2,1.0,1.0,3.0,3,3,651270400,64,7.494165453663269,32,9.96097282872392
28,0,Travel_Rarely,Sales,2,Life Sciences,Male,3,Manager,Married,1.0,15,0,3.0,6,3,1,2,3.0,1.0,3.0,3,3,2004352900,1,7.611939871970736,18,9.996775262917238
38,0,Travel_Rarely,Research & Development,3,Medical,Female,2,Manufacturing Director,Married,2.0,13,2,20.0,3,4,0,3,2.0,4.0,2.0,1,3,4191267600,361,9.500636716963877,18,9.983959762231366
26,0,Travel_Rarely,Sales,3,Marketing,Female,1,Healthcare Representative,Single,1.0,12,0,5.0,2,5,1,2,3.0,4.0,3.0,2,3,919908900,64,6.115757149554618,24,10.009500703234881
58,0,Travel_Frequently,Research & Development,4,Technical Degree,Female,1,Sales Representative,Married,2.0,13,1,23.0,3,2,2,2,1.0,3.0,3.0,3,3,862009600,100,9.615240362811791,16,10.019246031746032
18,0,Non-Travel,Research & Development,3,Life Sciences,Male,3,Sales Representative,Single,1.0,24,2,0.0,4,0,0,0,2.0,3.0,1.0,3,4,34618323600,4,7.631033478893741,32,10.007637069383794
31,1,Travel_Rarely,Research & Development,3,Life Sciences,Male,3,Laboratory Technician,Married,0.0,14,1,2.0,2,1,0,0,4.0,1.0,3.0,3,3,470022400,4,6.141918767507002,23,10.014437441643324
29,1,Travel_Rarely,Research & Development,2,Medical,Male,1,Manager,Divorced,4.0,14,1,4.0,5,2,2,0,1.0,1.0,3.0,2,3,813960900,64,8.672918925022584,15,10.000832204155374
45,0,Non-Travel,Sales,4,Technical Degree,Male,1,Research Scientist,Married,4.0,15,0,10.0,3,8,5,7,3.0,3.0,4.0,2,3,29063430400,1,7.199625122910521,35,10.003039577187808
36,0,Travel_Rarely,Sales,3,Technical Degree,Female,5,Laboratory Technician,Married,4.0,11,0,15.0,5,1,0,0,4.0,2.0,3.0,3,3,524410000,4,10.682005532503457,20,9.98436030428769
43,0,Travel_Frequently,Sales,3,Medical,Male,1,Research Director,Married,1.0,23,0,7.0,2,7,7,7,1.0,4.0,3.0,3,4,1296000000,64,7.031896433470507,18,10.005009144947417
27,0,Travel_Frequently,Sales,4,Life Sciences,Male,5,Research Scientist,Single,0.0,13,0,6.0,2,5,0,2,4.0,4.0,2.0,3,3,443944900,64,10.221362811791384,16,10.00252380952381
29,0,Travel_Frequently,Research & Development,2,Medical,Male,1,Human Resources,Married,1.0,11,0,11.0,1,11,3,10,4.0,4.0,4.0,3,3,1693322500,36,7.692630315500686,18,9.98926268861454
32,0,Travel_Frequently,Sales,4,Life Sciences,Male,4,Sales Executive,Single,8.0,13,0,4.0,4,0,0,0,4.0,4.0,4.0,3,3,1872292900,81,7.596130519165453,32,9.97245633187773
42,0,Non-Travel,Research & Development,3,Medical,Male,1,Manager,Married,3.0,18,0,10.0,2,6,3,3,3.0,3.0,2.0,3,3,31883673600,121,6.496671315667132,22,10.006908414690841
47,0,Travel_Rarely,Sales,2,Life Sciences,Female,5,Manager,Single,4.0,14,1,7.0,3,2,2,0,2.0,3.0,3.0,2,3,1021441600,4,6.1155828584995255,27,10.004434947768281
46,0,Travel_Rarely,Human Resources,3,Life Sciences,Female,1,Laboratory Technician,Divorced,3.0,21,0,12.0,2,9,4,7,4.0,4.0,2.0,3,4,36408456100,1,7.192263244256916,24,9.99821495546179
28,0,Non-Travel,Research & Development,3,Life Sciences,Male,1,Sales Executive,Divorced,1.0,16,1,3.0,3,3,2,2,3.0,4.0,3.0,2,3,8038915600,49,7.716707027540361,27,10.003562440645775
29,0,Travel_Rarely,Research & Development,3,Medical,Female,1,Manufacturing Director,Divorced,8.0,11,1,11.0,4,7,1,6,4.0,3.0,3.0,3,3,488410000,256,8.04127258355917,15,10.018453026196928
42,0,Travel_Rarely,Sales,4,Medical,Female,2,Research Director,Single,4.0,17,1,8.0,5,0,0,0,4.0,3.0,3.0,3,3,2060252100,4,6.596468764902242,28,9.987358130662852
32,1,Travel_Rarely,Research & Development,1,Medical,Male,2,Laboratory Technician,Single,7.0,11,0,7.0,3,2,2,2,3.0,2.0,2.0,3,3,751308100,1,10.426699954086319,19,10.016431359044995
46,0,Travel_Rarely,Research & Development,1,Life Sciences,Male,2,Laboratory Technician,Divorced,2.0,14,0,25.0,0,19,2,8,1.0,1.0,3.0,3,3,1218708100,529,7.880292397660819,33,9.996962719298246
27,0,Travel_Rarely,Sales,3,Life Sciences,Female,5,Research Scientist,Married,1.0,14,2,9.0,4,9,5,8,2.0,3.0,3.0,4,3,2062068100,4,7.124595624385448,35,9.98968657817109
29,0,Travel_Rarely,Research & Development,2,Medical,Male,3,Sales Executive,Married,1.0,25,1,1.0,3,1,0,0,4.0,2.0,3.0,3,4,717168400,1,7.963377871542429,24,10.00331809657759
43,0,Travel_Rarely,Research & Development,3,Life Sciences,Male,1,Manufacturing Director,Married,7.0,13,2,21.0,3,16,6,14,1.0,3.0,3.0,2,3,5444964100,1,6.286693587860988,34,9.999331864904551
48,0,Travel_Rarely,Research & Development,3,Life Sciences,Female,2,Manager,Married,4.0,14,0,29.0,3,22,12,9,4.0,2.0,3.0,2,3,3933798400,4,6.085625909752547,32,10.022734109655508
29,1,Travel_Frequently,Research & Development,2,Life Sciences,Female,1,Laboratory Technician,Single,1.0,17,0,1.0,3,1,1,0,4.0,4.0,2.0,2,3,2724840000,169,8.599234594856867,32,10.004919941775837
46,1,Travel_Rarely,Research & Development,4,Medical,Female,2,Sales Representative,Married,5.0,25,1,14.0,1,8,0,7,3.0,2.0,3.0,4,4,752404900,16,7.8881041666666665,21,9.982685185185185
27,0,Travel_Frequently,Research & Development,4,Medical,Male,3,Healthcare Representative,Married,0.0,20,2,8.0,3,7,7,3,4.0,1.0,2.0,3,4,2498000400,256,7.678046139359699,25,9.99593691148776
39,0,Travel_Rarely,Research & Development,3,Technical Degree,Male,3,Healthcare Representative,Divorced,8.0,13,1,7.0,3,2,2,2,4.0,4.0,3.0,3,3,10510350400,4,6.535387205387205,30,9.996684704184704
55,0,Travel_Rarely,Research & Development,3,Life Sciences,Female,1,Human Resources,Married,8.0,13,1,19.0,2,5,0,4,2.0,4.0,4.0,3,3,773396100,4,6.190505162241887,35,9.98859144542773
28,0,Travel_Rarely,Research & Development,2,Life Sciences,Male,2,Laboratory Technician,Married,1.0,18,1,1.0,2,1,0,0,2.0,2.0,3.0,4,3,4694990400,841,6.993290686952513,20,10.010480636237899
30,1,Travel_Rarely,Sales,4,Life Sciences,Female,2,Sales Executive,Single,1.0,12,2,1.0,3,1,0,0,2.0,4.0,2.0,3,3,2450250000,144,7.683623685413808,18,10.023129858253316
22,1,Travel_Rarely,Research & Development,2,Life Sciences,Female,2,Laboratory Technician,Single,1.0,19,3,1.0,3,1,0,0,4.0,2.0,3.0,3,3,1280924100,256,10.50865587695133,19,10.03238751147842
36,0,Travel_Rarely,Research & Development,3,Life Sciences,Male,1,Sales Executive,Married,1.0,14,1,10.0,2,10,1,7,2.0,3.0,3.0,2,3,17400248100,121,9.496987922705314,31,9.99575966183575
31,0,Travel_Rarely,Research & Development,4,Life Sciences,Female,5,Manager,Divorced,1.0,14,0,10.0,2,10,0,2,2.0,3.0,3.0,3,3,10768212900,4,7.516973022405121,18,10.010253772290808
34,0,Travel_Rarely,Sales,2,Technical Degree,Female,1,Sales Executive,Married,2.0,14,1,9.0,2,5,1,0,3.0,4.0,3.0,3,3,499522500,196,8.095313852813854,30,10.002578162578162
29,0,Travel_Rarely,Research & Development,5,Life Sciences,Female,1,Sales Executive,Single,3.0,12,0,11.0,4,3,1,2,4.0,1.0,3.0,2,3,11029200400,25,7.075585399449036,19,10.000255968778697
37,0,Travel_Rarely,Research & Development,2,Medical,Male,1,Manufacturing Director,Married,5.0,13,0,16.0,4,5,0,4,4.0,1.0,3.0,4,3,404412100,49,8.703231884057972,31,10.016277777777777
35,0,Travel_Rarely,Sales,1,Technical Degree,Male,2,Laboratory Technician,Married,0.0,25,1,4.0,2,3,0,2,4.0,2.0,3.0,2,4,345588100,4,10.515715105601469,19,10.048481404958677
45,0,Travel_Rarely,Research & Development,3,Medical,Female,2,Sales Executive,Married,0.0,14,1,10.0,2,9,3,8,2.0,4.0,2.0,2,3,1413760000,9,7.114031279178338,23,9.9818837535014
36,0,Travel_Frequently,Research & Development,3,Medical,Female,4,Manufacturing Director,Single,1.0,17,1,10.0,5,10,0,8,2.0,4.0,2.0,1,3,31609284100,25,6.537147667147667,30,9.999654882154882
40,0,Travel_Rarely,Research & Development,3,Other,Male,1,Sales Executive,Divorced,2.0,13,0,22.0,3,19,11,16,1.0,1.0,3.0,3,3,4668988900,9,6.808731725146199,33,9.996488791423003
26,0,Travel_Rarely,Research & Development,2,Life Sciences,Male,2,Human Resources,Married,1.0,13,0,1.0,2,1,1,0,2.0,3.0,2.0,2,3,4640334400,676,9.306218303365608,20,9.998144306131858
27,0,Travel_Rarely,Research & Development,3,Technical Degree,Male,2,Manufacturing Director,Single,0.0,20,1,9.0,1,8,0,7,1.0,3.0,2.0,2,4,2673924100,16,7.593683261183261,30,10.00601972101972
48,0,Travel_Frequently,Research & Development,3,Life Sciences,Male,2,Research Director,Divorced,3.0,14,0,24.0,2,22,4,7,4.0,4.0,3.0,4,3,38966760000,4,7.185576131687243,18,9.989921124828532
44,0,Travel_Rarely,Sales,2,Medical,Male,4,Manager,Married,2.0,12,1,10.0,0,2,2,2,2.0,1.0,3.0,3,3,35010152100,1,7.078182471264368,29,10.007248563218392
34,1,Non-Travel,Research & Development,2,Life Sciences,Female,1,Sales Representative,Married,1.0,12,1,5.0,5,5,3,0,4.0,1.0,3.0,3,3,1363086400,729,10.214114959114958,30,9.992786195286195
56,1,Travel_Rarely,Human Resources,2,Medical,Female,5,Sales Executive,Single,1.0,21,0,5.0,3,4,1,0,1.0,4.0,3.0,3,4,654848100,1,6.8956180555555555,21,9.993159722222222
36,0,Travel_Rarely,Research & Development,3,Technical Degree,Female,3,Healthcare Representative,Married,2.0,14,0,12.0,3,4,1,3,3.0,2.0,1.0,3,3,633528900,169,7.319204331450094,25,10.039300847457627
42,0,Travel_Rarely,Research & Development,3,Technical Degree,Female,2,Sales Executive,Married,9.0,12,1,18.0,4,13,5,7,3.0,1.0,4.0,3,3,33361022500,49,7.415789855072464,31,9.962364734299518
31,0,Travel_Rarely,Sales,4,Life Sciences,Female,1,Sales Executive,Divorced,2.0,23,1,8.0,2,5,1,4,3.0,4.0,3.0,2,4,25998337600,81,8.317417480241748,22,9.994884937238494
34,0,Travel_Rarely,Research & Development,1,Life Sciences,Female,3,Laboratory Technician,Married,3.0,12,0,9.0,5,4,0,1,4.0,4.0,2.0,3,3,668222500,64,9.213606557377048,17,10.015025045537339
31,0,Travel_Rarely,Sales,2,Life Sciences,Female,3,Manufacturing Director,Divorced,8.0,21,2,4.0,3,2,2,2,1.0,3.0,2.0,4,4,33171336900,625,6.783251705653021,33,10.02334186159844
26,0,Travel_Frequently,Sales,2,Life Sciences,Male,2,Healthcare Representative,Married,0.0,14,0,8.0,3,7,7,7,3.0,4.0,3.0,4,3,7022440000,256,6.094803383630544,18,10.01429355281207
45,0,Travel_Frequently,Research & Development,4,Life Sciences,Female,2,Manager,Single,4.0,18,1,12.0,2,4,0,3,2.0,3.0,3.0,3,3,896403600,64,7.7881630086877,18,9.984295839048924
33,0,Travel_Rarely,Sales,3,Life Sciences,Female,5,Sales Executive,Single,1.0,13,1,10.0,3,10,0,9,2.0,3.0,2.0,3,3,149572900,1,6.3669327731092435,23,9.96969421101774
28,0,Travel_Frequently,Sales,3,Life Sciences,Male,4,Research Scientist,Married,1.0,11,0,7.0,3,7,0,7,3.0,4.0,3.0,3,3,124992400,64,10.595948195030473,24,10.003588842006563
29,1,Travel_Frequently,Human Resources,4,Human Resources,Male,2,Sales Executive,Single,1.0,11,0,1.0,3,1,0,0,3.0,1.0,3.0,3,3,826562500,4,6.790143442622951,17,9.995341530054645
39,0,Non-Travel,Research & Development,5,Medical,Female,2,Sales Representative,Married,6.0,19,1,10.0,4,3,1,2,1.0,3.0,3.0,3,3,35434297600,64,6.2782693236714975,31,10.024506038647344
27,0,Travel_Rarely,Sales,2,Technical Degree,Male,2,Healthcare Representative,Married,1.0,12,1,6.0,2,5,1,2,2.0,2.0,2.0,3,3,18433492900,9,7.282654195011338,16,10.016083900226757
34,0,Travel_Frequently,Research & Development,4,Life Sciences,Female,2,Manufacturing Director,Married,1.0,12,3,16.0,4,15,6,11,3.0,4.0,3.0,3,3,689062500,81,8.898696493624772,17,10.007058287795994
28,1,Travel_Rarely,Research & Development,3,Technical Degree,Male,1,Research Director,Single,3.0,16,1,6.0,4,2,2,2,4.0,3.0,3.0,3,3,35302652100,625,9.392832403533241,22,10.00420850767085
47,0,Non-Travel,Research & Development,4,Medical,Male,1,Research Scientist,Married,8.0,11,0,16.0,3,8,1,7,3.0,2.0,4.0,3,3,2059344400,1,5.995739568682606,24,10.020614158462259
39,0,Travel_Rarely,Research & Development,3,Other,Female,1,Laboratory Technician,Married,1.0,12,1,10.0,2,10,7,9,1.0,1.0,3.0,3,3,11050214400,1,7.018032693187013,18,10.016944444444444
38,0,Travel_Frequently,Research & Development,2,Medical,Female,1,Manager,Divorced,1.0,13,0,20.0,2,20,0,7,4.0,2.0,3.0,3,3,1974913600,16,10.800123716153127,23,9.996458916900092
58,0,Travel_Rarely,Sales,3,Marketing,Male,5,Sales Representative,Married,4.0,21,1,29.0,3,1,0,0,4.0,4.0,2.0,3,4,463971600,25,9.88089598108747,26,9.968397163120567
32,1,Travel_Frequently,Research & Development,3,Life Sciences,Male,2,Laboratory Technician,Single,3.0,17,1,8.0,2,4,0,3,1.0,3.0,3.0,3,3,36825610000,81,10.220263593380615,26,9.996460992907801
38,0,Travel_Rarely,Research & Development,4,Life Sciences,Female,1,Sales Representative,Divorced,2.0,21,1,10.0,1,5,0,3,2.0,4.0,4.0,3,4,2016010000,9,7.61587962962963,21,9.994700231481481
49,0,Travel_Frequently,Sales,4,Life Sciences,Male,2,Research Scientist,Married,3.0,11,1,28.0,4,5,4,3,2.0,4.0,3.0,2,3,1229203600,121,6.336143790849673,23,9.990599906629319
42,0,Travel_Rarely,Sales,3,Life Sciences,Female,1,Sales Executive,Divorced,3.0,12,1,14.0,3,0,0,0,2.0,4.0,3.0,3,3,562638400,1,8.703656028368796,26,9.998602836879432
27,1,Travel_Frequently,Sales,1,Life Sciences,Male,4,Laboratory Technician,Married,1.0,13,1,1.0,2,1,0,0,1.0,2.0,3.0,3,3,10467336100,64,6.4536290708812265,29,9.988914032567049
35,0,Travel_Rarely,Research & Development,1,Medical,Male,1,Sales Executive,Married,0.0,18,0,6.0,4,5,0,4,2.0,1.0,1.0,3,3,2926810000,625,6.594681026365348,25,9.981394774011301
28,0,Non-Travel,Research & Development,1,Medical,Male,3,Research Scientist,Single,1.0,16,2,5.0,2,5,1,4,3.0,3.0,2.0,3,3,6364848400,441,6.666081999029597,32,10.005254730713247
31,0,Non-Travel,Sales,1,Medical,Male,1,Sales Executive,Divorced,1.0,11,1,4.0,4,4,2,3,3.0,1.0,4.0,4,3,1495368900,529,9.78247256515775,18,10.070645861911293
36,0,Non-Travel,Research & Development,3,Life Sciences,Male,2,Research Scientist,Married,1.0,19,2,5.0,5,5,0,2,1.0,2.0,3.0,1,3,805424400,1,7.088763888888889,21,10.003947916666666
34,0,Travel_Rarely,Sales,3,Marketing,Male,4,Healthcare Representative,Single,1.0,16,1,14.0,2,14,2,1,1.0,4.0,2.0,3,3,2204302500,4,5.997830459770115,29,9.989117576628354
34,0,Travel_Rarely,Research & Development,3,Technical Degree,Female,1,Research Director,Divorced,1.0,16,0,9.0,2,8,1,1,4.0,3.0,2.0,2,3,1114892100,361,6.761289351851852,21,9.996256944444445
26,0,Travel_Rarely,Research & Development,2,Life Sciences,Male,2,Research Scientist,Single,0.0,13,0,8.0,6,7,7,6,3.0,1.0,2.0,4,3,432640000,4,6.794783406754772,34,10.01245227606461
29,0,Travel_Rarely,Research & Development,4,Other,Male,2,Laboratory Technician,Married,0.0,22,0,6.0,2,5,0,2,1.0,1.0,2.0,4,4,439321600,4,7.750866858237549,29,10.025023946360154
32,0,Non-Travel,Research & Development,1,Life Sciences,Male,3,Manager,Divorced,5.0,17,1,9.0,5,5,1,2,3.0,4.0,3.0,4,3,3855168100,9,6.60344301382928,28,9.985435145445875
31,0,Travel_Frequently,Research & Development,5,Technical Degree,Female,2,Human Resources,Married,1.0,14,1,10.0,2,10,8,7,4.0,1.0,3.0,3,3,32619972100,625,6.878268247326825,22,9.978830776383079
28,1,Travel_Rarely,Sales,5,Life Sciences,Female,2,Sales Representative,Divorced,5.0,15,1,6.0,2,4,0,3,3.0,4.0,2.0,2,3,29319712900,49,6.291164759179781,28,10.032734859322842
38,0,Travel_Rarely,Research & Development,2,Technical Degree,Male,3,Sales Representative,Single,4.0,12,0,20.0,3,1,0,0,1.0,1.0,2.0,2,3,562638400,81,7.1801578822412155,27,9.99034662867996
35,0,Travel_Rarely,Research & Development,3,Life Sciences,Male,2,Sales Representative,Married,1.0,18,1,10.0,1,10,0,9,3.0,4.0,3.0,1,3,2384368900,25,8.805177083333335,21,9.961024305555556
27,0,Travel_Rarely,Sales,3,Life Sciences,Female,1,Manager,Single,1.0,15,0,7.0,2,7,0,7,4.0,4.0,3.0,3,3,1524121600,4,7.9143746993747,30,10.049902597402598
32,0,Travel_Rarely,Research & Development,1,Medical,Female,2,Research Scientist,Single,8.0,17,1,8.0,2,1,0,0,4.0,4.0,3.0,2,3,2140912900,64,7.296955828779599,17,10.025467896174863
31,1,Travel_Frequently,Research & Development,1,Other,Male,3,Sales Executive,Married,1.0,14,1,10.0,2,10,0,8,1.0,4.0,3.0,3,3,5032483600,4,10.304995291902072,25,9.994852871939738
53,1,Travel_Rarely,Research & Development,3,Medical,Male,1,Research Scientist,Single,6.0,15,1,15.0,4,2,2,2,1.0,1.0,2.0,3,3,1171692900,324,10.803005910165485,26,10.022197399527187
54,0,Travel_Rarely,Research & Development,3,Other,Male,3,Research Scientist,Married,3.0,17,1,9.0,2,4,2,3,1.0,3.0,2.0,3,3,4454227600,196,7.91128699660359,32,9.990843037360504
33,0,Travel_Frequently,Research & Development,4,Medical,Female,4,Sales Executive,Divorced,1.0,14,3,9.0,2,9,2,8,4.0,3.0,3.0,3,3,28493440000,4,7.888442289272032,29,9.986555316091955
43,0,Travel_Rarely,Research & Development,3,Medical,Male,1,Research Scientist,Married,1.0,12,1,10.0,0,10,0,9,1.0,3.0,3.0,3,3,8270083600,9,7.4919927536231885,31,10.031442028985508
38,0,Travel_Frequently,Research & Development,5,Medical,Female,4,Sales Executive,Married,0.0,14,0,7.0,3,6,1,2,4.0,2.0,3.0,2,3,7133491600,4,8.016118084611808,22,10.02331589958159
55,0,Travel_Rarely,Sales,3,Marketing,Male,2,Laboratory Technician,Married,4.0,15,1,35.0,3,10,1,4,3.0,2.0,3.0,2,3,14199105600,81,8.237924285044539,24,10.004139709329582
31,0,Travel_Rarely,Sales,3,Other,Male,1,Manufacturing Director,Divorced,1.0,13,0,1.0,2,1,0,0,4.0,4.0,3.0,3,3,2055715600,36,10.800426997245179,19,9.996802112029386
39,0,Travel_Rarely,Research & Development,3,Life Sciences,Male,2,Sales Executive,Single,0.0,12,1,21.0,5,20,11,10,2.0,1.0,3.0,2,3,9706190400,16,6.100789894833105,18,10.00996113397348
42,0,Non-Travel,Research & Development,4,Life Sciences,Female,2,Research Scientist,Single,1.0,13,1,20.0,3,20,3,7,4.0,3.0,3.0,3,3,3783480100,100,6.5954124940391035,28,10.00368741058655
31,0,Non-Travel,Research & Development,2,Life Sciences,Male,2,Healthcare Representative,Married,4.0,14,0,13.0,3,11,4,8,3.0,3.0,4.0,3,3,529920400,196,6.112748665696263,32,10.018387918486171
54,0,Travel_Rarely,Research & Development,3,Medical,Female,2,Human Resources,Single,6.0,13,1,9.0,2,5,1,4,3.0,1.0,3.0,4,3,557904400,1,10.46367270531401,31,10.004072463768116
24,0,Travel_Rarely,Research & Development,4,Other,Male,1,Manufacturing Director,Single,1.0,11,2,4.0,5,4,1,2,2.0,3.0,2.0,1,3,31901532100,25,6.87842056932966,19,10.010749540863177
23,0,Travel_Rarely,Research & Development,3,Life Sciences,Male,2,Research Scientist,Single,1.0,11,1,5.0,2,5,1,4,4.0,4.0,4.0,3,3,36814096900,49,6.989227053140096,31,9.99407729468599
40,0,Travel_Frequently,Research & Development,3,Medical,Female,3,Research Scientist,Married,1.0,21,0,10.0,1,10,9,4,4.0,3.0,4.0,2,4,38876008900,441,7.8108961352657005,31,10.016763285024155
40,0,Travel_Rarely,Research & Development,1,Medical,Female,5,Research Scientist,Married,3.0,18,3,15.0,3,11,5,10,2.0,2.0,3.0,2,3,1255993600,64,6.2057952973720605,20,10.00606846473029
25,0,Travel_Rarely,Sales,5,Medical,Female,2,Laboratory Technician,Married,4.0,12,0,6.0,2,2,1,2,3.0,2.0,3.0,3,3,7225000000,400,6.186274717514125,25,10.023566384180791
30,0,Travel_Rarely,Human Resources,4,Life Sciences,Male,2,Research Scientist,Married,1.0,11,0,12.0,3,12,1,7,4.0,2.0,2.0,2,3,2172492100,400,6.082886122637159,20,10.023410557860764
25,0,Travel_Rarely,Research & Development,2,Medical,Male,5,Sales Executive,Divorced,6.0,15,1,7.0,2,2,0,2,4.0,3.0,2.0,3,3,1683460900,49,10.186044685990337,31,9.999169082125604
47,0,Travel_Rarely,Research & Development,4,Life Sciences,Male,2,Sales Executive,Single,2.0,13,1,25.0,2,17,12,11,1.0,3.0,3.0,2,3,1805400100,1,7.804060283687943,26,9.999098108747045
33,0,Non-Travel,Research & Development,3,Life Sciences,Male,2,Research Scientist,Divorced,1.0,12,0,1.0,4,1,0,0,2.0,3.0,2.0,3,3,19672867600,1,6.20551536643026,26,10.008440898345153
38,0,Travel_Rarely,Research & Development,3,Life Sciences,Female,2,Sales Executive,Married,0.0,17,0,16.0,3,15,5,8,4.0,2.0,3.0,3,3,4751344900,361,7.88748847395113,20,9.982565698478563
31,0,Travel_Rarely,Research & Development,4,Medical,Female,3,Sales Executive,Married,0.0,13,1,3.0,3,2,1,2,1.0,3.0,3.0,3,3,3751562500,100,7.20173928077455,20,10.03964153988013
38,0,Travel_Frequently,Research & Development,4,Other,Male,2,Research Scientist,Married,2.0,19,0,10.0,2,8,7,7,1.0,3.0,3.0,3,3,1346156100,1,6.505002286236854,18,10.006724965706447
42,0,Travel_Rarely,Research & Development,3,Medical,Male,2,Laboratory Technician,Divorced,6.0,19,1,9.0,3,4,1,2,4.0,1.0,2.0,1,3,10016006400,36,9.820030473511485,24,9.998499765588374
41,0,Travel_Rarely,Sales,2,Medical,Male,1,Healthcare Representative,Married,3.0,17,1,12.0,1,5,1,0,4.0,4.0,3.0,1,3,569776900,4,7.692067510548523,24,10.012107360525082
47,0,Non-Travel,Research & Development,2,Medical,Male,1,Sales Executive,Married,0.0,11,1,14.0,2,13,5,12,3.0,2.0,1.0,2,3,2152032100,441,7.175159752026706,28,10.033941344778254
35,0,Travel_Rarely,Research & Development,3,Life Sciences,Male,2,Healthcare Representative,Married,7.0,15,0,5.0,2,2,2,2,4.0,3.0,3.0,2,3,6237840400,16,10.434484618916436,19,10.035421258034894
22,0,Travel_Rarely,Human Resources,1,Human Resources,Male,2,Sales Executive,Single,0.0,11,0,4.0,1,3,1,2,4.0,3.0,4.0,3,3,642115600,144,6.435723593964335,18,10.044691358024691
35,0,Travel_Rarely,Research & Development,3,Medical,Female,2,Sales Executive,Single,1.0,25,2,10.0,4,10,0,8,2.0,3.0,3.0,3,4,17271216400,81,8.021547281323878,26,10.005682033096928
33,0,Travel_Rarely,Sales,4,Medical,Male,3,Healthcare Representative,Married,0.0,14,0,10.0,2,9,8,1,2.0,4.0,3.0,2,3,259532100,9,9.09485935302391,24,10.005423112986403
32,0,Travel_Rarely,Research & Development,2,Technical Degree,Male,3,Manufacturing Director,Single,1.0,13,0,6.0,4,6,4,1,3.0,2.0,3.0,3,3,2876176900,9,7.001826878745966,20,10.033819732595665
40,0,Travel_Rarely,Research & Development,4,Medical,Male,2,Research Director,Married,8.0,17,1,8.0,3,1,0,0,1.0,4.0,2.0,2,3,2571504100,1,6.184851394604481,18,9.989150663008687
32,0,Travel_Rarely,Research & Development,2,Medical,Male,3,Sales Executive,Married,0.0,13,0,3.0,3,2,2,2,2.0,2.0,3.0,3,3,18755302500,1,6.001692028985507,31,10.010357487922706
39,0,Travel_Rarely,Research & Development,4,Life Sciences,Male,1,Sales Executive,Single,7.0,14,1,18.0,1,7,1,7,1.0,4.0,3.0,3,3,17961360400,16,8.016600694444445,21,9.99569212962963
38,0,Travel_Rarely,Sales,4,Medical,Female,2,Research Director,Married,3.0,11,1,20.0,3,18,1,11,2.0,3.0,3.0,2,3,411684100,400,8.024595410628018,31,10.006054347826087
32,0,Travel_Rarely,Research & Development,3,Life Sciences,Male,2,Manager,Married,1.0,12,2,14.0,3,14,5,7,3.0,4.0,3.0,3,3,4066612900,324,7.8913028007346195,19,10.010792011019284
37,0,Travel_Rarely,Research & Development,3,Life Sciences,Female,4,Sales Executive,Married,1.0,17,1,16.0,3,16,6,8,3.0,4.0,3.0,3,3,2947404100,1,9.417802185030219,22,9.983718038121804
25,0,Travel_Rarely,Research & Development,4,Medical,Female,2,Manufacturing Director,Divorced,0.0,21,0,6.0,2,5,0,4,1.0,3.0,2.0,3,4,775622500,4,8.030438218390804,29,10.002061781609195
52,0,Non-Travel,Research & Development,4,Other,Male,1,Manager,Divorced,2.0,16,1,16.0,3,9,0,0,1.0,4.0,2.0,3,3,2128899600,4,6.812064471879287,18,10.006761545496113
44,0,Travel_Rarely,Research & Development,1,Life Sciences,Female,1,Sales Representative,Single,6.0,15,0,6.0,2,4,1,2,2.0,4.0,3.0,3,3,681210000,64,10.769022131887986,15,9.99139566395664
21,0,Travel_Rarely,Sales,5,Medical,Male,3,Research Scientist,Single,1.0,19,3,2.0,0,2,1,2,3.0,1.0,3.0,3,3,4471596900,100,8.209698275862069,29,9.987664032567048
39,0,Non-Travel,Research & Development,4,Life Sciences,Female,2,Research Director,Single,2.0,12,1,21.0,4,6,1,3,4.0,4.0,2.0,4,3,2231617600,9,6.314996312684366,35,10.005110619469027
23,1,Travel_Frequently,Research & Development,4,Life Sciences,Female,2,Manufacturing Director,Married,1.0,11,0,1.0,3,1,1,0,4.0,1.0,2.0,3,3,3818004100,4,7.957643061516452,28,9.970212207916072
36,0,Travel_Rarely,Research & Development,3,Life Sciences,Female,2,Laboratory Technician,Married,0.0,19,0,10.0,2,9,3,4,1.0,4.0,3.0,3,3,3745440000,576,7.830423338185347,32,10.00086487142164
36,0,Travel_Frequently,Research & Development,1,Medical,Male,2,Sales Executive,Divorced,7.0,15,0,18.0,3,4,0,2,4.0,2.0,3.0,2,3,11227521600,256,7.825021008403361,23,10.011139122315592
56,0,Non-Travel,Research & Development,1,Life Sciences,Male,1,Sales Executive,Divorced,1.0,20,0,13.0,6,13,1,9,3.0,3.0,2.0,2,4,2988808900,64,6.62011158594492,27,10.007529677113011
29,1,Travel_Rarely,Research & Development,4,Medical,Male,2,Sales Representative,Married,9.0,25,0,4.0,4,2,2,2,1.0,4.0,4.0,3,4,897601600,81,10.876961134954698,28,9.98461731044349
42,0,Travel_Rarely,Research & Development,1,Life Sciences,Male,3,Research Scientist,Married,5.0,24,2,24.0,3,22,4,14,1.0,3.0,2.0,2,4,9996000400,289,7.3782815442561205,25,10.019064265536722
56,1,Travel_Rarely,Sales,4,Other,Male,2,Sales Executive,Married,8.0,24,1,14.0,3,10,9,8,4.0,3.0,1.0,3,4,1663008400,100,6.812821327683616,25,9.995491996233522
41,0,Travel_Rarely,Research & Development,4,Life Sciences,Female,1,Healthcare Representative,Married,0.0,15,1,21.0,3,20,0,10,1.0,2.0,3.0,4,3,11924640000,169,7.812496468926554,25,9.996127589453861
34,0,Travel_Rarely,Sales,3,Medical,Female,1,Laboratory Technician,Married,1.0,13,1,8.0,3,8,1,7,4.0,3.0,3.0,3,3,3883782400,1,7.357590187590187,30,10.024170274170276
36,0,Non-Travel,Sales,1,Medical,Female,1,Human Resources,Divorced,1.0,14,0,15.0,3,15,11,11,4.0,4.0,2.0,3,3,17548300900,1,7.69374655647383,19,10.019631542699726
41,0,Travel_Rarely,Research & Development,5,Medical,Male,1,Healthcare Representative,Divorced,2.0,13,0,14.0,3,5,0,4,3.0,2.0,3.0,3,3,1665456100,1,7.083069561157797,23,9.99407913165266
32,0,Travel_Rarely,Sales,4,Life Sciences,Female,2,Research Scientist,Single,1.0,11,0,4.0,3,4,1,2,4.0,1.0,3.0,3,3,3328136100,81,6.697839896858884,24,10.006744022503517
35,0,Travel_Rarely,Research & Development,3,Medical,Female,2,Healthcare Representative,Single,1.0,16,1,9.0,3,9,1,7,3.0,4.0,3.0,3,3,573123600,256,10.48613070539419,20,10.002995620101428
38,0,Travel_Rarely,Research & Development,3,Medical,Male,3,Sales Representative,Married,1.0,22,0,10.0,3,10,1,9,1.0,4.0,3.0,2,4,1524121600,529,6.913981102003643,17,9.992182377049179
50,1,Travel_Frequently,Sales,2,Life Sciences,Female,2,Laboratory Technician,Divorced,7.0,14,1,12.0,2,6,0,1,2.0,3.0,3.0,2,3,28220640100,16,7.196671394799055,26,10.015345153664303
36,0,Travel_Rarely,Research & Development,4,Life Sciences,Male,1,Healthcare Representative,Married,4.0,14,0,8.0,1,6,0,0,2.0,4.0,2.0,2,3,870250000,484,6.297541666666667,21,9.996998842592593
45,0,Travel_Rarely,Sales,3,Life Sciences,Male,1,Laboratory Technician,Single,8.0,16,1,8.0,2,5,0,1,4.0,3.0,3.0,4,3,1316964100,576,6.082725321888413,28,10.017942298521698
40,0,Travel_Rarely,Sales,4,Life Sciences,Male,1,Research Scientist,Single,2.0,11,1,8.0,6,2,2,2,3.0,3.0,3.0,3,3,8764704400,100,6.21671196948021,28,10.020857176919408
35,0,Travel_Frequently,Sales,2,Life Sciences,Male,2,Manufacturing Director,Married,1.0,25,0,10.0,2,10,0,2,3.0,3.0,4.0,2,4,1042644100,49,8.381166666666669,16,9.981546485260772
40,0,Travel_Rarely,Research & Development,4,Life Sciences,Male,1,Manager,Married,2.0,14,1,20.0,2,5,0,2,3.0,3.0,3.0,3,3,1280208400,289,7.506722222222222,31,10.004322463768116
35,0,Travel_Rarely,Human Resources,1,Life Sciences,Male,2,Research Scientist,Married,1.0,18,0,4.0,3,4,1,1,3.0,4.0,3.0,3,3,6380814400,196,6.899807504873294,33,10.00369761208577
29,0,Travel_Rarely,Research & Development,3,Medical,Male,3,Sales Executive,Married,4.0,11,0,10.0,5,4,0,3,4.0,2.0,3.0,2,3,1835265600,1,9.795089869281046,23,10.015664098972922
29,0,Travel_Rarely,Research & Development,3,Medical,Male,2,Sales Representative,Single,1.0,19,0,5.0,3,5,0,4,4.0,1.0,1.0,3,3,5704780900,25,6.116676499508358,35,9.973162487708947
50,1,Travel_Rarely,Research & Development,3,Medical,Male,1,Research Scientist,Divorced,4.0,15,2,20.0,1,3,2,0,4.0,1.0,3.0,3,3,30025958400,289,9.596655982905983,27,9.977350427350428
39,0,Travel_Rarely,Sales,3,Medical,Male,2,Sales Executive,Married,0.0,11,0,21.0,3,20,9,6,2.0,4.0,2.0,4,3,38812940100,625,7.494827134000953,28,10.014974964234622
31,0,Non-Travel,Research & Development,4,Life Sciences,Female,4,Sales Executive,Single,0.0,12,0,10.0,3,9,1,7,2.0,1.0,3.0,3,3,21703182400,64,7.26115721040189,26,9.981533096926713
26,0,Travel_Rarely,Research & Development,4,Medical,Male,2,Manager,Single,0.0,20,0,5.0,3,4,0,0,4.0,3.0,3.0,3,4,8608128400,121,7.523019005847954,33,10.000633528265109
36,0,Travel_Frequently,Research & Development,1,Technical Degree,Male,1,Sales Executive,Married,4.0,12,0,17.0,2,5,0,3,3.0,4.0,3.0,3,3,184688100,25,7.697297358834244,17,9.994010701275046
39,0,Travel_Rarely,Research & Development,1,Medical,Female,1,Research Scientist,Married,4.0,14,2,9.0,3,7,1,7,4.0,1.0,3.0,3,3,2283884100,4,5.987375910746812,17,9.972011612021857
27,0,Travel_Rarely,Research & Development,2,Medical,Male,1,Laboratory Technician,Married,1.0,20,1,6.0,3,6,0,3,2.0,2.0,3.0,3,4,26968208400,64,9.295790330079033,22,9.992934681543467
49,0,Travel_Frequently,Research & Development,1,Medical,Male,3,Healthcare Representative,Married,2.0,18,1,17.0,2,9,0,8,4.0,2.0,2.0,2,3,897601600,36,6.415900997150998,27,9.995420227920228
34,0,Travel_Rarely,Sales,3,Medical,Female,1,Sales Executive,Married,2.0,14,1,6.0,6,4,1,2,2.0,3.0,4.0,3,3,159012100,16,6.470493025493026,30,9.990238095238096
41,1,Travel_Rarely,Research & Development,2,Life Sciences,Female,1,Research Scientist,Single,8.0,12,1,8.0,2,6,0,5,2.0,4.0,1.0,3,3,440580100,49,8.594232301922176,24,10.000023441162682
49,0,Travel_Frequently,Sales,4,Life Sciences,Female,2,Manufacturing Director,Married,1.0,21,1,10.0,2,10,1,7,3.0,2.0,3.0,3,4,3375610000,1,6.697707115009746,33,9.99105872319688
37,1,Travel_Rarely,Research & Development,3,Life Sciences,Male,1,Sales Executive,Single,6.0,19,0,7.0,2,0,0,0,4.0,3.0,3.0,3,3,3188860900,4,8.492027417027417,30,9.988857623857625
33,0,Travel_Frequently,Research & Development,2,Medical,Male,2,Research Scientist,Married,1.0,14,0,8.0,3,8,3,0,4.0,3.0,3.0,3,3,1169640000,100,9.517201779701779,30,9.978478835978835
27,0,Travel_Rarely,Sales,4,Medical,Female,4,Manufacturing Director,Married,9.0,17,1,6.0,3,2,2,2,1.0,2.0,3.0,2,3,1936000000,25,6.3870397153351695,19,10.012262396694215
32,0,Travel_Frequently,Research & Development,2,Medical,Female,2,Research Scientist,Single,0.0,16,1,8.0,2,7,3,6,4.0,4.0,2.0,2,3,1225000000,81,7.246658462259728,24,9.977943037974685
59,0,Travel_Rarely,Sales,2,Marketing,Female,5,Sales Representative,Married,4.0,12,1,12.0,3,1,0,0,3.0,1.0,2.0,3,3,426835600,4,9.969735006973501,22,9.999614132961412
30,0,Travel_Rarely,Research & Development,4,Medical,Male,2,Laboratory Technician,Divorced,1.0,17,2,1.0,2,1,0,0,4.0,3.0,3.0,3,3,29477456100,121,6.396685660018993,27,9.98162037037037
38,0,Travel_Frequently,Sales,4,Life Sciences,Male,2,Healthcare Representative,Single,0.0,15,1,10.0,1,9,1,8,4.0,3.0,3.0,3,3,1732224400,324,7.990215537113878,20,10.00542876901798
36,0,Travel_Rarely,Research & Development,3,Life Sciences,Male,1,Sales Executive,Married,6.0,23,1,17.0,2,7,7,7,3.0,3.0,2.0,3,4,8471361600,49,7.820515173764073,34,9.962709251101323
35,0,Travel_Rarely,Human Resources,4,Human Resources,Male,2,Manager,Married,0.0,11,0,6.0,2,5,0,3,1.0,2.0,3.0,3,3,1085043600,9,7.497904896421845,25,10.029577448210922
29,0,Travel_Rarely,Sales,4,Life Sciences,Male,2,Laboratory Technician,Single,0.0,11,1,10.0,3,9,0,8,4.0,3.0,3.0,2,3,452412900,841,10.72930316091954,29,9.966939655172414
31,0,Travel_Rarely,Research & Development,2,Medical,Male,2,Laboratory Technician,Divorced,1.0,15,1,5.0,3,5,4,3,1.0,3.0,2.0,3,3,1580062500,4,6.335467224546723,22,9.984559507205951
34,0,Travel_Rarely,Research & Development,3,Technical Degree,Male,1,Laboratory Technician,Divorced,0.0,11,3,3.0,1,2,1,2,2.0,4.0,3.0,2,3,11648884900,784,7.589471982758621,29,9.98199712643678
29,0,Travel_Rarely,Research & Development,2,Life Sciences,Female,4,Laboratory Technician,Divorced,1.0,14,0,10.0,3,10,8,8,2.0,1.0,3.0,4,3,1329331600,256,8.011080786026202,32,10.023563803978652
32,0,Travel_Rarely,Human Resources,3,Human Resources,Female,2,Research Director,Divorced,0.0,19,0,7.0,3,6,0,5,1.0,2.0,2.0,3,3,5544291600,484,10.69983190271817,28,9.9893037672866
22,0,Non-Travel,Research & Development,3,Life Sciences,Female,3,Sales Executive,Divorced,1.0,16,1,1.0,2,1,0,0,4.0,4.0,2.0,4,3,11774420100,64,9.987742486338798,17,10.001912568306011
53,0,Travel_Rarely,Research & Development,3,Medical,Male,2,Manager,Married,2.0,13,0,31.0,3,25,3,7,1.0,4.0,3.0,3,3,444788100,121,8.013222455648926,23,9.999471288515407
38,0,Travel_Rarely,Research & Development,3,Life Sciences,Female,1,Manufacturing Director,Single,5.0,14,0,6.0,0,3,1,2,4.0,4.0,3.0,3,3,1385328400,841,9.679868113912232,23,10.008713818860878
24,0,Non-Travel,Research & Development,5,Life Sciences,Male,3,Research Scientist,Divorced,0.0,16,0,5.0,2,4,1,3,1.0,3.0,2.0,2,3,8798440000,1,6.901887706855792,26,9.98086524822695
36,1,Travel_Rarely,Research & Development,3,Life Sciences,Male,1,Research Director,Single,7.0,12,1,10.0,2,5,0,3,3.0,1.0,3.0,3,3,3009619600,1,6.500812621832359,33,9.988139619883041
34,0,Travel_Rarely,Sales,3,Marketing,Male,4,Research Scientist,Single,0.0,11,1,13.0,2,12,2,11,1.0,2.0,3.0,3,3,751856400,576,6.120792349726776,17,9.99064776867031
21,0,Travel_Rarely,Sales,3,Life Sciences,Male,2,Manufacturing Director,Single,1.0,12,1,0.0,3,0,0,0,3.0,4.0,3.0,3,3,18925504900,4,5.9806673881673875,30,10.001309523809523
34,1,Travel_Rarely,Sales,2,Marketing,Female,2,Research Scientist,Single,2.0,13,0,8.0,2,4,1,3,2.0,1.0,3.0,1,3,7162236900,225,7.7862403628117915,16,10.013564625850341
32,1,Travel_Frequently,Research & Development,3,Medical,Female,2,Manufacturing Director,Single,1.0,13,0,10.0,2,10,6,7,2.0,1.0,3.0,3,3,27549360400,100,9.491586648376773,18,9.982985825331506
44,0,Travel_Rarely,Research & Development,1,Life Sciences,Female,1,Manufacturing Director,Married,3.0,15,2,24.0,0,22,5,17,1.0,4.0,3.0,3,3,549902500,9,7.094737394957983,23,9.971367880485527
46,0,Travel_Rarely,Sales,3,Life Sciences,Female,1,Research Scientist,Single,3.0,13,2,22.0,3,2,2,1,2.0,1.0,2.0,1,3,1169640000,4,8.01465541490858,24,10.006596343178622
33,0,Travel_Rarely,Sales,3,Medical,Male,1,Manufacturing Director,Single,4.0,14,0,7.0,3,1,0,0,3.0,4.0,3.0,3,3,1912312900,9,6.460929038281979,23,9.995540382819796
44,0,Travel_Rarely,Human Resources,3,Life Sciences,Male,5,Healthcare Representative,Married,2.0,21,0,9.0,2,4,1,3,4.0,4.0,4.0,3,4,2264808100,676,8.498006535947713,23,9.988014705882353
30,0,Travel_Rarely,Research & Development,4,Technical Degree,Female,1,Research Scientist,Single,1.0,16,1,10.0,3,10,1,8,4.0,3.0,3.0,3,3,2810060100,1,6.097253213957759,19,10.009119605142333
39,1,Travel_Rarely,Human Resources,4,Medical,Male,1,Sales Executive,Married,3.0,14,1,19.0,3,1,0,0,4.0,4.0,4.0,3,3,1349092900,1,6.489479458450046,23,10.000615079365078
24,1,Travel_Rarely,Human Resources,5,Human Resources,Male,3,Sales Executive,Married,2.0,11,1,6.0,2,2,2,0,2.0,4.0,2.0,2,3,2273382400,4,9.689935720844812,19,10.000423553719008
43,0,Travel_Rarely,Sales,5,Technical Degree,Female,1,Research Director,Divorced,1.0,19,0,6.0,3,5,1,4,4.0,3.0,2.0,2,3,162307600,81,6.499559426229508,17,9.976879553734062
50,1,Travel_Rarely,Research & Development,4,Medical,Male,1,Research Director,Married,1.0,11,0,3.0,3,3,0,2,1.0,3.0,3.0,2,3,2401000000,144,8.894330543933055,22,9.984142259414227
35,0,Travel_Rarely,Sales,4,Marketing,Male,3,Manufacturing Director,Married,1.0,13,0,2.0,1,2,2,2,4.0,4.0,3.0,3,3,10953715600,4,7.104071327683616,25,9.98858286252354
36,0,Travel_Rarely,Research & Development,1,Life Sciences,Female,4,Sales Executive,Married,9.0,12,1,6.0,2,1,0,0,2.0,1.0,4.0,2,3,28923804900,625,9.130807971014494,31,9.979423913043478
33,0,Travel_Frequently,Sales,2,Marketing,Male,4,Human Resources,Married,2.0,11,0,10.0,2,5,1,3,3.0,1.0,3.0,2,3,846228100,81,6.599109929078014,26,9.994617021276596
35,0,Travel_Rarely,Research & Development,1,Medical,Male,1,Research Scientist,Divorced,1.0,14,1,1.0,2,1,0,0,3.0,4.0,3.0,3,3,3323522500,100,6.1866900093370685,23,10.037693744164333
27,0,Travel_Rarely,Sales,2,Marketing,Female,3,Research Scientist,Divorced,1.0,15,1,1.0,3,1,0,0,4.0,1.0,3.0,2,3,2115080100,64,7.5895013947001395,22,9.995434681543468
26,1,Travel_Rarely,Sales,3,Marketing,Male,2,Manager,Single,1.0,12,0,1.0,6,1,0,1,1.0,3.0,2.0,3,3,577921600,16,7.700121671258035,19,10.027000688705234
27,0,Travel_Frequently,Sales,3,Life Sciences,Male,4,Healthcare Representative,Single,1.0,20,1,9.0,1,9,1,7,4.0,3.0,3.0,3,4,1006158400,576,6.773530543530543,30,9.983183020683022
30,0,Travel_Frequently,Research & Development,4,Medical,Male,1,Research Scientist,Single,1.0,14,1,12.0,3,12,3,7,3.0,4.0,3.0,1,3,413308900,1,6.813341335162322,18,10.006714677640604
41,1,Travel_Rarely,Sales,4,Marketing,Male,2,Sales Executive,Married,1.0,13,1,23.0,2,22,15,8,2.0,3.0,3.0,3,3,10422368100,400,6.006660855416086,22,9.992289632728962
34,0,Non-Travel,Research & Development,2,Technical Degree,Female,1,Research Scientist,Single,0.0,13,1,10.0,2,9,8,7,2.0,3.0,3.0,2,3,7430440000,49,7.779143026004728,26,9.994182033096926
37,0,Travel_Rarely,Research & Development,3,Life Sciences,Female,3,Sales Executive,Married,4.0,16,0,8.0,3,1,0,0,2.0,2.0,3.0,2,3,426009600,289,6.083371980676328,31,9.996428743961353
46,0,Travel_Frequently,Research & Development,3,Technical Degree,Male,3,Sales Executive,Single,4.0,14,1,14.0,2,9,0,8,1.0,4.0,3.0,3,3,1628122500,400,9.295620490620491,30,9.966226551226551
35,0,Travel_Rarely,Research & Development,4,Medical,Female,3,Research Scientist,Married,1.0,16,1,1.0,2,1,0,1,4.0,4.0,3.0,3,3,1473024400,64,6.919921802054155,23,9.994575163398693
48,1,Travel_Rarely,Research & Development,4,Technical Degree,Female,1,Sales Executive,Single,9.0,16,0,23.0,6,1,0,0,1.0,3.0,3.0,1,3,2107728100,4,9.309293684710351,27,10.008646723646724
28,1,Travel_Rarely,Research & Development,1,Medical,Male,1,Sales Executive,Single,1.0,22,1,2.0,3,2,2,2,3.0,3.0,2.0,3,4,655872100,100,10.671643614568925,20,10.007399723374828
44,0,Travel_Rarely,Research & Development,1,Medical,Female,3,Research Scientist,Divorced,5.0,12,2,9.0,3,4,1,3,2.0,1.0,2.0,3,3,244296900,1,9.391213080168777,24,10.004627285513362
35,0,Non-Travel,Research & Development,4,Technical Degree,Female,3,Manufacturing Director,Married,2.0,15,2,10.0,2,4,2,3,3.0,1.0,3.0,3,3,2399040400,25,9.484306742640078,27,10.0121569325736
33,0,Travel_Frequently,Sales,4,Life Sciences,Female,1,Human Resources,Single,1.0,14,1,15.0,2,15,8,12,1.0,4.0,3.0,3,3,1011240000,841,8.223002267573698,16,10.001098639455783
35,0,Travel_Frequently,Research & Development,3,Medical,Male,3,Manufacturing Director,Married,1.0,20,0,9.0,3,9,1,8,2.0,1.0,2.0,3,4,4288940100,225,6.477757246376812,31,9.994311594202898
35,0,Travel_Rarely,Human Resources,2,Life Sciences,Female,1,Laboratory Technician,Married,3.0,13,0,4.0,6,2,2,2,3.0,1.0,3.0,2,3,4080654400,9,8.79734240362812,16,9.969205215419501
31,0,Travel_Rarely,Sales,2,Life Sciences,Female,2,Research Scientist,Divorced,3.0,12,1,10.0,3,7,1,7,4.0,4.0,2.0,3,3,12642753600,100,6.0799437102300535,34,9.982326235927557
37,0,Travel_Rarely,Sales,3,Marketing,Male,4,Human Resources,Divorced,1.0,13,0,7.0,2,7,0,7,1.0,3.0,4.0,3,3,25702502400,16,7.412775403608737,27,9.992229344729344
32,0,Travel_Rarely,Research & Development,3,Other,Male,2,Sales Executive,Married,1.0,11,0,9.0,2,9,7,8,1.0,4.0,3.0,3,3,557904400,441,8.112133190883192,27,10.01303656220323
38,0,Travel_Frequently,Research & Development,3,Medical,Male,2,Manufacturing Director,Single,1.0,17,3,10.0,2,10,9,9,4.0,4.0,3.0,3,3,26660358400,625,6.184593079922027,33,9.985344785575048
50,0,Travel_Rarely,Sales,4,Marketing,Female,4,Research Scientist,Divorced,5.0,14,3,29.0,2,27,13,8,2.0,3.0,2.0,3,3,7015737600,4,9.529191609977325,16,10.020083900226759
59,0,Travel_Rarely,Research & Development,3,Technical Degree,Male,1,Laboratory Technician,Single,7.0,11,0,28.0,6,21,7,9,1.0,1.0,2.0,3,3,27575923600,1,6.9034710648148145,21,10.001438657407409
36,0,Travel_Rarely,Sales,2,Marketing,Female,2,Sales Executive,Divorced,1.0,14,2,17.0,3,17,12,8,3.0,3.0,3.0,3,3,7406323600,1,6.0043942577030815,23,9.974802754435107
55,0,Travel_Rarely,Research & Development,3,Medical,Male,3,Research Scientist,Divorced,2.0,17,1,21.0,2,5,0,2,4.0,3.0,3.0,3,3,516198400,49,8.117567632850243,31,9.977628019323673
36,0,Travel_Frequently,Research & Development,3,Life Sciences,Female,2,Laboratory Technician,Single,1.0,13,0,6.0,5,6,0,3,2.0,2.0,3.0,3,3,407232400,9,7.211824074074074,21,10.020850694444444
45,0,Travel_Rarely,Research & Development,2,Medical,Female,1,Sales Executive,Divorced,2.0,12,1,25.0,5,1,0,0,2.0,1.0,3.0,3,3,5016888900,1,6.770771475256769,23,9.981214985994397
35,0,Travel_Frequently,Human Resources,3,Other,Female,2,Sales Representative,Married,4.0,13,1,5.0,3,3,1,2,2.0,1.0,2.0,3,3,1667905600,81,6.08270863137816,28,10.002331902718169
36,1,Travel_Rarely,Sales,2,Life Sciences,Male,4,Laboratory Technician,Married,0.0,18,3,2.0,2,1,0,0,4.0,3.0,2.0,4,3,20767692100,49,8.87298726851852,21,10.00078587962963
59,0,Travel_Frequently,Research & Development,4,Life Sciences,Male,3,Research Scientist,Single,7.0,19,1,20.0,4,4,1,3,1.0,3.0,2.0,2,3,532686400,100,6.809138418079097,25,9.98418549905838
29,0,Travel_Rarely,Research & Development,4,Life Sciences,Female,1,Sales Representative,Married,0.0,11,0,6.0,3,5,0,4,3.0,2.0,3.0,3,3,2343528100,784,7.797563131313132,19,9.996887052341599
31,0,Travel_Rarely,Research & Development,2,Medical,Female,3,Sales Executive,Single,1.0,21,1,1.0,2,1,1,0,3.0,2.0,3.0,1,4,1836122500,9,6.308999302649931,22,10.005969316596932
32,0,Travel_Rarely,Sales,4,Life Sciences,Male,2,Manufacturing Director,Married,1.0,15,1,10.0,1,10,0,9,2.0,2.0,3.0,2,3,9438122500,9,7.5021654846335695,26,9.987560283687943
36,0,Travel_Rarely,Research & Development,3,Life Sciences,Male,2,Sales Representative,Married,3.0,17,0,5.0,2,1,0,0,2.0,4.0,3.0,3,3,1866240000,4,7.192458804143126,25,10.024756355932205
31,0,Travel_Rarely,Research & Development,3,Medical,Female,2,Research Director,Single,1.0,18,0,11.0,3,11,1,8,3.0,4.0,3.0,3,3,454542400,729,6.103305898491083,18,10.024103795153177
35,0,Travel_Rarely,Research & Development,4,Medical,Male,2,Healthcare Representative,Single,0.0,14,1,16.0,2,15,2,8,3.0,1.0,3.0,4,3,10249537600,4,6.036447626040137,34,10.011231032794909
45,0,Travel_Rarely,Human Resources,3,Human Resources,Female,1,Sales Executive,Married,4.0,13,0,17.0,3,0,0,0,4.0,1.0,4.0,1,3,2995372900,196,8.942251334303737,32,9.992411450752062
37,0,Travel_Rarely,Research & Development,3,Life Sciences,Female,3,Sales Executive,Single,4.0,17,3,16.0,3,5,0,2,1.0,3.0,4.0,3,3,2711284900,1,6.592121101364522,33,10.017029727095517
46,0,Travel_Rarely,Research & Development,3,Medical,Male,3,Manager,Divorced,8.0,15,1,16.0,0,4,0,2,2.0,2.0,3.0,3,3,27017496900,81,10.29169289461135,28,9.965485216976633
30,0,Travel_Rarely,Sales,3,Life Sciences,Male,4,Human Resources,Married,1.0,18,1,10.0,2,10,3,0,4.0,4.0,2.0,3,3,527161600,324,9.193685666185667,30,10.021622174122173
35,0,Travel_Rarely,Research & Development,4,Life Sciences,Female,3,Human Resources,Single,1.0,13,0,6.0,5,6,0,4,2.0,3.0,3.0,3,3,1655676100,400,7.903942768199234,29,9.989752155172413
55,0,Travel_Rarely,Research & Development,3,Life Sciences,Female,2,Laboratory Technician,Married,3.0,12,1,24.0,4,1,1,0,1.0,4.0,3.0,3,3,5536848100,4,6.689085038986355,33,10.017838693957113
38,0,Non-Travel,Sales,1,Marketing,Male,2,Laboratory Technician,Divorced,7.0,13,2,17.0,2,13,1,9,2.0,4.0,3.0,4,3,590490000,121,8.799516203703705,21,10.001659722222222
34,0,Travel_Rarely,Research & Development,2,Medical,Male,1,Research Scientist,Married,1.0,14,0,5.0,1,5,1,3,1.0,2.0,3.0,3,3,3455088400,64,7.969375917767988,34,9.986045031815957
56,0,Travel_Rarely,Human Resources,1,Medical,Male,2,Sales Executive,Single,4.0,11,1,37.0,2,6,0,2,4.0,4.0,2.0,3,3,699073600,4,6.303037974683544,24,10.024651898734177
23,0,Travel_Rarely,Research & Development,3,Medical,Male,2,Laboratory Technician,Divorced,3.0,22,3,3.0,2,0,0,0,3.0,1.0,3.0,3,4,4146072100,100,6.400710514233242,19,10.000851698806244
51,0,Travel_Rarely,Research & Development,4,Life Sciences,Female,5,Manufacturing Director,Married,3.0,17,0,10.0,2,4,0,3,4.0,4.0,3.0,2,3,600740100,841,6.680548668503214,19,10.032946510560148
30,0,Travel_Rarely,Sales,2,Technical Degree,Male,1,Sales Representative,Married,1.0,21,1,11.0,2,11,10,8,3.0,4.0,3.0,4,4,4085766400,64,7.580297291092746,19,10.01415404040404
46,1,Travel_Rarely,Sales,2,Medical,Female,2,Research Scientist,Single,1.0,22,0,9.0,0,9,4,7,3.0,4.0,3.0,3,4,9436179600,1,6.2123274231678485,26,10.020991725768322
40,0,Travel_Frequently,Research & Development,3,Medical,Male,1,Healthcare Representative,Married,1.0,16,2,22.0,2,22,11,11,3.0,2.0,2.0,2,3,3692992900,36,7.393092592592593,21,10.003810185185186
51,0,Travel_Rarely,Research & Development,4,Life Sciences,Female,5,Sales Representative,Single,0.0,12,1,11.0,2,10,1,0,3.0,4.0,1.0,3,3,600250000,64,10.108070175438597,14,10.014933648223122
30,0,Travel_Rarely,Research & Development,3,Life Sciences,Male,1,Manufacturing Director,Divorced,1.0,12,3,11.0,0,11,2,7,3.0,2.0,2.0,3,3,8556250000,81,8.0854113018598,28,9.98324988078207
46,0,Travel_Frequently,Research & Development,1,Medical,Male,1,Laboratory Technician,Married,2.0,15,1,21.0,3,10,9,5,3.0,1.0,2.0,3,3,430147600,144,9.029782559198543,17,9.961683743169399
32,0,Travel_Rarely,Sales,3,Marketing,Male,1,Research Scientist,Single,1.0,14,0,12.0,6,11,5,7,2.0,3.0,3.0,2,3,10340856100,225,7.266001182033096,26,10.000218676122932
54,0,Travel_Rarely,Research & Development,1,Medical,Female,1,Laboratory Technician,Married,9.0,25,1,16.0,2,4,0,3,1.0,3.0,1.0,2,4,2357102500,625,7.6289959981167605,25,9.969052495291901
24,0,Travel_Rarely,Sales,2,Marketing,Male,2,Research Scientist,Married,0.0,20,3,4.0,1,3,0,2,1.0,3.0,2.0,3,4,1670356900,36,7.780240271917487,24,9.978468120018753
28,0,Non-Travel,Sales,4,Medical,Male,2,Laboratory Technician,Married,1.0,13,0,5.0,2,5,0,4,2.0,3.0,4.0,2,3,560268900,81,5.9836557971014495,31,10.009971014492754
58,0,Travel_Rarely,Research & Development,4,Life Sciences,Male,2,Sales Executive,Single,0.0,14,0,38.0,2,37,1,8,4.0,3.0,2.0,4,3,883278400,64,7.103534836065574,17,10.003556466302367
44,0,Non-Travel,Research & Development,2,Medical,Female,1,Research Scientist,Married,4.0,16,0,17.0,3,3,1,2,2.0,2.0,4.0,2,3,38361139600,529,6.709030092592593,21,10.02611689814815
37,1,Travel_Rarely,Human Resources,3,Human Resources,Male,2,Healthcare Representative,Divorced,4.0,17,0,7.0,4,3,0,2,3.0,1.0,3.0,3,3,3007425600,81,10.150894557823129,16,9.976004535147391
32,0,Travel_Rarely,Human Resources,2,Human Resources,Female,1,Sales Representative,Single,1.0,15,1,1.0,2,1,0,0,4.0,1.0,3.0,2,3,424772100,144,7.979950266860747,32,9.962190684133915
20,1,Travel_Frequently,Sales,4,Life Sciences,Female,2,Healthcare Representative,Single,1.0,22,0,1.0,3,1,1,0,4.0,4.0,3.0,3,4,9848577600,16,10.725876251788268,28,10.009114210777302
34,0,Travel_Rarely,Research & Development,4,Other,Male,4,Laboratory Technician,Single,1.0,22,1,16.0,2,16,2,10,1.0,3.0,3.0,2,4,1762320400,1,7.589314128943759,18,10.009389574759945
37,0,Non-Travel,Sales,2,Life Sciences,Male,1,Research Scientist,Divorced,5.0,20,1,17.0,3,1,0,0,3.0,4.0,4.0,3,4,4644422500,576,7.763286838340487,28,10.004483786361469
59,0,Non-Travel,Research & Development,2,Life Sciences,Male,2,Sales Executive,Married,9.0,14,0,30.0,0,3,2,2,3.0,4.0,3.0,3,3,2230672900,144,7.192599290780142,26,9.985660756501181
50,0,Travel_Frequently,Research & Development,4,Medical,Male,4,Research Scientist,Married,3.0,13,2,28.0,3,8,0,7,1.0,2.0,2.0,2,3,3772416400,9,9.614590643274855,14,10.015296896086369
25,1,Travel_Rarely,Sales,1,Marketing,Male,2,Research Director,Single,1.0,13,0,6.0,6,6,0,3,3.0,3.0,3.0,2,3,6784816900,100,8.532735760971056,23,10.00703431372549
25,0,Travel_Rarely,Research & Development,3,Technical Degree,Male,1,Laboratory Technician,Married,1.0,22,1,2.0,3,2,2,1,4.0,4.0,3.0,3,4,7837560900,676,7.7015386473429945,31,10.00072463768116
22,0,Travel_Rarely,Research & Development,1,Life Sciences,Male,1,Sales Representative,Single,1.0,12,1,1.0,2,0,0,0,2.0,4.0,3.0,3,3,37368756100,4,6.311839371980676,31,10.007506038647342
51,0,Travel_Frequently,Research & Development,3,Life Sciences,Female,1,Sales Executive,Single,3.0,14,1,23.0,4,13,12,8,1.0,1.0,2.0,3,3,429732900,1,7.474746326905417,19,9.998925619834711
34,1,Travel_Frequently,Human Resources,4,Life Sciences,Female,5,Sales Executive,Single,1.0,15,0,9.0,3,9,0,6,1.0,3.0,3.0,3,3,3093584400,16,8.195805795019158,29,9.978649425287356
54,0,Non-Travel,Research & Development,3,Life Sciences,Male,1,Laboratory Technician,Single,2.0,17,0,23.0,5,5,4,4,4.0,4.0,3.0,3,3,38466976900,81,8.075190748688604,28,10.016815689079637
24,0,Travel_Rarely,Research & Development,1,Life Sciences,Male,2,Laboratory Technician,Married,0.0,13,1,6.0,4,5,1,2,2.0,3.0,3.0,3,3,1160764900,4,6.530900673400674,30,9.989512987012988
34,0,Travel_Rarely,Sales,3,Marketing,Female,2,Sales Representative,Divorced,6.0,12,1,12.0,2,1,0,0,3.0,2.0,3.0,3,3,2563396900,16,6.0196475770925115,34,9.975665687714146
37,0,Travel_Rarely,Sales,1,Technical Degree,Male,1,Laboratory Technician,Single,2.0,12,2,12.0,3,5,1,3,3.0,4.0,3.0,3,3,2152032100,36,6.219499029597283,32,9.960345705967978
34,0,Travel_Rarely,Sales,2,Medical,Male,2,Healthcare Representative,Single,2.0,21,1,14.0,3,11,5,8,3.0,1.0,3.0,3,4,2377537600,81,7.892017224648229,32,9.993500727802038
36,0,Travel_Frequently,Human Resources,3,Medical,Male,1,Research Scientist,Married,0.0,11,0,10.0,1,9,2,8,2.0,4.0,3.0,3,3,723610000,49,8.026875283446712,16,9.994678004535148
36,0,Travel_Rarely,Research & Development,3,Medical,Female,2,Manufacturing Director,Divorced,5.0,13,0,7.0,6,1,0,0,1.0,4.0,3.0,3,3,30859948900,1,7.506159003831417,29,10.003726053639847
43,0,Travel_Frequently,Research & Development,4,Life Sciences,Male,1,Sales Executive,Married,1.0,12,1,25.0,3,25,4,12,3.0,4.0,4.0,3,3,579846400,9,8.667025273224045,17,10.014192850637523
30,0,Travel_Frequently,Research & Development,3,Life Sciences,Female,3,Healthcare Representative,Divorced,1.0,24,0,10.0,2,10,0,9,1.0,3.0,2.0,3,4,791859600,100,7.911322081575246,24,9.9829676511955
33,0,Non-Travel,Sales,3,Life Sciences,Male,2,Sales Executive,Married,0.0,21,0,8.0,3,7,0,7,3.0,2.0,4.0,3,4,12645002500,49,6.736566859066859,30,9.998609908609907
56,1,Travel_Rarely,Research & Development,3,Life Sciences,Male,2,Laboratory Technician,Married,9.0,19,0,7.0,1,5,4,3,2.0,2.0,3.0,1,3,1096934400,225,9.003661723163843,25,10.034969397363465
51,0,Travel_Rarely,Research & Development,2,Other,Female,2,Sales Representative,Single,7.0,14,1,23.0,2,20,15,15,1.0,3.0,3.0,3,3,36286440100,9,6.718495762711864,25,10.002465866290018
31,1,Travel_Rarely,Research & Development,4,Technical Degree,Female,3,Sales Executive,Married,4.0,20,0,12.0,2,7,7,7,2.0,3.0,2.0,3,4,458388100,4,8.396202908917502,28,10.005509060562709
26,0,Travel_Rarely,Sales,3,Medical,Female,2,Manager,Married,1.0,19,0,5.0,4,5,4,3,3.0,2.0,2.0,2,3,3328136100,289,7.718274853801169,33,9.99860380116959
58,1,Travel_Rarely,Sales,2,Medical,Female,1,Research Scientist,Married,1.0,13,1,40.0,2,40,15,6,4.0,4.0,2.0,2,3,1922822500,4,7.566837068160597,23,9.996127450980392
19,1,Travel_Rarely,Research & Development,2,Life Sciences,Male,1,Manager,Single,1.0,23,1,0.0,2,0,0,0,4.0,3.0,2.0,3,4,2843022400,25,9.410347512784751,22,10.006134356113437
22,0,Travel_Rarely,Sales,4,Technical Degree,Male,1,Sales Executive,Married,0.0,13,1,3.0,1,2,2,1,3.0,4.0,3.0,3,3,2174356900,841,6.39757696007696,30,10.009315776815777
49,0,Travel_Rarely,Research & Development,3,Life Sciences,Female,1,Sales Executive,Married,1.0,11,1,16.0,3,15,5,11,3.0,1.0,2.0,2,3,2231617600,4,7.196874704491726,26,9.993579196217494
43,0,Travel_Frequently,Sales,2,Life Sciences,Male,1,Sales Executive,Single,4.0,13,0,18.0,2,3,1,2,2.0,3.0,3.0,4,3,1031052100,4,7.990022675736962,16,10.006373015873017
50,0,Travel_Frequently,Research & Development,4,Life Sciences,Male,2,Sales Executive,Single,4.0,14,1,16.0,3,2,2,1,3.0,4.0,3.0,4,3,2891212900,361,7.084341339155749,32,10.000682920912178
31,1,Travel_Rarely,Research & Development,1,Medical,Female,2,Sales Executive,Married,3.0,22,0,4.0,2,2,2,2,2.0,3.0,3.0,2,4,1653235600,225,8.38609375,21,10.012197916666667
41,0,Travel_Rarely,Research & Development,2,Other,Male,1,Manufacturing Director,Divorced,3.0,11,3,12.0,2,9,0,7,3.0,3.0,3.0,1,3,2712326400,289,8.089008916323731,18,9.992309099222679
26,0,Travel_Rarely,Research & Development,4,Life Sciences,Male,2,Sales Executive,Married,1.0,13,1,8.0,5,8,5,7,3.0,3.0,3.0,4,3,2378512900,289,7.87903371320038,27,10.01304012345679
36,0,Travel_Rarely,Human Resources,1,Human Resources,Male,2,Research Scientist,Divorced,6.0,21,1,7.0,2,3,0,1,2.0,2.0,3.0,4,4,971568900,625,6.792215419501134,16,10.00309977324263
51,1,Travel_Frequently,Research & Development,3,Life Sciences,Female,1,Manager,Single,2.0,11,0,18.0,2,4,0,3,1.0,4.0,3.0,4,3,246176100,36,7.193490896358543,23,9.978936741363212
39,0,Travel_Rarely,Research & Development,3,Life Sciences,Female,1,Research Scientist,Married,4.0,13,1,17.0,3,15,5,9,4.0,3.0,4.0,4,3,38643696400,49,7.933086158192091,25,9.999572740112995
25,0,Travel_Rarely,Sales,1,Medical,Female,3,Research Scientist,Married,2.0,14,1,6.0,3,2,2,2,1.0,3.0,3.0,2,3,941876100,841,7.785092208390964,20,10.000239741816504
30,0,Travel_Rarely,Research & Development,1,Medical,Male,2,Laboratory Technician,Married,0.0,11,0,12.0,5,11,4,7,3.0,4.0,1.0,3,3,10888922500,441,10.030638039786512,32,10.029368025230472
32,1,Travel_Rarely,Research & Development,4,Life Sciences,Female,2,Research Director,Single,7.0,15,0,10.0,0,5,0,4,1.0,1.0,4.0,2,3,1720590400,4,7.915311065197429,19,9.969234389348026
45,0,Travel_Rarely,Research & Development,1,Technical Degree,Female,2,Healthcare Representative,Single,5.0,23,1,9.0,4,6,0,3,3.0,4.0,2.0,3,4,3326982400,4,7.409882478632478,27,10.014891975308641
38,0,Travel_Rarely,Research & Development,4,Life Sciences,Female,2,Research Director,Single,3.0,16,1,19.0,4,3,2,2,4.0,3.0,3.0,3,3,2542176400,49,10.426072295002426,32,9.980796943231441
30,0,Travel_Rarely,Sales,3,Marketing,Female,2,Laboratory Technician,Single,1.0,16,1,5.0,2,5,0,4,1.0,3.0,2.0,4,3,3329290000,169,6.693944901691815,18,10.002209647919525
32,0,Travel_Frequently,Sales,3,Marketing,Male,3,Laboratory Technician,Divorced,0.0,21,0,9.0,3,8,0,7,4.0,4.0,4.0,3,4,6015553600,4,6.489492544492544,30,10.012008177008177
30,0,Travel_Rarely,Research & Development,3,Medical,Female,3,Sales Executive,Divorced,5.0,13,0,8.0,5,3,2,2,4.0,1.0,3.0,3,3,10621363600,1,6.674859903381643,31,9.98337922705314
30,0,Travel_Rarely,Sales,3,Medical,Male,2,Research Scientist,Single,0.0,11,1,6.0,3,5,1,2,2.0,4.0,3.0,3,3,1549209600,81,6.430403608736943,27,9.982646011396012
41,0,Travel_Frequently,Sales,2,Medical,Female,3,Manufacturing Director,Divorced,4.0,12,1,21.0,6,7,7,7,4.0,1.0,2.0,2,3,6312302500,100,7.281752955082743,26,10.0059231678487
41,0,Travel_Rarely,Research & Development,4,Medical,Male,4,Research Scientist,Married,2.0,12,3,7.0,2,5,1,4,3.0,1.0,3.0,4,3,3298204900,100,7.996069739952719,26,10.000489361702128
19,0,Travel_Rarely,Research & Development,3,Other,Female,5,Manufacturing Director,Single,1.0,18,3,1.0,2,1,0,0,2.0,2.0,3.0,2,3,23110080400,1,6.412936507936507,23,10.021858076563959
40,0,Travel_Frequently,Research & Development,4,Medical,Male,2,Manufacturing Director,Divorced,1.0,12,1,20.0,2,20,2,13,2.0,2.0,3.0,3,3,2959360000,676,7.022685969868173,25,10.04888418079096
35,0,Travel_Rarely,Sales,1,Marketing,Female,3,Laboratory Technician,Married,1.0,14,3,10.0,2,10,0,6,3.0,2.0,3.0,3,3,1413760000,64,7.3577151300236405,26,9.968275413711584
53,0,Travel_Rarely,Sales,2,Life Sciences,Female,5,Manufacturing Director,Married,2.0,12,1,13.0,1,7,4,5,2.0,3.0,1.0,2,3,1236928900,196,10.932706855791963,26,9.9944609929078
45,0,Travel_Rarely,Sales,4,Technical Degree,Male,1,Research Scientist,Divorced,8.0,17,3,20.0,3,17,0,15,2.0,2.0,1.0,3,3,665640000,1,6.843852157943067,19,10.01838728191001
32,0,Travel_Frequently,Sales,2,Life Sciences,Female,1,Manufacturing Director,Single,1.0,19,1,9.0,4,9,3,7,2.0,4.0,3.0,1,3,469155600,4,7.894804526748971,18,10.006523776863283
29,0,Non-Travel,Research & Development,4,Technical Degree,Male,3,Healthcare Representative,Married,1.0,11,1,10.0,6,10,0,9,4.0,3.0,3.0,4,3,3444516100,100,6.118706018518519,21,9.978725694444444
51,0,Travel_Rarely,Research & Development,3,Other,Female,3,Research Director,Married,2.0,15,1,10.0,4,1,0,0,2.0,3.0,3.0,3,3,6412806400,1,7.583658625730995,33,10.011323099415206
58,0,Travel_Rarely,Sales,3,Marketing,Female,1,Research Scientist,Married,4.0,11,3,9.0,4,1,0,0,2.0,2.0,2.0,1,3,2710243600,9,9.953753472222221,21,10.021952546296296
40,0,Travel_Rarely,Research & Development,2,Technical Degree,Male,4,Laboratory Technician,Married,7.0,18,0,15.0,4,12,2,11,3.0,4.0,2.0,3,3,2803702500,121,6.194080543425521,32,9.99534813197477
34,0,Travel_Frequently,Sales,4,Marketing,Male,2,Manufacturing Director,Married,6.0,16,0,6.0,1,4,1,2,3.0,3.0,3.0,3,3,26938656900,576,7.026667884990253,33,9.995480019493176
22,0,Travel_Rarely,Research & Development,3,Medical,Male,1,Laboratory Technician,Married,1.0,25,1,2.0,2,2,2,2,3.0,4.0,3.0,3,4,17606636100,9,7.703482552800734,19,9.971592056932966
27,0,Non-Travel,Research & Development,3,Medical,Male,1,Healthcare Representative,Divorced,6.0,16,1,6.0,2,2,2,2,4.0,2.0,1.0,4,3,774508900,9,6.2832463768115945,31,10.035657004830918
28,0,Travel_Rarely,Sales,4,Life Sciences,Male,2,Healthcare Representative,Married,1.0,13,1,5.0,4,5,0,2,3.0,4.0,1.0,2,3,2951748900,16,6.489963042441583,28,9.985650929899856
57,0,Travel_Rarely,Research & Development,3,Life Sciences,Male,2,Manufacturing Director,Divorced,3.0,14,1,12.0,5,5,1,4,3.0,4.0,1.0,3,3,405216900,9,10.88718439716312,26,9.986658392434988
27,0,Non-Travel,Research & Development,3,Life Sciences,Male,1,Manufacturing Director,Divorced,1.0,19,0,1.0,1,1,0,1,3.0,3.0,2.0,3,3,19504915600,4,10.613379818594105,16,10.00251814058957
50,0,Travel_Rarely,Research & Development,3,Life Sciences,Female,2,Manufacturing Director,Single,3.0,15,1,21.0,5,5,4,4,3.0,2.0,3.0,4,3,1913187600,16,6.223148148148148,18,10.001890717878371
41,0,Travel_Rarely,Sales,4,Marketing,Male,4,Laboratory Technician,Divorced,4.0,12,1,13.0,3,9,1,8,1.0,3.0,3.0,3,3,4681296400,49,6.183541666666667,29,10.021290708812261
30,0,Travel_Rarely,Human Resources,4,Human Resources,Female,1,Manager,Married,2.0,12,1,12.0,0,10,7,4,2.0,4.0,3.0,2,3,30366547600,1,6.886836355183636,22,9.996459786145978
38,0,Travel_Rarely,Sales,1,Medical,Male,2,Laboratory Technician,Single,4.0,16,0,12.0,0,8,0,7,1.0,4.0,4.0,2,3,30986560900,1,6.278257887517146,18,9.993190443529949
32,0,Travel_Rarely,Research & Development,3,Medical,Female,1,Manufacturing Director,Single,3.0,14,1,8.0,3,5,1,4,3.0,3.0,3.0,3,3,2098556100,400,6.930907651072125,33,10.009372563352827
27,0,Travel_Rarely,Research & Development,4,Medical,Male,2,Healthcare Representative,Married,0.0,13,0,6.0,2,5,1,1,3.0,2.0,2.0,3,3,2242022500,25,8.924711761971176,22,10.009721059972106
19,1,Travel_Frequently,Research & Development,2,Life Sciences,Male,2,Healthcare Representative,Single,0.0,22,1,1.0,4,0,0,0,3.0,1.0,4.0,3,4,1753096900,100,7.514374090247453,32,9.975237748665696
36,0,Travel_Frequently,Sales,3,Marketing,Female,2,Research Director,Single,4.0,21,2,13.0,3,8,7,2,4.0,2.0,2.0,3,4,3030502500,625,7.428980696798494,25,9.992309322033899
30,0,Non-Travel,Sales,3,Medical,Female,1,Sales Executive,Divorced,1.0,18,1,12.0,2,12,6,10,3.0,1.0,3.0,3,3,2992090000,1,6.828885445362718,19,10.009390495867768
45,0,Travel_Rarely,Research & Development,2,Medical,Male,2,Sales Executive,Divorced,4.0,13,1,9.0,3,5,0,3,3.0,1.0,4.0,3,3,2998657600,576,8.115692148760331,19,10.014484618916438
56,0,Travel_Rarely,Research & Development,3,Life Sciences,Male,4,Manager,Divorced,4.0,12,0,19.0,2,2,2,2,3.0,1.0,3.0,2,3,669256900,16,8.298600780532599,19,10.026904269972452
33,0,Travel_Rarely,Research & Development,2,Medical,Male,1,Sales Executive,Single,0.0,18,3,4.0,4,3,0,2,3.0,4.0,4.0,3,3,595360000,4,6.8169341138659325,19,10.01047520661157
19,1,Travel_Rarely,Research & Development,2,Life Sciences,Male,2,Sales Executive,Single,1.0,21,0,1.0,2,1,1,0,2.0,4.0,2.0,3,4,25510478400,64,7.1971643518518515,21,10.022422453703703
46,0,Travel_Rarely,Research & Development,3,Technical Degree,Female,2,Laboratory Technician,Divorced,1.0,12,0,24.0,1,24,15,7,2.0,1.0,3.0,1,3,23651364100,100,6.8578174603174595,30,10.004598364598365
38,0,Travel_Rarely,Sales,4,Life Sciences,Male,1,Manufacturing Director,Single,1.0,14,0,2.0,3,2,2,1,3.0,4.0,3.0,4,3,5015472400,16,7.9008730158730165,23,10.016549953314659
31,0,Travel_Rarely,Sales,5,Life Sciences,Male,2,Sales Representative,Married,8.0,11,0,7.0,3,4,0,2,3.0,4.0,3.0,4,3,744198400,4,10.368086675887506,20,10.010162517289073
34,0,Travel_Rarely,Sales,3,Marketing,Female,2,Manager,Single,2.0,14,1,9.0,2,3,1,2,4.0,2.0,3.0,3,3,2881542400,81,6.208591787439613,31,9.977227053140096
41,1,Travel_Rarely,Research & Development,4,Life Sciences,Male,5,Laboratory Technician,Single,1.0,24,1,4.0,1,4,0,2,2.0,2.0,2.0,3,4,2859040900,324,10.05429196217494,26,10.00057328605201
50,0,Travel_Rarely,Sales,4,Marketing,Male,3,Sales Executive,Married,2.0,11,0,5.0,4,3,0,2,3.0,3.0,2.0,2,3,1020802500,361,6.77911814653081,32,9.999038088306646
53,0,Travel_Rarely,Sales,2,Life Sciences,Male,1,Manager,Divorced,1.0,13,0,5.0,2,4,1,3,4.0,1.0,3.0,3,3,1591212100,1,6.132815602836879,26,10.007625295508275
33,0,Travel_Rarely,Research & Development,3,Life Sciences,Male,1,Human Resources,Married,1.0,11,3,8.0,6,8,1,6,4.0,2.0,3.0,1,3,1092963600,16,7.506620370370371,21,10.010934027777779
40,0,Travel_Rarely,Research & Development,3,Life Sciences,Female,2,Sales Executive,Married,1.0,20,2,21.0,2,20,9,9,4.0,3.0,3.0,3,4,4907002500,121,6.2197065217391305,31,9.996103864734298
55,0,Travel_Rarely,Research & Development,1,Life Sciences,Female,2,Laboratory Technician,Single,8.0,17,0,36.0,0,24,2,15,3.0,2.0,3.0,2,3,704902500,36,6.09393365472911,19,9.96629132231405
34,0,Travel_Frequently,Human Resources,4,Other,Female,1,Research Scientist,Married,1.0,11,2,10.0,4,10,1,9,4.0,3.0,2.0,4,3,194044900,49,6.819717553688142,23,10.002091503267973
51,0,Travel_Rarely,Human Resources,2,Human Resources,Male,2,Sales Representative,Single,3.0,18,0,21.0,2,7,1,0,4.0,2.0,3.0,3,3,660490000,16,7.382190214906265,18,9.996939871970737
52,0,Travel_Rarely,Research & Development,4,Medical,Female,2,Sales Representative,Married,0.0,11,1,34.0,3,33,11,9,3.0,3.0,3.0,3,3,1251036900,4,6.266114798426745,35,10.000814896755163
27,0,Travel_Rarely,Sales,3,Marketing,Male,1,Research Scientist,Single,1.0,12,2,7.0,3,7,0,3,4.0,2.0,2.0,3,3,1588819600,225,7.528170068027211,16,9.959662131519273
35,1,Travel_Rarely,Research & Development,4,Life Sciences,Female,2,Research Director,Married,3.0,12,0,8.0,3,1,0,1,2.0,3.0,3.0,4,3,11843968900,4,8.999426937441644,23,10.014083800186741
45,0,Non-Travel,Research & Development,2,Medical,Female,1,Sales Executive,Married,9.0,19,0,22.0,3,20,11,8,1.0,4.0,3.0,3,3,9072562500,81,6.208377871542429,24,9.997938349742148
37,0,Travel_Rarely,Research & Development,3,Life Sciences,Female,1,Research Scientist,Married,1.0,12,0,8.0,2,8,1,7,2.0,1.0,2.0,1,3,857904100,49,10.083961556493202,24,9.991530707923113
35,0,Travel_Frequently,Research & Development,3,Other,Male,2,Research Director,Single,5.0,13,0,10.0,2,6,1,2,2.0,2.0,3.0,4,3,517562500,1,6.1174161877394635,29,10.00954382183908
42,0,Non-Travel,Research & Development,1,Technical Degree,Male,2,Sales Executive,Divorced,2.0,11,1,11.0,2,5,0,2,3.0,3.0,3.0,3,3,6207864100,1,6.392047884704788,22,9.987995118549511
38,0,Travel_Rarely,Sales,2,Marketing,Male,5,Research Scientist,Married,9.0,14,0,14.0,0,1,0,0,4.0,3.0,3.0,3,3,2430490000,64,6.299181481481481,36,10.002332098765432
38,0,Travel_Rarely,Human Resources,1,Human Resources,Female,1,Manufacturing Director,Married,3.0,14,1,9.0,3,7,1,7,4.0,4.0,1.0,4,3,6157540900,625,7.283589743589743,27,9.98712962962963
27,0,Travel_Frequently,Research & Development,4,Medical,Male,1,Manager,Married,5.0,13,0,6.0,4,2,2,0,3.0,1.0,3.0,2,3,1936880100,169,6.521139005113901,22,10.005135983263598
49,0,Non-Travel,Research & Development,1,Other,Female,2,Sales Executive,Divorced,1.0,19,1,7.0,5,7,1,7,4.0,4.0,3.0,3,3,8539608100,529,9.59264058956916,16,9.992413832199547
34,0,Travel_Frequently,Research & Development,2,Medical,Male,4,Sales Representative,Divorced,1.0,23,0,5.0,2,5,2,0,4.0,3.0,4.0,3,4,884467600,49,10.514044772620721,24,10.005146507266762
40,0,Travel_Rarely,Research & Development,3,Medical,Female,1,Laboratory Technician,Married,8.0,12,2,15.0,0,7,3,7,3.0,4.0,4.0,2,3,2026800400,529,10.400431972789116,16,10.021606575963718
38,1,Travel_Rarely,Sales,4,Life Sciences,Female,3,Research Scientist,Married,7.0,15,0,17.0,3,1,0,0,2.0,1.0,3.0,3,3,11551950400,36,8.400432367149758,31,10.011229468599034
29,1,Travel_Rarely,Sales,2,Life Sciences,Female,2,Research Scientist,Married,1.0,19,2,10.0,2,10,1,9,2.0,4.0,2.0,3,3,241802500,100,6.715693277310924,23,10.018731325863678
22,0,Travel_Rarely,Research & Development,3,Life Sciences,Female,4,Healthcare Representative,Divorced,1.0,11,2,4.0,3,4,2,2,4.0,2.0,2.0,3,3,16734009600,1,8.49421739130435,31,9.991863526570048
36,0,Travel_Frequently,Research & Development,3,Life Sciences,Female,2,Laboratory Technician,Single,1.0,17,0,8.0,3,8,1,7,2.0,4.0,3.0,3,3,531302500,1,7.506036556036555,30,9.993918951418951
40,0,Non-Travel,Research & Development,2,Life Sciences,Male,1,Manufacturing Director,Married,9.0,22,0,5.0,2,3,0,2,4.0,4.0,1.0,4,4,27902361600,784,6.108284662867996,27,9.957629392212725
46,0,Travel_Rarely,Research & Development,1,Medical,Male,5,Research Scientist,Divorced,7.0,18,0,17.0,3,4,0,3,4.0,1.0,3.0,3,3,1178548900,625,6.019111346516007,25,9.985625
32,1,Travel_Rarely,Research & Development,3,Medical,Male,1,Healthcare Representative,Married,1.0,11,0,14.0,2,14,9,8,4.0,4.0,2.0,4,3,1208952900,25,7.798501821493625,17,10.030404143897997
30,0,Non-Travel,Research & Development,4,Life Sciences,Male,2,Healthcare Representative,Single,1.0,12,1,12.0,2,11,5,8,3.0,3.0,3.0,2,3,4134490000,289,8.02510401891253,26,9.99771158392435
27,0,Travel_Frequently,Research & Development,2,Medical,Female,1,Laboratory Technician,Single,1.0,19,1,7.0,4,7,0,7,4.0,3.0,3.0,3,3,4245825600,324,6.187480506822612,33,10.006172027290447
51,0,Travel_Rarely,Research & Development,1,Medical,Female,1,Manufacturing Director,Married,5.0,13,0,16.0,2,10,4,7,2.0,2.0,1.0,3,3,1526464900,4,6.688292654579265,22,9.981567875406787
30,1,Travel_Rarely,Research & Development,4,Life Sciences,Female,2,Research Scientist,Single,5.0,13,0,8.0,3,5,0,4,4.0,1.0,3.0,2,3,3093584400,100,8.483143090569563,23,10.001526610644259
41,0,Travel_Rarely,Research & Development,3,Life Sciences,Male,2,Human Resources,Single,3.0,19,2,16.0,3,1,0,0,4.0,4.0,3.0,2,3,4737568900,1,9.080530838041431,25,10.002231638418078
29,1,Travel_Rarely,Research & Development,3,Life Sciences,Male,1,Sales Executive,Single,0.0,13,0,7.0,3,6,1,5,3.0,3.0,2.0,2,3,2478048400,4,7.803890056022409,23,9.964562324929972
45,0,Non-Travel,Research & Development,3,Medical,Female,2,Research Scientist,Single,6.0,12,2,23.0,2,19,12,8,4.0,4.0,3.0,3,3,10749542400,4,6.583583900226757,16,9.989
54,0,Travel_Rarely,Sales,2,Marketing,Female,2,Laboratory Technician,Married,2.0,19,0,16.0,2,6,0,5,4.0,1.0,3.0,2,3,3762595600,64,6.371495815899581,22,10.008627382612739
36,0,Travel_Rarely,Research & Development,4,Life Sciences,Male,1,Healthcare Representative,Single,8.0,25,2,16.0,3,13,3,7,4.0,2.0,4.0,2,4,4536022500,256,7.622738095238095,23,10.017861811391223
33,0,Travel_Rarely,Sales,1,Other,Female,3,Sales Executive,Married,6.0,22,2,7.0,2,3,1,1,3.0,2.0,3.0,3,4,1085702500,81,7.508465829846583,22,9.969389818688983
37,0,Travel_Frequently,Sales,4,Life Sciences,Male,2,Laboratory Technician,Divorced,1.0,15,1,10.0,5,10,0,7,2.0,4.0,3.0,3,3,2743664400,4,10.113996647509579,29,9.993690134099618
38,0,Travel_Rarely,Research & Development,2,Medical,Male,4,Laboratory Technician,Divorced,0.0,12,0,17.0,4,16,5,13,1.0,3.0,2.0,3,3,4188678400,1,6.934340277777777,29,9.994293582375478
31,0,Non-Travel,Sales,1,Medical,Female,3,Research Scientist,Married,0.0,11,1,6.0,2,5,1,4,3.0,3.0,3.0,2,3,9235210000,16,5.972023319615912,18,9.991761545496114
59,0,Travel_Rarely,Research & Development,3,Life Sciences,Female,3,Manager,Married,3.0,13,0,7.0,2,1,0,0,3.0,4.0,3.0,3,3,39334788900,25,6.214212570621468,25,10.010632062146891
37,0,Travel_Frequently,Sales,3,Marketing,Female,2,Laboratory Technician,Divorced,4.0,19,0,13.0,2,9,5,8,1.0,4.0,3.0,3,3,9517953600,4,7.020965550703542,32,10.000217127607957
29,0,Travel_Frequently,Sales,4,Medical,Female,1,Sales Executive,Married,1.0,19,3,11.0,4,11,4,1,2.0,4.0,3.0,3,3,2468102400,225,6.28642361111111,21,10.005681712962964
35,0,Travel_Frequently,Research & Development,3,Life Sciences,Female,1,Sales Executive,Single,1.0,13,0,10.0,6,10,0,8,3.0,3.0,4.0,2,3,460102500,361,5.982920768870136,24,10.009867557430848
29,1,Travel_Rarely,Research & Development,1,Life Sciences,Female,1,Research Scientist,Single,1.0,21,0,4.0,2,4,0,1,3.0,4.0,2.0,3,4,475240000,49,8.365998155832182,20,10.030714615029968
52,0,Travel_Rarely,Research & Development,2,Medical,Female,4,Manager,Single,7.0,14,0,6.0,5,2,2,2,3.0,4.0,2.0,3,3,6965571600,1,7.386176963601533,29,9.998144157088122
42,0,Travel_Rarely,Research & Development,4,Life Sciences,Female,2,Sales Executive,Married,1.0,11,2,22.0,2,22,11,15,3.0,4.0,3.0,3,3,1186802500,49,6.401950405340963,28,10.00432641869337
59,0,Travel_Rarely,Research & Development,4,Technical Degree,Male,1,Healthcare Representative,Married,8.0,11,0,7.0,3,2,2,2,2.0,3.0,2.0,4,3,761760000,16,6.696338061465721,26,9.990055555555555
50,0,Travel_Rarely,Research & Development,2,Life Sciences,Male,2,Sales Executive,Divorced,3.0,23,1,32.0,2,7,0,6,4.0,4.0,2.0,4,4,3961443600,121,7.682673041894354,17,10.002644581056465
33,1,Travel_Rarely,Sales,4,Marketing,Male,1,Research Scientist,Married,5.0,21,0,8.0,2,5,0,4,3.0,4.0,1.0,2,4,5097960000,121,10.900699275362319,31,10.031754830917874
43,0,Travel_Rarely,Sales,3,Marketing,Female,2,Manufacturing Director,Married,5.0,24,0,22.0,3,17,1,9,4.0,4.0,3.0,3,4,859662400,1,9.317622549019609,23,9.98388772175537
33,1,Travel_Rarely,Sales,3,Life Sciences,Male,2,Manager,Married,7.0,11,0,13.0,2,9,1,7,1.0,1.0,4.0,3,3,2649160900,1,7.10071346242508,20,9.99874827109267
52,0,Non-Travel,Research & Development,3,Technical Degree,Male,1,Sales Executive,Single,1.0,14,0,33.0,3,33,15,12,1.0,3.0,4.0,2,3,2031304900,4,8.800496376811596,31,9.980009661835748
32,0,Travel_Rarely,Human Resources,4,Life Sciences,Female,3,Manufacturing Director,Married,2.0,16,1,6.0,2,4,1,2,3.0,2.0,3.0,2,3,7334209600,169,8.019951590594744,20,10.005978561549101
32,1,Travel_Rarely,Sales,1,Life Sciences,Male,3,Healthcare Representative,Single,0.0,11,0,4.0,2,3,1,2,4.0,3.0,1.0,3,3,609102400,529,10.182786087369422,27,9.987653133903134
39,0,Travel_Rarely,Sales,4,Life Sciences,Male,2,Research Director,Divorced,7.0,12,1,7.0,2,3,1,2,3.0,3.0,3.0,4,3,6660192100,676,6.318539351851852,21,10.011903935185185
32,0,Non-Travel,Sales,4,Marketing,Male,4,Research Scientist,Married,0.0,13,1,4.0,3,3,2,2,3.0,4.0,3.0,2,3,444788100,4,6.210912193973635,25,9.988283898305086
41,0,Travel_Rarely,Sales,3,Life Sciences,Female,2,Laboratory Technician,Divorced,2.0,15,0,17.0,3,1,0,0,3.0,1.0,2.0,2,3,2802643600,841,6.091800281293952,24,9.986210736052508
45,0,Travel_Rarely,Research & Development,1,Life Sciences,Female,2,Sales Representative,Married,0.0,14,0,25.0,4,24,1,7,3.0,4.0,3.0,2,3,3376772100,324,6.942974137931034,29,10.001580459770114
31,0,Travel_Frequently,Research & Development,4,Medical,Male,1,Research Scientist,Divorced,9.0,14,1,9.0,3,2,2,2,2.0,3.0,3.0,4,3,593896900,49,7.324519890260631,18,10.003267032464564
33,0,Travel_Rarely,Research & Development,4,Life Sciences,Female,1,Sales Executive,Married,1.0,12,1,2.0,2,2,0,2,3.0,4.0,2.0,3,3,765075600,4,6.760009832841691,35,9.998681170108162
34,0,Travel_Rarely,Research & Development,3,Other,Female,1,Sales Executive,Married,6.0,13,0,13.0,3,11,5,9,4.0,1.0,3.0,2,3,36244544400,676,6.393331056466303,17,9.965732012750456
37,0,Travel_Rarely,Research & Development,5,Medical,Female,2,Manufacturing Director,Married,2.0,14,3,17.0,3,3,0,2,3.0,1.0,2.0,3,3,933302500,484,7.593826530612245,16,10.002340136054423
45,0,Travel_Frequently,Sales,1,Marketing,Male,3,Research Scientist,Married,4.0,13,0,9.0,3,3,0,2,1.0,3.0,3.0,2,3,523952100,441,8.004546533713201,27,10.012438271604939
37,1,Travel_Frequently,Sales,3,Marketing,Male,1,Laboratory Technician,Divorced,6.0,11,1,17.0,2,1,0,0,1.0,3.0,3.0,3,3,1600800100,4,7.07385431568908,28,9.982778969957081
39,0,Travel_Frequently,Research & Development,3,Medical,Female,1,Manufacturing Director,Single,0.0,19,1,20.0,2,19,11,8,3.0,3.0,3.0,3,3,16809122500,484,7.441578884078884,30,10.014289321789322
29,0,Travel_Rarely,Sales,3,Other,Female,2,Human Resources,Single,1.0,18,0,6.0,2,6,1,5,3.0,4.0,3.0,2,3,1252452100,16,7.301593507087334,18,9.99254343850023
42,0,Travel_Rarely,Research & Development,4,Medical,Female,1,Research Scientist,Single,3.0,17,1,10.0,5,3,0,2,4.0,1.0,3.0,3,3,3634884100,25,8.514418971373122,32,9.982501213003395
29,0,Travel_Rarely,Research & Development,4,Medical,Male,1,Laboratory Technician,Divorced,2.0,15,0,10.0,2,3,0,2,4.0,4.0,3.0,2,3,717704100,4,6.081796951819076,35,10.025041789577188
25,0,Travel_Rarely,Research & Development,2,Life Sciences,Male,2,Sales Executive,Married,0.0,20,0,5.0,4,4,1,2,1.0,3.0,3.0,3,4,1370480400,625,7.718641078838175,20,9.99569041032734
42,0,Travel_Rarely,Sales,2,Medical,Male,1,Laboratory Technician,Divorced,0.0,14,1,10.0,2,9,7,8,4.0,1.0,3.0,2,3,575040400,324,9.495627572016462,18,9.987310242341106
40,0,Travel_Rarely,Research & Development,3,Medical,Male,2,Laboratory Technician,Divorced,0.0,12,0,22.0,6,21,3,9,1.0,3.0,3.0,4,3,2989902400,784,7.01772427140255,17,10.0170366575592
51,0,Travel_Rarely,Sales,2,Life Sciences,Female,1,Healthcare Representative,Married,1.0,11,0,1.0,6,1,0,0,3.0,4.0,2.0,3,3,17202945600,36,7.420300625300626,30,10.027869167869168
31,1,Travel_Frequently,Research & Development,1,Life Sciences,Female,1,Research Scientist,Single,0.0,23,1,6.0,3,5,1,4,3.0,2.0,4.0,2,4,1754772100,100,7.702797702766057,24,9.995553211439288
32,0,Travel_Frequently,Research & Development,4,Other,Male,4,Sales Executive,Married,1.0,15,3,5.0,2,5,0,3,2.0,2.0,1.0,3,3,37357158400,289,7.0129084967320265,23,10.012745098039215
38,0,Non-Travel,Research & Development,5,Life Sciences,Male,3,Human Resources,Married,3.0,11,3,13.0,5,8,7,5,4.0,4.0,3.0,2,3,6923904100,4,7.221461925287356,29,9.98646551724138
32,0,Travel_Rarely,Research & Development,1,Medical,Male,1,Sales Executive,Single,4.0,12,2,9.0,2,6,0,4,4.0,1.0,3.0,3,3,548496400,100,7.9793561676082865,25,10.009551553672315
46,0,Travel_Rarely,Research & Development,3,Life Sciences,Female,4,Research Director,Married,3.0,13,0,28.0,5,7,7,7,3.0,2.0,2.0,3,3,1657304100,64,10.815976890756302,23,9.980102707749767
28,1,Travel_Rarely,Research & Development,2,Medical,Male,2,Sales Executive,Single,2.0,20,1,5.0,2,0,0,0,1.0,3.0,1.0,3,4,3379096900,121,6.895297787193974,25,9.993408662900189
29,0,Travel_Rarely,Research & Development,3,Life Sciences,Male,2,Sales Executive,Married,2.0,22,3,10.0,2,0,0,0,1.0,2.0,3.0,3,4,987844900,324,6.726156189083821,33,9.98052753411306
31,0,Travel_Rarely,Research & Development,3,Life Sciences,Male,3,Laboratory Technician,Married,0.0,21,0,10.0,2,9,7,8,2.0,4.0,3.0,3,4,417793600,1,7.226828989483311,18,10.022385688157293
25,0,Non-Travel,Research & Development,4,Medical,Female,4,Laboratory Technician,Divorced,1.0,13,1,6.0,2,6,1,5,2.0,1.0,3.0,3,3,18127929600,49,7.08512741046832,19,10.015990587695134
45,0,Travel_Rarely,Research & Development,2,Medical,Male,2,Laboratory Technician,Married,0.0,13,2,21.0,2,20,4,10,3.0,4.0,3.0,2,3,6385608100,289,8.40964906264289,18,9.997548010973937
36,0,Travel_Rarely,Research & Development,1,Life Sciences,Male,1,Laboratory Technician,Married,0.0,12,2,16.0,2,15,10,11,4.0,4.0,3.0,3,3,1140412900,784,7.072117467043315,25,10.015342514124294
55,0,Travel_Rarely,Research & Development,4,Life Sciences,Female,1,Sales Executive,Single,0.0,17,0,37.0,2,36,4,13,4.0,1.0,3.0,3,3,3066944400,196,9.27186226851852,21,10.004030092592592
47,1,Non-Travel,Research & Development,1,Medical,Male,1,Research Scientist,Married,1.0,11,2,10.0,4,10,9,9,1.0,2.0,2.0,2,3,3320064400,1,9.422889344262295,17,9.995121812386158
28,0,Travel_Rarely,Research & Development,3,Life Sciences,Male,1,Manufacturing Director,Married,1.0,14,0,5.0,2,5,0,4,4.0,4.0,2.0,3,3,671846400,1,6.066950589970502,35,10.01271878072763
37,0,Travel_Rarely,Research & Development,3,Life Sciences,Male,2,Healthcare Representative,Married,4.0,11,0,7.0,2,5,0,1,3.0,4.0,4.0,3,3,2857971600,1,6.701199813258637,23,9.994244864612511
21,0,Travel_Rarely,Research & Development,2,Life Sciences,Male,1,Laboratory Technician,Single,1.0,12,3,3.0,3,3,1,0,4.0,3.0,4.0,2,3,1774936900,9,6.594208572796935,29,9.977326388888889
37,0,Non-Travel,Research & Development,3,Medical,Male,2,Sales Executive,Divorced,2.0,13,1,15.0,2,5,0,2,1.0,4.0,3.0,3,3,1703212900,1,11.001878952122855,15,9.999162149954833
35,0,Travel_Rarely,Sales,4,Life Sciences,Male,1,Sales Representative,Divorced,7.0,16,0,10.0,5,7,6,2,2.0,2.0,2.0,2,3,594384400,49,7.030591168091168,27,9.996927825261158
38,0,Travel_Rarely,Research & Development,3,Life Sciences,Female,1,Manager,Divorced,1.0,11,1,8.0,5,8,7,7,1.0,1.0,3.0,3,3,4719690000,64,9.294923215898827,15,9.978338979223125
26,0,Travel_Frequently,Research & Development,4,Other,Male,2,Laboratory Technician,Divorced,1.0,18,0,6.0,3,6,1,4,3.0,2.0,1.0,3,3,10913980900,1,7.546754571026724,24,9.983598218471636
50,0,Travel_Rarely,Sales,4,Life Sciences,Male,1,Research Scientist,Divorced,3.0,23,0,28.0,2,10,1,6,1.0,2.0,2.0,2,4,9345088900,64,5.9777025715672,32,9.975801795245026
53,0,Travel_Rarely,Research & Development,4,Life Sciences,Female,2,Research Scientist,Married,3.0,11,0,21.0,2,5,1,3,3.0,3.0,2.0,3,3,461390400,121,8.349351851851853,33,10.006290204678363
42,0,Travel_Rarely,Research & Development,4,Life Sciences,Male,1,Manufacturing Director,Married,1.0,14,0,20.0,4,20,11,6,2.0,3.0,3.0,1,3,7967347600,16,6.814167890357317,34,9.975583700440529
29,0,Travel_Frequently,Research & Development,4,Medical,Male,1,Laboratory Technician,Single,1.0,11,1,10.0,2,10,0,9,2.0,4.0,2.0,3,3,4241916900,256,7.103465491923642,34,9.993447136563876
55,0,Travel_Rarely,Research & Development,4,Other,Female,1,Research Scientist,Married,3.0,11,0,12.0,2,10,0,8,2.0,4.0,3.0,3,3,4622640100,1,9.400733867054829,32,10.000958272683164
26,0,Travel_Frequently,Research & Development,3,Life Sciences,Female,1,Manager,Married,1.0,22,0,5.0,3,5,3,3,1.0,1.0,3.0,3,4,26539668100,81,11.00306473829201,19,9.96922520661157
37,0,Travel_Rarely,Sales,1,Marketing,Male,1,Research Scientist,Single,1.0,11,0,17.0,2,17,5,7,4.0,4.0,3.0,3,3,731702500,25,7.611183891314896,32,9.996507763221738
44,1,Travel_Frequently,Research & Development,2,Medical,Male,2,Research Scientist,Divorced,3.0,14,1,19.0,2,1,0,0,4.0,3.0,1.0,2,3,10677088900,1,11.021406771578446,28,9.997136385312352
38,0,Travel_Rarely,Sales,3,Marketing,Female,1,Manager,Divorced,9.0,12,0,10.0,3,2,1,2,4.0,4.0,3.0,2,3,1978470400,4,6.781370056497176,25,10.01624529190207
26,1,Travel_Rarely,Research & Development,3,Medical,Male,3,Research Scientist,Divorced,2.0,11,0,5.0,5,3,0,2,1.0,2.0,3.0,2,3,4697731600,16,10.13693533697632,17,9.993140938069217
28,0,Travel_Rarely,Research & Development,3,Other,Male,1,Human Resources,Single,1.0,13,0,5.0,6,5,0,2,4.0,4.0,3.0,2,3,9287176900,49,6.700665954415955,27,10.027064339981006
49,0,Travel_Frequently,Research & Development,1,Medical,Female,2,Research Scientist,Single,9.0,13,0,22.0,2,3,1,2,3.0,1.0,3.0,3,3,1289528100,1,10.511506734006733,30,10.00339466089466
36,0,Travel_Rarely,Sales,3,Technical Degree,Male,3,Sales Executive,Single,4.0,14,0,10.0,2,8,7,7,3.0,2.0,3.0,3,3,2921402500,25,6.1994655414908575,24,9.997203469292078
31,0,Travel_Frequently,Research & Development,4,Medical,Male,1,Sales Executive,Divorced,1.0,16,1,2.0,4,2,2,2,4.0,2.0,2.0,3,3,2193985600,81,6.5930073461891645,19,9.99696854912764
26,1,Travel_Rarely,Research & Development,3,Medical,Male,2,Manager,Single,1.0,12,2,8.0,5,8,7,4,4.0,4.0,3.0,3,3,24922936900,64,10.273392687559353,27,9.998141025641026
37,0,Travel_Frequently,Sales,1,Marketing,Male,1,Laboratory Technician,Married,1.0,14,0,4.0,3,4,1,2,2.0,4.0,2.0,3,3,229219600,81,10.029451476793248,24,9.978873652133146
42,0,Travel_Frequently,Sales,2,Marketing,Male,3,Research Director,Married,5.0,13,0,23.0,2,20,4,8,3.0,2.0,4.0,3,3,873793600,4,6.0334113060428844,33,10.003440545808967
18,1,Travel_Rarely,Research & Development,4,Life Sciences,Male,1,Sales Executive,Single,1.0,14,2,0.0,3,0,0,0,3.0,3.0,3.0,2,3,545222500,1,6.770954785954785,30,9.984262866762865
35,0,Travel_Rarely,Sales,2,Life Sciences,Male,1,Laboratory Technician,Married,0.0,19,0,12.0,2,11,6,9,3.0,2.0,2.0,2,3,2656371600,400,7.696398109727985,20,9.997125403411712
36,0,Travel_Frequently,Research & Development,3,Other,Female,3,Sales Executive,Married,4.0,12,2,4.0,2,1,0,0,3.0,4.0,3.0,2,3,4846944400,64,7.18869976359338,26,9.993185579196217
51,0,Travel_Rarely,Research & Development,3,Life Sciences,Male,2,Laboratory Technician,Divorced,5.0,13,0,13.0,2,4,1,2,4.0,2.0,3.0,2,3,3220562500,4,7.606370214752567,23,9.986342203548086
41,0,Travel_Rarely,Research & Development,1,Life Sciences,Male,1,Laboratory Technician,Single,1.0,12,0,22.0,6,22,0,4,4.0,2.0,3.0,3,3,565964100,841,6.925646591970121,23,9.981617647058822
18,0,Travel_Rarely,Sales,3,Life Sciences,Male,1,Research Scientist,Single,1.0,15,0,0.0,3,0,0,0,4.0,3.0,3.0,3,3,1453134400,49,6.973782231598688,24,10.011241209563993
28,0,Travel_Rarely,Research & Development,3,Medical,Male,1,Sales Representative,Single,0.0,23,2,9.0,2,8,0,7,2.0,1.0,3.0,2,4,2160390400,81,7.201891701828411,24,9.996930379746836
31,0,Travel_Rarely,Research & Development,1,Technical Degree,Male,1,Manufacturing Director,Married,4.0,12,1,10.0,2,8,7,7,2.0,4.0,2.0,3,3,862009600,64,7.210875979714154,20,9.979019133241124
39,0,Travel_Rarely,Sales,4,Marketing,Female,2,Human Resources,Divorced,0.0,20,0,19.0,3,18,3,7,3.0,4.0,2.0,3,4,443102500,25,7.600149051490515,15,9.991194670280036
36,0,Non-Travel,Research & Development,4,Life Sciences,Male,1,Sales Executive,Married,7.0,21,0,11.0,4,9,0,8,2.0,2.0,3.0,3,4,7358208400,25,7.826676286676286,30,10.024568302068301
32,0,Travel_Rarely,Sales,3,Marketing,Male,2,Laboratory Technician,Married,1.0,21,1,13.0,4,13,4,8,4.0,3.0,2.0,3,4,732243600,4,6.953546918767507,23,10.001350373482726
38,0,Travel_Rarely,Research & Development,2,Life Sciences,Female,3,Research Scientist,Married,3.0,19,2,19.0,4,10,0,1,1.0,2.0,3.0,2,3,4075545600,25,6.88454523107178,35,10.029038839724679
58,0,Non-Travel,Research & Development,3,Life Sciences,Male,2,Manufacturing Director,Divorced,2.0,13,2,12.0,3,5,1,2,4.0,3.0,3.0,2,3,1574502400,4,10.898085399449036,19,9.993200183654729
31,0,Travel_Rarely,Research & Development,1,Technical Degree,Female,3,Research Scientist,Married,0.0,13,1,6.0,3,5,0,3,3.0,4.0,3.0,2,3,9814864900,400,9.100579297245964,27,10.028675213675212
31,0,Travel_Rarely,Sales,4,Marketing,Male,2,Sales Executive,Married,3.0,21,1,9.0,2,2,1,0,1.0,1.0,3.0,3,4,17490062500,49,6.827082175925926,21,10.004652777777778
45,0,Travel_Frequently,Research & Development,1,Medical,Female,1,Sales Executive,Divorced,1.0,13,0,24.0,6,24,9,11,1.0,1.0,3.0,3,3,1253160000,9,7.299360991893181,28,10.006508106819267
31,0,Travel_Rarely,Sales,4,Marketing,Female,2,Research Scientist,Divorced,0.0,19,2,3.0,0,2,2,2,3.0,4.0,1.0,3,3,786241600,256,8.615947441217152,20,10.037029737206085
33,0,Travel_Frequently,Research & Development,3,Life Sciences,Male,4,Research Director,Married,6.0,12,1,12.0,3,10,8,8,4.0,2.0,3.0,3,3,37604966400,81,6.763073997233748,20,10.015410327339788
39,0,Travel_Rarely,Sales,4,Life Sciences,Male,1,Sales Executive,Married,1.0,22,1,21.0,6,21,11,10,3.0,1.0,3.0,3,4,38671222500,1,10.997257089725709,22,9.985590423059042
43,0,Travel_Frequently,Research & Development,4,Medical,Male,4,Research Scientist,Single,0.0,15,0,9.0,2,8,1,7,3.0,4.0,3.0,3,3,594872100,49,7.6803487253487255,30,9.986984126984126
49,0,Travel_Rarely,Research & Development,3,Life Sciences,Male,3,Manufacturing Director,Single,7.0,22,0,25.0,2,7,0,7,3.0,3.0,3.0,3,4,5349459600,1,9.991833098921706,24,9.97865096108767
52,1,Travel_Rarely,Research & Development,1,Life Sciences,Female,2,Research Scientist,Married,2.0,18,1,11.0,2,8,7,7,3.0,2.0,2.0,3,3,2279107600,49,7.913886473429952,31,10.005243961352656
27,0,Travel_Rarely,Research & Development,4,Medical,Male,3,Research Scientist,Single,1.0,22,0,4.0,2,4,1,2,3.0,2.0,2.0,3,4,1522560400,225,10.689522996357013,17,10.005002276867032
32,0,Travel_Rarely,Research & Development,3,Life Sciences,Male,3,Research Scientist,Married,1.0,11,1,13.0,6,13,11,9,3.0,2.0,3.0,4,3,708624400,1,10.529409576940958,22,9.998634356113437
27,0,Travel_Rarely,Research & Development,2,Medical,Female,4,Research Director,Single,1.0,12,2,5.0,5,5,0,4,4.0,3.0,3.0,4,3,815673600,169,10.103739050253573,20,10.003925772245275
31,0,Travel_Rarely,Sales,3,Life Sciences,Male,2,Healthcare Representative,Divorced,4.0,11,3,13.0,4,7,1,7,4.0,4.0,3.0,4,3,116856100,576,6.624016548463357,26,10.002115839243498
32,0,Travel_Rarely,Research & Development,3,Technical Degree,Male,2,Healthcare Representative,Single,7.0,13,0,10.0,2,7,0,7,1.0,4.0,2.0,3,3,611078400,49,7.500045695045695,30,10.03836099086099
28,1,Travel_Rarely,Research & Development,4,Medical,Male,1,Sales Executive,Married,5.0,14,1,5.0,4,3,2,2,1.0,4.0,2.0,2,3,3218292900,81,10.722796296296297,21,10.006949074074075
30,0,Travel_Rarely,Research & Development,3,Life Sciences,Female,4,Research Director,Married,1.0,13,0,11.0,3,10,1,9,4.0,4.0,3.0,3,3,1761480900,169,6.20279012345679,36,9.978809876543211
31,0,Travel_Frequently,Research & Development,1,Life Sciences,Female,1,Manager,Married,1.0,17,0,10.0,5,10,8,9,3.0,3.0,3.0,2,3,9434236900,4,6.587253734827264,23,9.980091036414565
39,0,Travel_Frequently,Research & Development,4,Medical,Female,1,Research Scientist,Married,1.0,13,0,21.0,4,21,13,3,3.0,4.0,3.0,3,3,425184400,361,6.085376728659991,28,9.982000476871722
39,1,Travel_Rarely,Research & Development,1,Medical,Female,1,Laboratory Technician,Married,4.0,17,1,12.0,0,1,0,0,4.0,3.0,2.0,3,3,1835265600,1,10.018378250591017,26,9.967335697399527
33,0,Travel_Frequently,Sales,2,Life Sciences,Male,4,Research Scientist,Single,3.0,11,1,9.0,0,7,0,1,2.0,4.0,2.0,3,3,2292494400,16,7.38912970910825,28,9.996738197424893
47,0,Travel_Rarely,Research & Development,3,Life Sciences,Female,2,Healthcare Representative,Married,4.0,23,0,21.0,4,3,1,1,4.0,3.0,3.0,4,4,3488083600,16,6.50920269642027,22,9.991347047884705
43,0,Travel_Frequently,Research & Development,3,Medical,Female,5,Research Director,Divorced,1.0,17,2,9.0,2,9,0,0,3.0,3.0,4.0,3,3,1510099600,196,6.316731884057971,31,10.01315700483092
27,0,Non-Travel,Research & Development,3,Life Sciences,Male,1,Research Director,Married,0.0,17,0,6.0,3,5,1,4,3.0,2.0,3.0,3,3,28301332900,4,9.298370132953467,27,10.011155033238365
54,0,Travel_Frequently,Research & Development,4,Life Sciences,Male,2,Research Scientist,Single,3.0,12,2,20.0,2,4,0,3,4.0,3.0,2.0,3,3,860248900,1,6.113697556477639,20,10.001551406177963
43,0,Travel_Rarely,Research & Development,2,Life Sciences,Female,2,Manager,Married,8.0,23,0,10.0,3,1,0,0,3.0,1.0,2.0,3,4,4225000000,49,7.199790748898678,34,10.024357562408222
45,0,Travel_Rarely,Sales,1,Marketing,Female,1,Sales Executive,Married,9.0,14,1,12.0,6,10,9,8,4.0,4.0,3.0,3,3,29494627600,9,7.089812021072797,29,10.024018199233716
40,0,Travel_Rarely,Research & Development,4,Other,Male,4,Research Scientist,Married,2.0,14,2,6.0,6,4,0,2,2.0,4.0,2.0,3,3,2533108900,4,9.893391393442624,17,9.994270264116576
29,1,Travel_Rarely,Research & Development,3,Medical,Female,1,Research Scientist,Married,1.0,13,1,7.0,0,7,0,7,2.0,1.0,2.0,3,3,532224900,841,10.506102906704173,24,9.993872480075012
29,0,Travel_Rarely,Human Resources,3,Medical,Male,3,Sales Representative,Single,0.0,22,2,4.0,3,3,2,2,2.0,4.0,3.0,3,4,669256900,64,6.917478369763206,17,10.021238615664844
30,0,Travel_Rarely,Research & Development,3,Life Sciences,Male,2,Research Scientist,Divorced,1.0,12,2,10.0,2,10,1,2,4.0,3.0,3.0,2,3,3032704900,100,7.593638888888889,21,9.984756944444445
27,0,Travel_Rarely,Research & Development,2,Medical,Male,1,Manager,Married,1.0,18,1,8.0,2,8,0,7,2.0,2.0,3.0,2,3,1929844900,121,6.125528252611586,27,10.025258784425452
37,0,Travel_Rarely,Sales,4,Life Sciences,Male,2,Healthcare Representative,Divorced,7.0,14,0,8.0,4,6,0,4,4.0,4.0,2.0,3,3,17816910400,1,6.0287616713352,23,10.000727124183006
38,0,Travel_Rarely,Research & Development,4,Medical,Male,1,Laboratory Technician,Divorced,0.0,12,0,12.0,1,11,2,9,3.0,4.0,3.0,3,3,4333588900,784,8.990253164556963,24,10.016460384435067
29,0,Travel_Rarely,Research & Development,4,Life Sciences,Male,3,Sales Executive,Divorced,1.0,11,0,7.0,0,7,1,7,4.0,2.0,3.0,3,3,1582448400,9,8.375703309692671,26,10.010138297872341
35,0,Travel_Rarely,Sales,2,Technical Degree,Male,3,Manager,Single,0.0,13,1,17.0,3,16,0,13,3.0,2.0,3.0,4,3,647193600,256,7.913146945646946,30,10.03254329004329
23,0,Travel_Rarely,Research & Development,4,Life Sciences,Male,1,Manufacturing Director,Divorced,1.0,23,0,4.0,2,4,0,2,3.0,4.0,2.0,2,4,2914920100,400,7.131063458856346,22,9.983998140399812
41,0,Travel_Rarely,Research & Development,2,Life Sciences,Female,1,Laboratory Technician,Single,6.0,19,2,8.0,0,5,1,2,4.0,2.0,3.0,3,3,3010716900,81,9.68606325863679,23,9.987985527544351
47,0,Travel_Frequently,Sales,3,Medical,Female,2,Laboratory Technician,Single,3.0,16,1,5.0,2,0,0,0,2.0,3.0,3.0,4,3,4670355600,1,7.781565972222222,21,10.035135416666668
42,0,Travel_Rarely,Research & Development,4,Life Sciences,Male,1,Manager,Single,2.0,22,0,16.0,0,1,0,0,1.0,4.0,3.0,1,4,119028100,9,6.323136473429951,31,9.960183574879228
29,0,Non-Travel,Sales,4,Marketing,Male,2,Human Resources,Married,1.0,22,0,4.0,1,4,0,2,4.0,3.0,2.0,2,4,3290169600,484,6.295467278719397,25,9.99046257062147
42,0,Travel_Rarely,Sales,4,Medical,Male,3,Research Scientist,Divorced,0.0,12,1,4.0,3,3,1,0,3.0,3.0,3.0,2,3,495507600,49,8.775288238028823,22,10.039234077173408
32,0,Travel_Rarely,Research & Development,3,Medical,Male,2,Research Scientist,Married,1.0,13,0,8.0,0,8,0,7,3.0,2.0,3.0,3,3,3302800900,4,7.719472101972102,30,10.022507215007215
48,0,Travel_Rarely,Sales,4,Medical,Male,4,Sales Executive,Married,3.0,16,1,15.0,2,0,0,0,1.0,3.0,1.0,2,3,9710131600,169,7.304210144927536,31,9.992566425120772
37,0,Travel_Rarely,Research & Development,5,Technical Degree,Male,2,Manufacturing Director,Divorced,4.0,12,0,13.0,2,7,6,7,3.0,1.0,3.0,3,3,2988808900,64,10.815693863319387,22,9.99647140864714
30,0,Non-Travel,Sales,4,Other,Male,1,Healthcare Representative,Married,7.0,21,1,4.0,0,2,2,2,4.0,3.0,4.0,3,4,2894440000,625,10.423221500721501,30,10.003727753727754
26,0,Travel_Rarely,Sales,3,Medical,Female,5,Laboratory Technician,Married,1.0,15,3,8.0,3,8,7,7,3.0,3.0,3.0,3,3,2653280100,784,5.980144675925926,21,9.98015162037037
42,0,Travel_Rarely,Sales,2,Medical,Female,1,Laboratory Technician,Single,3.0,13,2,14.0,2,1,0,0,1.0,4.0,3.0,3,3,454968900,4,6.077879515317787,18,9.997512574302696
21,1,Travel_Frequently,Research & Development,3,Medical,Female,4,Manufacturing Director,Single,1.0,12,0,3.0,5,3,1,2,1.0,2.0,3.0,2,3,31951562500,81,8.080786052009458,26,10.031637115839244
36,0,Non-Travel,Human Resources,3,Human Resources,Male,2,Laboratory Technician,Single,4.0,22,0,7.0,4,1,0,0,4.0,4.0,3.0,1,4,591462400,784,7.304043073910916,34,10.029517865883506
36,0,Travel_Frequently,Research & Development,3,Life Sciences,Female,2,Research Scientist,Married,4.0,13,1,16.0,2,13,1,12,1.0,4.0,3.0,3,3,2276244100,36,7.088579710144927,31,10.029827294685989
57,0,Travel_Rarely,Research & Development,4,Life Sciences,Male,5,Research Scientist,Married,2.0,18,0,15.0,2,3,1,2,4.0,3.0,3.0,1,3,36714392100,441,6.295064855604504,34,10.034850709740578
40,0,Travel_Rarely,Research & Development,3,Other,Male,2,Sales Executive,Married,3.0,14,1,10.0,3,7,1,7,4.0,3.0,3.0,3,3,2587756900,64,8.112756944444445,21,10.01068287037037
21,0,Non-Travel,Research & Development,5,Life Sciences,Female,2,Manager,Single,1.0,14,0,3.0,2,3,2,2,1.0,4.0,2.0,1,3,819676900,1,7.990563725490197,23,10.020807656395892
33,1,Travel_Rarely,Human Resources,2,Human Resources,Female,5,Manager,Single,1.0,21,1,1.0,3,1,0,0,4.0,3.0,3.0,1,4,3092472100,784,10.470368055555555,21,10.02262037037037
37,0,Travel_Rarely,Research & Development,3,Life Sciences,Male,4,Research Scientist,Married,6.0,19,0,17.0,3,5,0,3,3.0,1.0,3.0,4,3,459673600,25,8.02378502415459,31,9.992615942028985
46,0,Non-Travel,Sales,4,Marketing,Female,2,Laboratory Technician,Married,2.0,11,0,7.0,3,1,0,0,3.0,3.0,4.0,3,3,939422500,4,6.10015690376569,22,9.971707345420734
41,1,Travel_Frequently,Research & Development,1,Medical,Female,1,Research Scientist,Single,1.0,11,0,8.0,3,8,7,7,1.0,2.0,3.0,4,3,789610000,256,7.621844397363465,25,10.002116290018833
50,0,Travel_Rarely,Research & Development,3,Medical,Female,3,Laboratory Technician,Single,6.0,15,0,20.0,2,4,1,3,4.0,4.0,3.0,3,3,9777254400,81,6.919409722222222,21,10.012429398148148
40,1,Travel_Rarely,Research & Development,3,Medical,Female,1,Healthcare Representative,Married,2.0,20,0,8.0,2,6,1,0,3.0,3.0,3.0,2,4,7444238400,64,9.277705979284368,25,9.984030131826742
31,0,Travel_Rarely,Research & Development,3,Life Sciences,Male,4,Human Resources,Single,0.0,24,0,3.0,5,2,2,2,3.0,2.0,3.0,3,4,821968900,1,10.785730286738351,13,9.98069556451613
21,1,Travel_Rarely,Human Resources,2,Human Resources,Male,1,Laboratory Technician,Single,1.0,12,1,1.0,2,1,0,0,3.0,2.0,3.0,3,3,2886912900,100,5.978644261545496,18,10.010034293552813
29,0,Travel_Rarely,Research & Development,3,Life Sciences,Female,2,Research Director,Single,9.0,12,1,6.0,6,3,1,2,4.0,4.0,3.0,4,3,4444888900,1,7.76798299319728,16,9.984482993197279
35,0,Travel_Rarely,Research & Development,3,Life Sciences,Female,3,Sales Executive,Single,9.0,15,0,10.0,2,1,0,0,3.0,2.0,3.0,3,3,2503000900,841,7.7136485260770975,16,10.003236961451247
27,0,Travel_Rarely,Sales,3,Life Sciences,Male,1,Sales Executive,Divorced,1.0,12,1,5.0,2,5,0,4,4.0,2.0,3.0,3,3,560268900,4,6.20977207977208,27,9.989659306742642
28,0,Travel_Rarely,Research & Development,2,Medical,Male,3,Manager,Single,1.0,12,0,7.0,2,7,0,7,2.0,4.0,3.0,2,3,816816400,4,7.11750354609929,26,10.00606973995272
49,0,Travel_Rarely,Sales,3,Technical Degree,Male,2,Manufacturing Director,Single,8.0,14,1,26.0,3,5,0,0,2.0,3.0,3.0,3,3,2708161600,4,7.829485123198513,22,10.01572059507206
51,0,Travel_Rarely,Research & Development,2,Life Sciences,Male,1,Sales Executive,Married,4.0,22,1,18.0,2,7,0,7,3.0,4.0,2.0,3,4,1685102500,1,7.598457977207977,27,9.98536680911681
36,0,Travel_Rarely,Sales,2,Life Sciences,Male,1,Sales Executive,Married,4.0,12,0,6.0,1,2,2,2,4.0,3.0,3.0,3,3,9368304100,225,6.036071265938069,17,9.985521402550091
34,1,Non-Travel,Research & Development,3,Life Sciences,Male,1,Sales Representative,Single,8.0,25,1,9.0,3,5,0,4,1.0,4.0,2.0,3,4,3155068900,49,9.121058429118776,29,10.025846503831417
55,0,Travel_Rarely,Sales,3,Marketing,Male,1,Laboratory Technician,Single,2.0,13,0,30.0,3,5,1,2,3.0,4.0,3.0,3,3,10916070400,676,8.71105395518976,18,9.991764974851394
24,0,Travel_Rarely,Research & Development,3,Life Sciences,Female,5,Manager,Divorced,1.0,18,3,5.0,4,5,0,3,4.0,3.0,4.0,3,3,839260900,1,10.002121007647323,14,9.992324561403509
26,1,Travel_Frequently,Sales,3,Life Sciences,Male,2,Manager,Single,0.0,18,3,7.0,3,6,0,4,3.0,1.0,3.0,3,3,5640010000,196,6.9786171236171235,30,10.006447811447812
22,0,Travel_Rarely,Research & Development,5,Other,Male,1,Research Scientist,Married,1.0,19,2,2.0,3,2,1,2,1.0,2.0,3.0,2,3,894608100,256,6.301039649608114,20,10.001718533886585
36,0,Travel_Rarely,Research & Development,3,Medical,Female,5,Healthcare Representative,Married,1.0,12,1,10.0,3,10,9,0,2.0,3.0,3.0,3,3,38557249600,1,6.397997635933806,26,9.98144208037825
30,1,Travel_Frequently,Sales,2,Marketing,Male,3,Research Scientist,Single,9.0,19,0,3.0,2,1,0,0,3.0,4.0,3.0,2,3,127464100,9,8.179294871794873,27,9.991437559354225
37,0,Travel_Rarely,Research & Development,1,Technical Degree,Male,1,Sales Executive,Divorced,1.0,14,1,18.0,3,18,12,17,4.0,1.0,2.0,3,3,17798228100,100,6.481071769194087,28,9.998694563662376
40,0,Travel_Rarely,Research & Development,2,Medical,Male,3,Research Scientist,Divorced,7.0,14,2,8.0,3,5,1,3,4.0,2.0,3.0,2,3,1876622400,36,6.71229196217494,26,10.007644208037824
42,0,Travel_Rarely,Research & Development,3,Medical,Female,4,Manager,Divorced,3.0,12,1,8.0,2,5,1,2,2.0,1.0,3.0,2,3,12168296100,4,7.534024390243903,15,10.007658084914183
37,0,Travel_Rarely,Sales,1,Marketing,Male,3,Sales Executive,Single,2.0,11,1,18.0,3,1,0,1,3.0,2.0,2.0,2,3,1971360000,81,9.865617283950616,18,10.010077732053041
43,0,Travel_Rarely,Sales,2,Life Sciences,Female,1,Sales Executive,Divorced,1.0,11,0,25.0,2,25,3,9,1.0,2.0,3.0,3,3,2131668900,100,7.4287553191489355,26,9.99363475177305
40,0,Travel_Rarely,Sales,2,Life Sciences,Female,1,Laboratory Technician,Married,6.0,13,0,20.0,2,1,0,0,2.0,3.0,3.0,2,3,700660900,36,7.496623931623931,27,10.001316476733143
54,0,Travel_Rarely,Human Resources,3,Life Sciences,Female,2,Manufacturing Director,Married,4.0,23,1,24.0,2,4,1,2,1.0,1.0,2.0,2,4,3998032900,81,5.990690198932557,32,10.037954876273654
34,0,Non-Travel,Research & Development,3,Medical,Male,1,Laboratory Technician,Married,9.0,20,1,6.0,3,3,1,2,3.0,3.0,3.0,3,4,3222832900,784,6.85219621749409,26,9.992848699763593
31,0,Travel_Rarely,Research & Development,4,Life Sciences,Male,3,Sales Executive,Married,1.0,15,1,13.0,2,13,3,12,2.0,1.0,1.0,2,3,478296900,100,6.1033751229105215,35,9.979508357915439
43,0,Travel_Frequently,Sales,3,Life Sciences,Female,1,Manufacturing Director,Married,7.0,14,2,8.0,3,3,1,2,4.0,4.0,3.0,2,3,1404750400,196,7.7028631602914395,17,10.01416325136612
43,0,Travel_Rarely,Sales,4,Life Sciences,Male,2,Sales Representative,Divorced,4.0,18,1,8.0,3,5,0,2,3.0,3.0,3.0,3,3,1581652900,729,8.903843586075347,28,9.976144492131617
25,0,Travel_Rarely,Human Resources,2,Human Resources,Male,1,Manufacturing Director,Single,1.0,19,1,5.0,2,5,1,3,2.0,4.0,3.0,4,3,7452868900,49,10.906502415458938,31,9.979888888888889
37,0,Non-Travel,Research & Development,3,Medical,Male,3,Laboratory Technician,Married,3.0,22,0,15.0,5,13,10,7,2.0,3.0,3.0,2,4,403206400,1,10.685216942148761,19,10.00075987144169
31,0,Travel_Rarely,Research & Development,1,Medical,Male,3,Laboratory Technician,Married,1.0,13,1,4.0,2,4,3,2,4.0,1.0,3.0,3,3,1971360000,576,7.138725694444444,21,9.974806712962964
39,0,Travel_Frequently,Research & Development,4,Technical Degree,Female,1,Sales Executive,Divorced,1.0,20,1,21.0,5,21,1,6,2.0,3.0,3.0,1,4,940648900,676,8.98591836734694,16,9.985944444444446
56,0,Travel_Frequently,Research & Development,4,Life Sciences,Female,3,Sales Executive,Married,9.0,14,0,36.0,1,7,7,7,3.0,1.0,2.0,3,3,2831304100,400,7.440674253548703,34,10.00680372001958
30,0,Travel_Rarely,Sales,4,Medical,Female,2,Manufacturing Director,Single,0.0,17,1,6.0,2,5,4,4,2.0,3.0,3.0,3,3,2926810000,25,7.581409985935302,24,10.004479606188468
28,0,Travel_Rarely,Research & Development,3,Medical,Male,3,Healthcare Representative,Divorced,1.0,13,0,10.0,2,10,1,8,3.0,1.0,3.0,2,3,14296984900,49,6.203099290780141,26,10.00447281323877
25,1,Travel_Rarely,Research & Development,2,Life Sciences,Female,3,Laboratory Technician,Married,5.0,13,0,6.0,3,2,0,2,1.0,1.0,3.0,3,3,707560000,25,6.4915693858415375,24,9.992045241443975
52,0,Travel_Rarely,Research & Development,2,Life Sciences,Female,2,Sales Representative,Married,2.0,21,0,28.0,2,5,0,4,4.0,3.0,3.0,2,4,1139062500,676,8.206621363853124,28,10.005435145445874
45,0,Travel_Rarely,Research & Development,3,Medical,Female,1,Sales Executive,Married,3.0,14,1,8.0,4,2,0,2,1.0,4.0,2.0,3,3,2598960400,4,6.792599862258953,19,9.988311524334252
52,0,Travel_Rarely,Research & Development,3,Medical,Male,2,Research Scientist,Married,2.0,11,1,31.0,3,5,1,4,4.0,4.0,1.0,3,3,2379488400,144,7.300627314814815,21,9.99120023148148
42,0,Travel_Frequently,Sales,3,Marketing,Female,2,Healthcare Representative,Divorced,2.0,13,1,19.0,0,5,0,2,1.0,3.0,3.0,2,3,804856900,100,6.798831496786042,19,9.966215564738292
30,0,Travel_Rarely,Sales,3,Marketing,Male,1,Sales Executive,Single,2.0,20,1,11.0,5,5,0,2,3.0,4.0,3.0,3,4,578883600,625,7.315416666666667,17,10.013085154826957
60,0,Travel_Rarely,Research & Development,3,Life Sciences,Female,1,Manufacturing Director,Married,5.0,18,1,33.0,4,29,11,10,1.0,1.0,1.0,3,3,514836100,100,6.205156544256121,25,9.992977871939738
46,0,Travel_Rarely,Sales,4,Marketing,Female,1,Sales Executive,Divorced,2.0,14,0,19.0,5,10,0,8,3.0,3.0,2.0,2,3,1687566400,361,7.580708568738229,25,9.969160781544256
42,0,Travel_Frequently,Research & Development,4,Technical Degree,Male,4,Sales Executive,Married,0.0,13,2,7.0,2,6,0,4,4.0,4.0,4.0,3,3,17439843600,324,6.615400572246066,28,9.997004053409633
24,1,Travel_Rarely,Research & Development,2,Medical,Male,1,Research Scientist,Single,1.0,17,1,6.0,0,5,1,4,1.0,2.0,3.0,2,3,10861808400,729,10.635645458736745,20,9.974564315352696
34,1,Travel_Frequently,Research & Development,3,Medical,Male,2,Research Scientist,Divorced,0.0,20,1,3.0,3,2,1,0,4.0,3.0,2.0,3,4,18889753600,25,6.200646551724137,29,10.004876676245212
38,0,Travel_Frequently,Sales,3,Marketing,Female,2,Sales Executive,Married,1.0,11,1,1.0,3,1,0,0,4.0,4.0,3.0,3,3,2407864900,9,8.592567663817665,27,9.984853988603989
40,0,Travel_Rarely,Sales,4,Marketing,Female,1,Sales Executive,Married,0.0,18,1,21.0,2,20,1,12,3.0,3.0,3.0,2,3,1212432400,676,6.006141044061303,29,10.014207375478927
26,0,Travel_Rarely,Research & Development,2,Medical,Female,4,Healthcare Representative,Divorced,1.0,24,0,3.0,2,3,0,2,1.0,4.0,1.0,4,4,593409600,9,6.303130761766133,32,9.97722586123241
30,0,Non-Travel,Research & Development,3,Medical,Female,2,Sales Executive,Married,4.0,18,3,9.0,2,5,1,4,3.0,4.0,1.0,2,3,566440000,225,7.906804407713499,19,10.00546487603306
29,0,Travel_Rarely,Research & Development,3,Medical,Female,3,Manufacturing Director,Married,1.0,11,0,10.0,3,10,0,7,2.0,3.0,3.0,3,3,37756376100,64,7.181322126847878,28,10.029461134954696
29,1,Travel_Rarely,Research & Development,4,Life Sciences,Male,3,Research Scientist,Married,5.0,16,1,6.0,4,2,1,1,3.0,2.0,4.0,2,3,320410000,361,6.599958576998051,33,10.011050194931775
19,1,Travel_Rarely,Research & Development,3,Medical,Male,1,Sales Executive,Single,1.0,15,2,1.0,2,1,0,0,1.0,4.0,4.0,3,3,5843073600,16,7.9253648775894545,25,9.997545903954803
30,0,Non-Travel,Research & Development,4,Life Sciences,Female,3,Research Scientist,Married,0.0,15,1,10.0,2,9,7,8,3.0,1.0,3.0,3,3,2632716100,4,6.711006944444445,21,10.016708333333334
57,0,Travel_Rarely,Research & Development,2,Life Sciences,Male,4,Research Scientist,Divorced,3.0,12,1,32.0,3,1,0,0,1.0,4.0,2.0,3,3,3976563600,4,6.319523635477583,33,10.001849415204678
50,0,Travel_Rarely,Sales,4,Life Sciences,Female,3,Manager,Married,0.0,12,0,28.0,3,27,15,7,2.0,3.0,3.0,3,3,2291536900,100,7.219125603864734,31,10.000847826086956
30,0,Non-Travel,Sales,2,Life Sciences,Male,3,Laboratory Technician,Single,0.0,22,1,12.0,3,11,6,7,3.0,4.0,2.0,3,4,35645440000,100,6.288169577874818,32,10.015897622513343
60,0,Travel_Frequently,Research & Development,3,Life Sciences,Female,4,Laboratory Technician,Married,4.0,20,0,22.0,4,18,13,11,3.0,1.0,4.0,3,4,547092100,256,7.198991898148148,21,10.013339120370372
47,0,Travel_Rarely,Research & Development,3,Technical Degree,Male,5,Manufacturing Director,Divorced,5.0,16,2,20.0,2,5,0,4,1.0,4.0,3.0,2,3,18414490000,1,7.784305555555556,21,10.01366087962963
46,0,Travel_Rarely,Sales,1,Technical Degree,Male,1,Laboratory Technician,Married,6.0,21,1,26.0,3,3,0,1,1.0,3.0,1.0,2,4,4505094400,16,6.780565175565176,30,9.99151515151515
35,0,Travel_Rarely,Research & Development,2,Medical,Female,2,Laboratory Technician,Single,0.0,12,1,6.0,2,5,4,3,4.0,3.0,3.0,3,3,2922483600,225,6.487327986982799,22,10.004440957694095
54,0,Travel_Rarely,Research & Development,4,Medical,Male,2,Human Resources,Single,7.0,11,3,19.0,2,1,0,0,3.0,3.0,3.0,3,3,7988784400,4,7.7066478342749525,25,9.98870527306968
46,0,Travel_Rarely,Research & Development,3,Life Sciences,Male,1,Healthcare Representative,Married,2.0,18,0,15.0,3,3,1,2,3.0,4.0,3.0,2,3,7809256900,4,9.19482093663912,19,9.990203168044077
31,0,Travel_Rarely,Research & Development,3,Life Sciences,Male,2,Research Director,Divorced,1.0,14,1,13.0,3,13,0,8,3.0,2.0,4.0,3,3,2854764900,49,6.413506493506493,30,10.007056277056279
33,1,Travel_Rarely,Research & Development,3,Life Sciences,Female,4,Research Director,Married,7.0,22,0,15.0,2,7,7,7,2.0,3.0,4.0,2,4,4526598400,100,8.488653757491932,20,10.017150760719227
33,1,Travel_Rarely,Sales,4,Marketing,Male,2,Research Director,Divorced,7.0,25,0,8.0,5,4,1,3,1.0,4.0,3.0,3,4,4424910400,25,6.980869363086936,22,10.025482333798234
30,0,Travel_Rarely,Research & Development,3,Life Sciences,Male,1,Sales Executive,Single,0.0,12,1,4.0,4,3,1,2,4.0,2.0,3.0,3,3,2352250000,4,6.498657796451915,23,10.009458450046685
31,1,Travel_Frequently,Research & Development,2,Medical,Female,2,Sales Executive,Married,3.0,15,2,12.0,2,1,0,0,1.0,3.0,3.0,2,3,3236472100,484,6.606826066572902,24,10.043149320206282
34,1,Travel_Frequently,Sales,1,Marketing,Male,1,Research Director,Divorced,9.0,22,1,11.0,5,3,0,2,2.0,1.0,3.0,4,4,400400100,289,11.012135565052231,27,10.010944919278254
42,0,Travel_Frequently,Research & Development,4,Medical,Female,1,Research Scientist,Married,4.0,15,3,8.0,3,2,2,0,2.0,3.0,3.0,2,3,886252900,4,7.799356725146199,33,10.016655701754384
36,0,Non-Travel,Research & Development,4,Medical,Male,1,Research Scientist,Single,1.0,11,0,10.0,3,10,9,7,2.0,4.0,2.0,3,3,1620062500,9,7.2011238958623895,22,9.984638540213854
22,1,Travel_Frequently,Research & Development,3,Medical,Female,2,Laboratory Technician,Single,5.0,13,2,4.0,2,2,1,2,3.0,3.0,3.0,3,3,1432622500,49,6.430002384358608,28,9.98643061516452
48,0,Travel_Rarely,Research & Development,3,Medical,Male,1,Laboratory Technician,Married,2.0,14,1,14.0,6,9,6,7,2.0,4.0,3.0,3,3,11780931600,36,6.771397093295827,24,10.015880215658695
55,0,Travel_Rarely,Research & Development,3,Medical,Female,1,Sales Executive,Single,3.0,11,0,37.0,5,10,7,7,1.0,2.0,3.0,3,3,14474496100,1,7.418745754488113,32,9.98361838913149
41,0,Non-Travel,Research & Development,2,Life Sciences,Female,2,Research Scientist,Single,7.0,17,1,16.0,2,14,1,10,4.0,4.0,3.0,2,3,9872409600,9,6.181212226871223,22,9.993686657368665
35,0,Travel_Rarely,Research & Development,3,Medical,Female,1,Sales Representative,Married,9.0,18,0,15.0,2,11,6,9,2.0,3.0,3.0,2,3,879715600,484,6.007819618781962,22,10.00242910274291
40,0,Travel_Rarely,Research & Development,3,Life Sciences,Female,2,Laboratory Technician,Single,7.0,14,0,22.0,1,20,5,13,2.0,3.0,3.0,3,3,661004100,225,7.32916785884597,28,10.015169289461134
39,0,Travel_Frequently,Research & Development,1,Medical,Male,1,Research Scientist,Married,1.0,16,1,8.0,3,8,0,7,3.0,3.0,3.0,3,3,9982008100,144,7.065051139005114,22,9.97323570432357
31,0,Travel_Rarely,Research & Development,4,Life Sciences,Male,3,Research Director,Single,4.0,13,2,10.0,2,6,0,5,2.0,4.0,4.0,2,3,3772416400,1,8.685710884353743,16,9.998803854875284
42,0,Travel_Rarely,Research & Development,3,Medical,Male,3,Sales Executive,Married,1.0,14,0,10.0,3,10,5,8,4.0,1.0,2.0,3,3,2905210000,25,10.796660654160656,30,9.960242905242906
45,0,Travel_Rarely,Research & Development,1,Medical,Female,4,Sales Executive,Married,0.0,23,0,9.0,2,8,3,7,4.0,2.0,4.0,3,4,1939521600,4,7.365032467532467,30,10.027587782587782
26,1,Travel_Frequently,Research & Development,1,Life Sciences,Female,2,Laboratory Technician,Divorced,0.0,12,0,8.0,3,7,1,0,2.0,3.0,2.0,3,3,3591604900,4,9.178884200656354,24,10.002164791373652
29,0,Travel_Rarely,Research & Development,3,Medical,Male,1,Research Scientist,Divorced,4.0,11,0,8.0,3,3,1,2,4.0,4.0,4.0,2,3,2631690000,25,7.425431697931698,30,10.049258056758056
33,0,Travel_Rarely,Research & Development,3,Medical,Female,1,Laboratory Technician,Divorced,4.0,16,0,10.0,2,6,0,5,1.0,3.0,3.0,3,3,436810000,256,7.4132265890344495,32,9.994160601649686
31,0,Travel_Rarely,Research & Development,4,Life Sciences,Female,1,Sales Executive,Divorced,9.0,14,2,10.0,2,5,0,1,3.0,4.0,2.0,3,3,846228100,4,6.695462194559705,20,9.992283310281236
18,1,Travel_Frequently,Research & Development,3,Technical Degree,Male,1,Sales Executive,Single,1.0,18,2,0.0,4,0,0,0,2.0,2.0,3.0,4,3,1202702400,4,9.204595744680852,26,10.004764775413712
40,0,Non-Travel,Research & Development,4,Technical Degree,Female,2,Laboratory Technician,Divorced,3.0,19,0,20.0,3,1,0,1,3.0,1.0,3.0,2,3,941262400,1,6.857323343079922,33,10.005919834307992
41,0,Non-Travel,Research & Development,3,Life Sciences,Male,2,Manufacturing Director,Single,2.0,15,2,10.0,2,8,0,7,1.0,3.0,3.0,2,3,712890000,529,9.29387554585153,32,10.011266375545851
26,0,Travel_Rarely,Research & Development,4,Medical,Male,3,Healthcare Representative,Divorced,5.0,17,3,8.0,3,0,0,0,1.0,3.0,3.0,2,3,725224900,81,5.988631120527307,25,10.019398540489641
35,0,Travel_Rarely,Research & Development,4,Medical,Male,2,Human Resources,Single,1.0,15,0,5.0,2,5,0,3,1.0,3.0,3.0,2,3,9074467600,256,6.2932205240174675,32,10.024087821445901
34,0,Travel_Rarely,Research & Development,3,Medical,Male,1,Laboratory Technician,Single,1.0,19,1,10.0,3,10,5,7,4.0,4.0,3.0,2,3,2742616900,676,6.3876744719926535,19,10.010021808999081
26,1,Travel_Rarely,Sales,3,Marketing,Female,2,Manufacturing Director,Single,1.0,22,0,1.0,3,1,0,0,3.0,4.0,1.0,1,4,588547600,1,8.699645593869732,29,9.992673611111112
37,0,Travel_Rarely,Research & Development,1,Life Sciences,Male,1,Sales Executive,Single,4.0,16,1,12.0,5,6,1,2,2.0,4.0,4.0,3,3,1758124900,64,7.397629392212726,27,9.991485042735043
46,0,Travel_Frequently,Research & Development,1,Medical,Male,5,Human Resources,Married,5.0,13,0,28.0,3,2,1,2,1.0,3.0,2.0,3,3,847392100,16,6.240668812589413,28,10.02508226037196
41,0,Travel_Rarely,Research & Development,1,Life Sciences,Male,1,Research Director,Married,7.0,14,1,22.0,2,18,11,8,2.0,1.0,3.0,3,3,708092100,576,7.72220068027211,16,10.000333333333332
37,0,Non-Travel,Research & Development,2,Medical,Male,1,Sales Executive,Divorced,1.0,16,1,9.0,3,9,7,7,1.0,2.0,3.0,3,3,411278400,49,7.506805555555556,25,9.987328154425612
52,0,Travel_Rarely,Sales,1,Medical,Male,1,Laboratory Technician,Divorced,3.0,11,1,18.0,2,10,6,9,4.0,1.0,3.0,3,3,9960040000,4,9.07803094233474,24,10.003300515705579
32,1,Non-Travel,Research & Development,2,Life Sciences,Female,2,Research Director,Married,8.0,22,0,6.0,4,4,1,2,4.0,3.0,3.0,2,4,1087680400,49,5.98072800925926,21,9.980972222222222
24,0,Travel_Frequently,Sales,3,Life Sciences,Female,1,Healthcare Representative,Married,0.0,14,2,3.0,5,2,2,1,4.0,4.0,3.0,2,3,861422500,484,5.993148148148148,33,9.996950536062378
38,0,Travel_Rarely,Research & Development,3,Life Sciences,Female,1,Research Scientist,Married,3.0,16,1,18.0,2,1,0,0,3.0,3.0,3.0,3,3,23799232900,25,6.010115641392465,28,10.016120648545542
37,0,Travel_Rarely,Research & Development,4,Technical Degree,Female,5,Research Scientist,Married,6.0,11,2,8.0,3,6,4,3,2.0,2.0,2.0,3,3,1555513600,1,6.8842312125403415,20,10.002132319041033
49,0,Travel_Rarely,Sales,1,Life Sciences,Male,1,Sales Executive,Divorced,1.0,18,2,31.0,2,31,0,9,4.0,3.0,3.0,1,3,1608812100,441,10.810944669365721,14,10.009087944219523
24,0,Travel_Rarely,Sales,3,Marketing,Female,1,Sales Executive,Married,1.0,15,2,6.0,2,6,1,4,2.0,4.0,3.0,2,3,1160764900,1,9.029714187327825,19,10.024980486685031
26,0,Travel_Rarely,Research & Development,4,Technical Degree,Female,4,Sales Executive,Married,1.0,14,1,6.0,6,5,1,4,1.0,2.0,4.0,3,3,14385603600,361,7.4096365740740735,21,10.019561342592592
24,0,Travel_Rarely,Sales,3,Medical,Female,1,Laboratory Technician,Married,1.0,12,0,1.0,4,1,0,0,4.0,2.0,3.0,1,3,151782400,49,6.796458333333333,33,9.987543859649122
50,0,Travel_Frequently,Sales,2,Marketing,Male,1,Sales Executive,Married,1.0,14,3,32.0,2,32,10,7,1.0,2.0,3.0,3,3,876160000,4,6.80873417721519,24,9.985500468823254
25,0,Travel_Rarely,Research & Development,3,Life Sciences,Male,1,Research Scientist,Married,1.0,16,0,7.0,3,7,0,6,2.0,3.0,3.0,2,3,36458083600,4,7.404134199134199,30,9.995268157768159
24,1,Travel_Frequently,Research & Development,3,Medical,Male,2,Research Scientist,Married,1.0,21,0,6.0,3,6,1,2,1.0,3.0,3.0,3,4,1535856100,4,10.791623300515704,24,9.997573839662447
30,1,Travel_Frequently,Research & Development,3,Other,Male,2,Healthcare Representative,Married,1.0,14,0,1.0,2,1,0,0,2.0,1.0,4.0,3,3,4658062500,81,6.91139233241506,19,10.029570707070707
34,0,Travel_Rarely,Sales,2,Life Sciences,Male,4,Research Director,Married,1.0,12,1,6.0,4,6,1,3,2.0,4.0,3.0,3,3,10502150400,36,8.937468123861567,17,9.984978369763207
31,1,Travel_Rarely,Research & Development,1,Medical,Female,1,Sales Representative,Divorced,2.0,12,2,9.0,2,3,1,2,2.0,1.0,1.0,2,3,35898880900,81,6.717291962174941,26,9.999698581560285
35,0,Travel_Rarely,Research & Development,3,Life Sciences,Female,5,Sales Executive,Single,4.0,17,3,9.0,3,3,0,2,1.0,4.0,3.0,3,3,623001600,4,7.893947056030389,27,10.016011396011395
31,0,Travel_Rarely,Sales,3,Marketing,Female,2,Sales Executive,Divorced,4.0,17,0,13.0,3,7,5,7,1.0,4.0,4.0,3,3,4179622500,1,6.314440928270042,24,9.975841537740273
27,0,Travel_Rarely,Sales,4,Medical,Male,1,Sales Representative,Divorced,0.0,14,1,6.0,4,5,0,3,1.0,3.0,2.0,3,3,486643600,484,7.891020833333333,21,10.014600694444445
37,0,Travel_Rarely,Sales,4,Marketing,Female,2,Laboratory Technician,Married,4.0,14,0,17.0,3,3,1,0,4.0,3.0,2.0,3,3,435139600,81,8.928014571949,17,10.028811475409837
20,0,Travel_Rarely,Research & Development,4,Medical,Female,1,Sales Representative,Single,1.0,13,2,1.0,3,1,0,0,4.0,2.0,4.0,1,3,525784900,289,7.145572989307299,22,10.023188052068805
42,0,Travel_Rarely,Research & Development,4,Life Sciences,Female,2,Manufacturing Director,Married,1.0,15,0,10.0,5,10,2,2,3.0,4.0,3.0,3,3,699602500,784,7.480773635477583,33,9.998205409356727
43,0,Travel_Rarely,Research & Development,5,Technical Degree,Female,2,Sales Executive,Divorced,4.0,11,0,21.0,3,1,0,0,2.0,4.0,2.0,3,3,719848900,100,8.685696202531647,24,9.966693624003751
38,0,Travel_Rarely,Human Resources,4,Medical,Male,1,Human Resources,Single,3.0,17,1,8.0,5,0,0,0,3.0,1.0,2.0,4,3,405619600,4,6.786083562901744,19,9.979490358126721
43,0,Travel_Frequently,Sales,3,Medical,Female,2,Healthcare Representative,Divorced,3.0,11,1,10.0,5,8,4,7,4.0,3.0,3.0,3,3,1168956100,16,9.060249766573298,23,9.983035714285714
48,0,Travel_Rarely,Research & Development,1,Medical,Male,2,Laboratory Technician,Married,7.0,13,1,21.0,3,3,0,2,4.0,1.0,1.0,4,3,2890137600,64,7.013436474449132,24,9.981204875761838
44,0,Travel_Rarely,Sales,4,Marketing,Male,2,Sales Executive,Single,4.0,22,3,10.0,4,2,0,2,1.0,3.0,4.0,4,4,380640100,841,6.716417704011065,20,9.986453434762565
34,0,Travel_Rarely,Research & Development,4,Life Sciences,Female,1,Laboratory Technician,Divorced,1.0,20,2,8.0,3,8,0,6,3.0,3.0,3.0,2,4,548028100,169,8.410260270774977,23,10.002608543417367
27,1,Travel_Rarely,Sales,3,Life Sciences,Male,2,Research Scientist,Divorced,0.0,18,0,5.0,0,4,0,2,3.0,1.0,3.0,3,3,525784900,729,6.512541062801932,31,10.017532608695651
21,0,Travel_Rarely,Sales,2,Life Sciences,Male,3,Sales Executive,Single,1.0,11,1,3.0,2,3,1,2,3.0,3.0,3.0,1,3,7614307600,256,7.165077546296296,21,10.010954861111111
44,0,Travel_Rarely,Research & Development,2,Life Sciences,Male,1,Laboratory Technician,Married,4.0,14,1,26.0,2,2,0,1,4.0,4.0,4.0,3,3,1608812100,4,8.71161386593205,19,10.005697887970614
22,0,Travel_Rarely,Research & Development,2,Medical,Female,2,Laboratory Technician,Married,0.0,14,0,3.0,3,2,2,2,1.0,3.0,3.0,2,3,38200702500,4,5.9946639980591945,32,9.966198447355653
33,0,Travel_Rarely,Sales,4,Marketing,Female,2,Manufacturing Director,Divorced,0.0,18,1,6.0,2,5,1,2,3.0,3.0,3.0,3,3,2086662400,169,7.303262436076244,22,9.989108554160856
32,0,Travel_Rarely,Research & Development,1,Life Sciences,Female,1,Healthcare Representative,Married,1.0,16,1,6.0,3,6,0,5,1.0,4.0,2.0,3,3,913248400,1,9.408271604938271,18,10.01987882944673
30,0,Travel_Frequently,Research & Development,5,Technical Degree,Male,3,Manager,Divorced,1.0,17,0,1.0,3,1,0,0,3.0,3.0,3.0,3,3,3331598400,16,7.319099859353023,24,10.007352320675105
53,0,Travel_Rarely,Research & Development,3,Other,Female,3,Manager,Single,7.0,11,1,18.0,2,14,8,10,4.0,1.0,4.0,2,3,514836100,576,7.110381083562902,19,9.987371441689623
34,0,Travel_Rarely,Research & Development,5,Medical,Male,1,Research Scientist,Married,1.0,12,0,10.0,0,10,8,8,2.0,4.0,2.0,3,3,2895516100,1,7.383673724954463,17,10.000150273224044
45,1,Travel_Frequently,Research & Development,4,Life Sciences,Male,3,Research Director,Married,2.0,13,1,5.0,5,1,0,0,1.0,1.0,3.0,3,3,1184048100,361,7.603039855072464,31,10.003954106280194
26,0,Travel_Rarely,Research & Development,2,Life Sciences,Male,1,Manufacturing Director,Married,1.0,13,1,3.0,5,3,0,2,3.0,4.0,3.0,4,3,2974611600,49,9.990916305916306,30,9.986774891774893
37,0,Travel_Rarely,Research & Development,3,Medical,Male,1,Manager,Married,1.0,14,0,10.0,3,10,7,8,3.0,3.0,3.0,2,3,9769345600,16,6.228323795898903,28,9.990593705293275
29,0,Travel_Rarely,Research & Development,3,Life Sciences,Female,1,Healthcare Representative,Married,1.0,17,3,6.0,2,6,1,2,2.0,3.0,2.0,3,3,1728064900,4,6.803848547717842,20,9.99934877823882
35,0,Travel_Rarely,Research & Development,5,Medical,Female,4,Laboratory Technician,Single,1.0,11,0,17.0,3,17,11,8,2.0,4.0,3.0,3,3,18111776400,100,6.678400095374344,28,10.000881020505485
33,0,Travel_Frequently,Research & Development,3,Technical Degree,Male,2,Laboratory Technician,Divorced,3.0,25,1,15.0,3,13,4,7,3.0,4.0,1.0,3,4,8224676100,64,7.480845570239844,34,10.006692364170338
54,0,Travel_Rarely,Research & Development,2,Life Sciences,Female,2,Sales Executive,Married,2.0,19,1,16.0,4,9,7,1,3.0,2.0,4.0,2,3,1611219600,25,6.402996376811594,31,10.022332125603866
36,0,Travel_Rarely,Research & Development,3,Life Sciences,Male,2,Research Scientist,Divorced,2.0,13,1,13.0,3,3,0,2,2.0,2.0,3.0,2,3,3498722500,64,10.695917015341703,22,10.007119944211995
27,0,Travel_Rarely,Sales,3,Marketing,Male,5,Research Director,Single,0.0,14,1,5.0,3,4,1,1,1.0,4.0,3.0,1,3,3591604900,81,6.983818015546411,18,10.007735482395978
20,1,Travel_Rarely,Research & Development,3,Life Sciences,Male,5,Sales Representative,Single,1.0,12,3,1.0,2,1,1,1,4.0,3.0,3.0,2,3,3797024400,1,8.586739526411659,17,10.003424408014572
33,1,Travel_Frequently,Research & Development,4,Medical,Female,1,Laboratory Technician,Single,1.0,11,0,10.0,3,10,9,7,1.0,1.0,3.0,3,3,578883600,225,10.374517797017797,30,9.995746753246753
35,0,Non-Travel,Research & Development,1,Medical,Male,1,Research Scientist,Married,1.0,19,1,1.0,2,1,0,0,3.0,3.0,3.0,4,3,35118760000,4,6.723173216885007,32,9.97534085395439
23,0,Travel_Rarely,Research & Development,3,Life Sciences,Male,1,Healthcare Representative,Married,2.0,11,1,5.0,3,3,0,2,1.0,1.0,4.0,3,3,5832376900,4,7.078298156234838,32,10.000539786511403
25,0,Travel_Rarely,Research & Development,3,Medical,Male,2,Manufacturing Director,Married,0.0,11,1,4.0,3,3,1,2,4.0,2.0,3.0,3,3,10192921600,121,7.679447975517891,25,10.026920903954803
38,0,Travel_Rarely,Research & Development,3,Life Sciences,Male,5,Research Scientist,Single,0.0,20,1,8.0,3,7,0,5,4.0,4.0,3.0,2,4,21773953600,256,6.811202107279693,29,10.019450431034482
29,0,Travel_Frequently,Sales,4,Life Sciences,Male,4,Healthcare Representative,Divorced,1.0,18,3,10.0,3,10,2,8,2.0,4.0,3.0,2,3,4223700100,4,7.774786324786325,27,10.007590218423552
48,0,Travel_Rarely,Research & Development,3,Technical Degree,Male,1,Sales Executive,Married,3.0,13,0,12.0,2,2,2,2,2.0,2.0,3.0,4,3,9455617600,256,7.108345463367297,32,10.019621542940321
27,0,Travel_Frequently,Sales,3,Technical Degree,Male,5,Laboratory Technician,Divorced,1.0,12,0,6.0,5,6,0,4,4.0,4.0,3.0,3,3,481363600,16,8.891393596986818,25,10.009957627118643
37,0,Travel_Rarely,Research & Development,3,Life Sciences,Male,3,Manager,Single,3.0,11,0,4.0,2,1,0,0,4.0,4.0,3.0,4,3,1147854400,256,7.5609477124183,23,9.998675303454714
50,0,Travel_Rarely,Sales,3,Medical,Male,1,Laboratory Technician,Married,1.0,19,1,20.0,2,20,3,8,4.0,3.0,3.0,4,3,2995372900,25,9.11023893596987,25,9.984138418079096
34,0,Travel_Rarely,Research & Development,1,Medical,Male,1,Healthcare Representative,Single,1.0,21,1,9.0,2,8,7,7,4.0,2.0,4.0,3,4,730620900,324,6.781759661835748,31,9.995791062801933
24,1,Travel_Rarely,Research & Development,2,Life Sciences,Female,1,Healthcare Representative,Single,9.0,12,0,4.0,3,2,2,0,1.0,3.0,3.0,1,3,625500100,289,7.514184941520468,33,9.99150462962963
39,0,Travel_Rarely,Research & Development,5,Medical,Female,1,Sales Representative,Single,1.0,14,2,20.0,2,20,11,10,4.0,3.0,3.0,3,3,3868840000,144,6.674282700421942,24,10.007972339428036
32,0,Travel_Rarely,Research & Development,3,Life Sciences,Male,5,Research Scientist,Single,1.0,11,0,10.0,5,10,0,8,4.0,4.0,2.0,1,3,922944400,4,7.880511254789272,29,9.989604885057473
50,1,Travel_Frequently,Research & Development,2,Medical,Male,4,Sales Representative,Married,3.0,14,1,18.0,2,4,1,3,2.0,3.0,3.0,2,3,1957177600,16,8.186869747899161,23,10.0140581232493
38,0,Travel_Rarely,Research & Development,4,Life Sciences,Male,1,Sales Executive,Single,0.0,12,1,10.0,2,9,1,8,2.0,4.0,2.0,2,3,1859334400,81,7.195928362573099,33,9.999750243664717
27,0,Travel_Rarely,Research & Development,3,Medical,Male,5,Research Scientist,Married,1.0,23,1,9.0,3,9,0,7,3.0,1.0,3.0,2,4,17543002500,100,6.4921731321839085,29,9.976051245210728
32,0,Travel_Rarely,Sales,3,Medical,Male,2,Sales Executive,Single,3.0,14,0,10.0,6,7,7,7,3.0,4.0,3.0,3,3,18670489600,1,7.872965399610137,33,10.020885721247563
47,0,Travel_Rarely,Research & Development,3,Medical,Female,5,Sales Executive,Single,2.0,17,0,20.0,3,7,1,7,4.0,1.0,3.0,3,3,2521044100,4,6.696672358834244,17,10.00221539162113
40,0,Travel_Frequently,Research & Development,4,Medical,Female,3,Human Resources,Married,5.0,18,0,20.0,2,18,1,12,4.0,1.0,3.0,3,3,2627587600,9,8.612737768632831,18,9.985251486053954
53,0,Travel_Rarely,Research & Development,1,Life Sciences,Male,2,Laboratory Technician,Married,3.0,18,1,32.0,2,5,1,3,3.0,3.0,3.0,3,3,817388100,49,6.809521604938272,27,10.033283475783476
41,0,Travel_Rarely,Sales,3,Medical,Male,1,Sales Executive,Divorced,3.0,24,3,23.0,3,21,12,6,2.0,4.0,2.0,3,4,10483712100,36,7.724133986928105,23,9.98345121381886
60,0,Travel_Rarely,Research & Development,2,Life Sciences,Female,5,Laboratory Technician,Single,8.0,20,0,10.0,3,2,2,2,1.0,1.0,3.0,4,4,2839824100,64,6.591772486772487,30,9.997996632996633
27,0,Travel_Frequently,Research & Development,1,Life Sciences,Male,2,Manufacturing Director,Divorced,1.0,14,0,9.0,2,9,1,7,4.0,1.0,2.0,2,3,1870562500,841,7.398501461988304,33,9.965514132553606
41,0,Travel_Rarely,Research & Development,3,Medical,Male,1,Manufacturing Director,Married,1.0,16,0,22.0,2,22,2,10,4.0,3.0,3.0,3,3,5270760000,9,6.2199187853107345,25,9.983596986817325
50,0,Travel_Rarely,Sales,3,Life Sciences,Male,2,Research Scientist,Married,7.0,25,1,4.0,0,2,2,2,4.0,2.0,3.0,4,4,539168400,81,7.399452789699571,28,10.001391273247496
28,1,Travel_Rarely,Sales,4,Life Sciences,Male,3,Research Scientist,Single,7.0,18,3,10.0,0,7,3,7,1.0,2.0,3.0,2,3,430562500,4,8.10241850321396,19,9.995472910927456
36,0,Non-Travel,Research & Development,4,Technical Degree,Female,2,Research Scientist,Married,9.0,19,1,10.0,3,8,0,5,1.0,1.0,3.0,3,3,1723910400,100,6.0103244631185815,23,9.98892040149393
38,0,Travel_Rarely,Research & Development,3,Medical,Female,3,Manager,Single,4.0,13,1,10.0,2,1,0,0,3.0,3.0,4.0,3,3,9252516100,1,9.792004629629629,21,9.98929861111111
44,0,Non-Travel,Research & Development,2,Life Sciences,Male,1,Research Scientist,Single,2.0,12,0,9.0,6,5,1,4,1.0,3.0,3.0,2,3,18233100900,64,6.090522030651341,29,10.027216235632183
47,0,Travel_Frequently,Research & Development,3,Life Sciences,Male,1,Research Scientist,Divorced,9.0,22,1,28.0,6,22,11,13,4.0,3.0,2.0,2,4,2960448100,729,8.281967213114754,17,9.990596539162112
30,0,Travel_Rarely,Research & Development,3,Life Sciences,Male,2,Sales Executive,Divorced,7.0,14,1,10.0,3,8,7,7,3.0,4.0,2.0,3,3,2713368100,64,7.524912764003672,19,10.000656565656566
29,0,Travel_Rarely,Research & Development,2,Medical,Female,1,Sales Executive,Single,1.0,13,3,1.0,2,1,0,0,3.0,3.0,3.0,3,3,11391292900,1,6.440665053019824,20,10.046061549100967
42,1,Travel_Frequently,Research & Development,1,Life Sciences,Female,1,Sales Executive,Divorced,6.0,21,3,7.0,3,2,2,2,3.0,3.0,3.0,3,4,2510010000,100,9.94542497625831,27,10.016499287749289
43,0,Travel_Frequently,Research & Development,1,Life Sciences,Male,1,Laboratory Technician,Married,3.0,11,2,7.0,3,2,2,2,4.0,4.0,3.0,3,3,18357540100,676,7.093515283842795,32,9.97975376031053
34,0,Travel_Rarely,Research & Development,5,Technical Degree,Male,2,Healthcare Representative,Single,3.0,12,2,10.0,2,5,4,3,2.0,3.0,3.0,4,3,2499000100,4,6.403804347826087,31,9.989205314009663
23,0,Travel_Rarely,Sales,3,Marketing,Male,5,Sales Executive,Married,1.0,11,1,5.0,4,4,0,2,2.0,1.0,4.0,3,3,1781684100,169,7.827048762736536,32,10.001403444929647
39,0,Travel_Rarely,Sales,4,Marketing,Female,4,Healthcare Representative,Married,9.0,12,3,12.0,3,8,3,6,3.0,2.0,1.0,2,3,19243238400,4,6.30848981077147,32,10.032721979621543
56,0,Travel_Rarely,Research & Development,4,Medical,Male,1,Manager,Married,7.0,12,0,30.0,6,10,1,1,3.0,4.0,2.0,3,3,416976400,4,7.119548898071625,19,9.962242883379247
40,0,Travel_Rarely,Sales,3,Marketing,Male,2,Research Scientist,Single,0.0,14,0,5.0,3,4,2,3,4.0,4.0,2.0,3,3,429732900,81,8.804566758116142,18,10.008001828989482
27,0,Travel_Rarely,Research & Development,3,Life Sciences,Female,1,Laboratory Technician,Single,8.0,13,0,9.0,6,7,0,7,4.0,1.0,1.0,3,3,873793600,100,7.493230676328502,31,10.001119565217392
29,0,Travel_Rarely,Sales,3,Marketing,Female,2,Manager,Divorced,1.0,15,1,2.0,3,2,2,2,4.0,2.0,3.0,2,3,856147600,400,7.091451129552789,20,10.019096357768557
53,0,Travel_Rarely,Research & Development,3,Life Sciences,Female,3,Laboratory Technician,Single,2.0,18,0,19.0,2,2,2,2,4.0,4.0,3.0,3,3,2312648100,81,6.282684792843691,25,9.96458215630885
35,0,Non-Travel,Research & Development,1,Medical,Male,1,Healthcare Representative,Divorced,2.0,18,2,16.0,4,1,0,0,4.0,1.0,4.0,3,3,2665656900,25,7.127432659932659,30,10.010723905723907
32,0,Travel_Frequently,Sales,4,Life Sciences,Male,2,Sales Executive,Married,1.0,19,0,10.0,3,10,4,7,1.0,4.0,3.0,1,3,35509633600,16,7.783390070921986,26,10.031183215130024
38,0,Travel_Rarely,Sales,3,Medical,Male,4,Laboratory Technician,Married,6.0,12,2,6.0,5,1,0,1,4.0,3.0,1.0,3,3,33022158400,100,10.898861678004534,16,9.986320861678005
34,0,Travel_Rarely,Research & Development,3,Medical,Female,3,Laboratory Technician,Divorced,3.0,19,1,7.0,4,0,0,0,2.0,1.0,3.0,2,3,3299353600,400,6.180956399437412,24,10.005314111579935
52,0,Travel_Rarely,Sales,5,Technical Degree,Male,3,Manager,Married,1.0,11,1,34.0,2,34,1,16,3.0,1.0,4.0,3,3,834632100,441,5.995623219373219,27,10.01675807217474
33,1,Travel_Rarely,Research & Development,2,Medical,Male,3,Laboratory Technician,Single,1.0,17,3,10.0,2,10,7,8,4.0,4.0,2.0,3,3,824264100,1,10.02339609483961,22,9.960611343561135
25,0,Travel_Rarely,Research & Development,3,Life Sciences,Male,2,Research Scientist,Single,1.0,15,0,6.0,3,6,1,4,3.0,4.0,2.0,3,3,5601025600,64,7.709783950617283,18,9.996788980338364
45,0,Travel_Rarely,Sales,3,Life Sciences,Male,3,Healthcare Representative,Single,0.0,14,0,9.0,2,8,3,1,2.0,3.0,3.0,3,3,3689347600,4,5.9889547413793105,29,10.009166666666667
23,0,Travel_Rarely,Research & Development,1,Life Sciences,Female,2,Research Scientist,Single,1.0,17,1,2.0,2,2,0,2,1.0,3.0,3.0,1,3,30025958400,529,8.01796067672611,18,10.003564243255601
47,1,Travel_Frequently,Research & Development,3,Life Sciences,Male,1,Research Director,Single,4.0,13,1,8.0,2,5,1,3,2.0,3.0,3.0,3,3,769507600,16,10.028770354406129,29,9.99895953065134
34,0,Travel_Rarely,Research & Development,3,Technical Degree,Male,1,Research Scientist,Single,1.0,12,0,6.0,3,6,1,4,4.0,4.0,3.0,3,3,2029502500,144,7.766991898148149,21,10.009988425925927
55,1,Travel_Rarely,Human Resources,3,Human Resources,Male,4,Laboratory Technician,Married,5.0,12,0,24.0,2,5,1,4,4.0,1.0,3.0,3,3,5517518400,49,8.032659069325737,27,10.022826448243114
36,0,Non-Travel,Research & Development,2,Life Sciences,Male,5,Sales Executive,Single,1.0,18,1,10.0,2,10,0,9,1.0,1.0,3.0,1,3,13528016100,49,7.417550505050505,30,10.048274410774411
52,0,Non-Travel,Research & Development,4,Life Sciences,Male,5,Sales Executive,Married,0.0,18,2,5.0,2,4,1,2,4.0,4.0,3.0,3,3,9482864400,1,7.197127343392776,18,9.994351851851851
26,0,Travel_Frequently,Research & Development,2,Life Sciences,Male,1,Manufacturing Director,Divorced,3.0,11,1,5.0,2,2,2,0,1.0,4.0,3.0,3,3,803722500,4,7.121989522417154,33,9.955582358674464
29,0,Travel_Rarely,Research & Development,2,Medical,Male,3,Manufacturing Director,Married,4.0,14,3,11.0,5,8,1,1,2.0,3.0,2.0,3,3,28760768100,100,6.297399758454107,31,10.013614734299518
26,1,Travel_Rarely,Research & Development,2,Life Sciences,Male,2,Laboratory Technician,Single,6.0,19,1,6.0,2,4,1,2,4.0,1.0,2.0,3,3,682776900,225,6.157829936923823,32,10.021295487627366
34,0,Travel_Rarely,Research & Development,4,Technical Degree,Male,2,Manufacturing Director,Single,2.0,12,0,10.0,3,4,1,3,2.0,4.0,3.0,3,3,3777331600,196,6.222678571428571,23,9.99813141923436
54,0,Travel_Rarely,Research & Development,4,Medical,Female,2,Laboratory Technician,Divorced,9.0,15,1,9.0,2,5,1,4,4.0,1.0,3.0,3,3,2463136900,324,8.90488233867055,32,9.986880155264435
27,0,Travel_Frequently,Research & Development,2,Life Sciences,Female,4,Research Scientist,Married,0.0,12,0,5.0,5,4,1,1,3.0,4.0,3.0,3,3,38169436900,169,6.835637115839244,26,10.009005910165484
37,0,Travel_Rarely,Sales,4,Technical Degree,Male,2,Manufacturing Director,Divorced,0.0,11,0,6.0,1,5,4,3,4.0,1.0,2.0,3,3,3809358400,4,9.532072383586907,20,10.000440295066852
38,0,Travel_Frequently,Sales,4,Life Sciences,Female,2,Research Scientist,Single,6.0,11,1,17.0,3,15,4,12,1.0,1.0,3.0,3,3,560742400,4,10.801050164088139,24,10.030174636661979
35,0,Travel_Rarely,Research & Development,4,Medical,Male,3,Manager,Married,1.0,16,0,3.0,6,3,0,2,1.0,4.0,2.0,2,3,280562500,25,7.784760047281324,26,10.014075650118203
30,0,Travel_Rarely,Research & Development,3,Medical,Male,1,Laboratory Technician,Married,3.0,13,1,7.0,2,2,0,2,4.0,3.0,3.0,3,3,636552900,400,7.160638075313807,22,9.978541376104136
40,0,Travel_Frequently,Research & Development,4,Medical,Male,2,Manufacturing Director,Married,1.0,13,1,8.0,3,8,3,7,3.0,2.0,3.0,4,3,4312548900,100,6.360885565052232,27,9.987603276353276
34,0,Travel_Rarely,Research & Development,3,Life Sciences,Male,3,Healthcare Representative,Married,5.0,24,2,6.0,2,3,1,2,3.0,1.0,3.0,3,4,2245812100,100,7.914244492337165,29,9.961621168582376
42,0,Travel_Frequently,Research & Development,4,Medical,Male,1,Manufacturing Director,Divorced,1.0,15,1,24.0,2,24,14,9,2.0,4.0,2.0,4,3,8478726400,81,7.803479406130268,29,10.003700909961687
23,1,Travel_Rarely,Sales,3,Medical,Female,4,Manufacturing Director,Married,1.0,18,1,1.0,2,0,0,0,3.0,1.0,3.0,2,3,2078448100,4,7.983474499089254,17,9.99754781420765
24,0,Non-Travel,Sales,5,Marketing,Female,1,Manufacturing Director,Divorced,1.0,14,1,1.0,3,1,0,0,3.0,2.0,3.0,3,3,6705972100,1,6.81390056022409,23,10.019666199813258
52,0,Travel_Rarely,Research & Development,3,Life Sciences,Male,2,Manufacturing Director,Married,8.0,11,1,9.0,1,5,1,4,4.0,3.0,3.0,2,3,865536400,841,6.109673758865248,26,9.982466903073286
50,0,Travel_Rarely,Research & Development,4,Life Sciences,Male,2,Sales Executive,Married,5.0,11,1,30.0,3,4,0,3,3.0,3.0,3.0,1,3,2441348100,64,6.421843765162543,32,9.988049490538575
29,1,Travel_Rarely,Sales,4,Marketing,Female,4,Research Scientist,Married,1.0,13,2,1.0,2,1,0,0,2.0,1.0,3.0,4,3,11342250000,4,10.66860992402659,27,9.977976020892687
33,0,Travel_Rarely,Research & Development,4,Life Sciences,Male,4,Manufacturing Director,Married,0.0,12,1,14.0,2,13,3,7,3.0,3.0,4.0,3,3,3483360400,9,7.04480278980279,30,10.024520202020202
33,1,Travel_Rarely,Research & Development,5,Life Sciences,Male,1,Human Resources,Single,5.0,16,2,6.0,3,3,0,2,1.0,1.0,3.0,2,3,7463232100,529,7.963464791952447,18,9.975468678555098
47,0,Travel_Rarely,Research & Development,4,Other,Male,2,Manager,Married,1.0,14,0,26.0,2,26,3,0,3.0,4.0,2.0,4,3,4028440900,36,9.543667133520074,23,9.983964752567694
36,0,Travel_Rarely,Sales,3,Medical,Female,2,Sales Executive,Married,0.0,22,0,10.0,3,9,0,5,3.0,2.0,3.0,3,4,1764000000,36,7.685820548582055,22,10.010704323570431
29,0,Travel_Rarely,Research & Development,3,Other,Male,1,Research Scientist,Married,1.0,11,0,10.0,3,10,0,7,3.0,3.0,3.0,2,3,1191630400,100,7.683185990338164,31,10.005310386473429
58,1,Travel_Rarely,Research & Development,3,Other,Female,2,Research Scientist,Single,7.0,17,0,40.0,2,31,13,8,4.0,2.0,3.0,3,3,1863648900,576,8.926272749042147,29,10.020088601532567
35,0,Travel_Rarely,Sales,4,Marketing,Female,1,Research Scientist,Single,3.0,13,3,7.0,3,2,2,2,4.0,3.0,3.0,4,3,692742400,100,7.792069383794275,32,9.99053736050461
42,0,Travel_Rarely,Sales,1,Marketing,Male,2,Laboratory Technician,Married,9.0,18,2,8.0,2,4,0,2,4.0,4.0,3.0,3,3,2179022400,225,10.508887731481481,21,9.986504629629628
28,1,Travel_Rarely,Research & Development,4,Medical,Female,2,Sales Executive,Single,6.0,16,1,5.0,4,2,2,1,3.0,3.0,2.0,2,3,1026561600,361,6.249610419548179,20,10.001764638082065
36,0,Travel_Rarely,Research & Development,3,Life Sciences,Male,2,Healthcare Representative,Married,4.0,14,1,8.0,3,5,0,4,3.0,2.0,3.0,3,3,739840000,4,6.590610200364299,17,9.977202868852459
32,0,Travel_Rarely,Research & Development,1,Medical,Male,2,Manufacturing Director,Married,1.0,14,0,14.0,2,14,6,8,3.0,3.0,3.0,2,3,29518676100,9,7.9963123822975515,25,10.017565913370998
40,0,Travel_Frequently,Sales,3,Marketing,Male,3,Manufacturing Director,Single,6.0,14,0,10.0,3,1,0,0,1.0,3.0,3.0,3,3,500864400,81,6.904626113455227,24,9.999971870604782
30,0,Travel_Rarely,Research & Development,3,Technical Degree,Male,2,Research Director,Single,5.0,13,0,12.0,3,0,0,0,3.0,4.0,2.0,3,3,219928900,49,9.370607856810786,22,10.004854718735471
45,0,Travel_Rarely,Research & Development,4,Life Sciences,Male,1,Research Director,Single,1.0,12,2,1.0,2,1,0,0,2.0,3.0,3.0,3,3,3141602500,100,6.59881051175657,20,10.016484555094513
42,0,Travel_Rarely,Research & Development,2,Medical,Male,2,Sales Representative,Married,1.0,15,0,10.0,3,9,7,8,2.0,2.0,2.0,3,3,5321702500,400,7.614132241215574,27,10.004995251661919
38,0,Travel_Frequently,Sales,3,Medical,Male,2,Research Scientist,Divorced,2.0,19,1,13.0,5,4,1,2,1.0,1.0,2.0,3,3,531763600,16,7.583628618113912,23,10.060543884220355
34,0,Travel_Frequently,Research & Development,4,Life Sciences,Male,3,Laboratory Technician,Single,1.0,14,1,6.0,3,5,1,3,3.0,4.0,3.0,3,3,551310400,49,6.900036730945822,19,9.98368572084481
49,1,Travel_Rarely,Sales,2,Life Sciences,Female,2,Healthcare Representative,Married,1.0,14,2,9.0,2,9,7,7,3.0,4.0,4.0,4,3,8096400400,49,6.285461744639376,33,10.018541666666666
55,1,Travel_Rarely,Human Resources,3,Technical Degree,Male,4,Manufacturing Director,Single,4.0,11,0,12.0,3,9,7,3,3.0,4.0,2.0,4,3,1865376100,256,6.378344346549192,34,9.978700440528634
43,0,Travel_Rarely,Research & Development,2,Medical,Male,2,Healthcare Representative,Married,6.0,13,0,22.0,3,4,1,0,2.0,1.0,3.0,2,3,3760142400,625,7.298232738911752,18,9.991098536808414
27,0,Travel_Rarely,Sales,4,Medical,Male,2,Manager,Divorced,1.0,21,1,9.0,2,9,0,8,3.0,4.0,3.0,2,4,1119571600,4,10.484794061302681,29,10.014348659003831
35,0,Travel_Rarely,Research & Development,3,Medical,Male,1,Research Director,Single,3.0,13,1,17.0,2,8,1,6,3.0,3.0,4.0,3,3,11783102500,1,7.007824675324675,30,9.997870370370372
28,0,Travel_Rarely,Sales,2,Technical Degree,Female,1,Sales Executive,Married,1.0,12,0,8.0,3,8,7,5,2.0,2.0,3.0,2,3,497736100,1,9.899078884078884,30,9.999781144781144
26,1,Travel_Frequently,Research & Development,4,Other,Female,1,Sales Executive,Married,1.0,23,0,8.0,2,8,1,7,3.0,3.0,3.0,3,4,409657600,484,8.024657287157288,30,10.01159090909091
27,0,Non-Travel,Sales,3,Technical Degree,Female,1,Sales Executive,Married,1.0,11,0,0.0,2,0,0,0,4.0,4.0,2.0,3,3,736036900,1,7.299756944444445,29,10.021211685823754
51,0,Travel_Rarely,Sales,3,Medical,Male,3,Research Scientist,Married,2.0,15,3,29.0,0,20,4,17,1.0,3.0,2.0,3,3,8909472100,256,6.110529770276606,24,10.002661744022504
44,0,Travel_Rarely,Sales,5,Medical,Female,1,Sales Executive,Single,9.0,11,1,10.0,3,5,2,3,4.0,2.0,2.0,3,3,658435600,576,6.288274231678487,26,9.989891252955083
25,0,Travel_Rarely,Research & Development,3,Medical,Male,1,Laboratory Technician,Single,7.0,11,3,6.0,5,4,0,1,1.0,1.0,2.0,4,3,39704547600,289,6.398666197843413,24,10.010503984997655
33,0,Travel_Rarely,Research & Development,4,Life Sciences,Male,3,Laboratory Technician,Divorced,1.0,13,1,9.0,3,9,0,8,1.0,1.0,3.0,2,3,600740100,64,5.9922647754137115,26,10.01589243498818
35,0,Travel_Rarely,Sales,4,Medical,Female,2,Manager,Single,1.0,24,1,6.0,5,6,1,1,3.0,1.0,2.0,2,4,8871756100,36,6.9156135265700485,31,10.017759661835749
36,0,Travel_Rarely,Sales,4,Marketing,Male,3,Manager,Married,1.0,13,0,18.0,2,18,4,11,2.0,4.0,2.0,3,3,7544659600,100,9.690696818613485,27,10.01914767331434
32,0,Travel_Rarely,Research & Development,4,Medical,Female,4,Sales Executive,Divorced,2.0,20,0,8.0,3,5,0,3,2.0,4.0,2.0,3,4,922944400,9,7.827509220839097,20,9.961801521438451
30,0,Travel_Frequently,Research & Development,5,Medical,Male,5,Sales Representative,Divorced,9.0,14,1,10.0,2,5,0,3,2.0,4.0,2.0,3,3,935136400,16,6.400223192624939,32,9.999506307617661
53,0,Travel_Rarely,Sales,3,Marketing,Male,4,Sales Executive,Married,7.0,18,1,35.0,1,5,0,4,1.0,4.0,3.0,4,3,540562500,36,10.413876518218624,14,9.97874718848403
45,0,Travel_Rarely,Research & Development,5,Technical Degree,Male,2,Healthcare Representative,Divorced,4.0,15,3,18.0,2,5,0,2,4.0,1.0,3.0,3,3,435974400,1,8.501261574074075,21,9.998743055555556
32,0,Travel_Rarely,Sales,3,Marketing,Female,1,Human Resources,Married,5.0,12,0,9.0,4,5,1,3,3.0,3.0,2.0,1,3,943718400,100,6.597560226155359,35,9.999021632251722
52,0,Travel_Frequently,Research & Development,1,Life Sciences,Male,2,Laboratory Technician,Married,3.0,16,1,31.0,2,9,0,0,3.0,4.0,3.0,3,3,2506003600,1,7.587263418079097,25,10.01934675141243
37,0,Travel_Rarely,Sales,2,Life Sciences,Female,4,Laboratory Technician,Divorced,4.0,15,0,9.0,2,1,0,0,4.0,3.0,3.0,3,3,1812204900,576,6.080773979107312,27,10.030903371320038
28,0,Travel_Rarely,Research & Development,4,Life Sciences,Female,1,Healthcare Representative,Divorced,1.0,16,2,6.0,3,5,0,4,2.0,4.0,3.0,3,3,625000000,441,6.343983918128655,33,9.995422758284601
22,0,Travel_Rarely,Research & Development,2,Life Sciences,Male,1,Sales Representative,Married,6.0,19,0,4.0,3,2,2,2,4.0,4.0,1.0,2,3,121440400,4,6.520177595628415,17,10.010820810564663
44,0,Travel_Rarely,Research & Development,3,Medical,Female,1,Laboratory Technician,Married,2.0,11,1,10.0,2,3,0,2,1.0,4.0,2.0,3,3,10926520900,484,10.969163292847503,14,9.998073549257759
42,0,Travel_Frequently,Sales,4,Life Sciences,Female,2,Laboratory Technician,Single,5.0,16,1,8.0,4,2,2,2,2.0,4.0,3.0,2,3,523494400,169,7.997912632549562,20,10.004549331489166
36,0,Travel_Rarely,Research & Development,3,Other,Male,2,Research Scientist,Married,0.0,24,0,6.0,6,5,0,3,1.0,1.0,3.0,2,4,1543704100,196,7.627617880485528,23,10.007200046685341
25,0,Travel_Rarely,Sales,3,Life Sciences,Female,1,Laboratory Technician,Married,1.0,11,1,5.0,2,5,0,3,3.0,1.0,3.0,3,3,534072100,121,10.406759637188207,16,10.005232426303854
35,0,Travel_Rarely,Research & Development,2,Life Sciences,Female,1,Healthcare Representative,Married,1.0,13,1,17.0,2,17,5,15,4.0,3.0,3.0,2,3,985960000,81,8.78671918767507,23,9.990109710550886
35,1,Travel_Frequently,Sales,2,Marketing,Female,1,Laboratory Technician,Divorced,1.0,13,1,10.0,2,10,7,8,4.0,2.0,2.0,4,3,1361610000,64,9.962005029721078,18,10.006468907178784
32,0,Non-Travel,Research & Development,3,Life Sciences,Male,1,Sales Executive,Divorced,0.0,13,0,4.0,3,3,0,2,4.0,4.0,3.0,3,3,1980250000,441,7.890476694915255,25,9.977095103578154
25,0,Travel_Rarely,Sales,3,Marketing,Female,4,Research Scientist,Married,1.0,12,2,5.0,2,5,0,3,3.0,1.0,4.0,3,3,759553600,25,7.8078167641325535,33,10.016675194931775
49,0,Travel_Rarely,Sales,3,Technical Degree,Female,2,Sales Representative,Married,2.0,18,1,7.0,5,4,0,2,3.0,1.0,3.0,3,3,36225508900,81,7.488967911877395,29,10.007410201149424
24,0,Non-Travel,Research & Development,5,Technical Degree,Male,2,Healthcare Representative,Married,0.0,22,1,6.0,3,5,3,4,1.0,4.0,2.0,3,4,35051328400,4,7.586379184861717,32,9.999837457544881
32,0,Travel_Frequently,Research & Development,5,Medical,Male,1,Research Scientist,Married,1.0,13,1,10.0,3,10,5,3,2.0,2.0,3.0,2,3,9114520900,144,6.822150500910746,17,10.01351320582878
38,0,Travel_Rarely,Sales,2,Medical,Male,1,Sales Executive,Married,0.0,13,0,3.0,3,2,1,2,2.0,2.0,3.0,4,3,18862275600,484,7.0055765639589165,23,9.99311507936508
42,0,Travel_Rarely,Research & Development,1,Technical Degree,Female,2,Research Scientist,Married,2.0,23,1,17.0,6,5,1,3,3.0,4.0,2.0,3,4,39996000100,324,9.61358806404658,32,10.017515769044152
31,0,Travel_Rarely,Research & Development,3,Life Sciences,Female,3,Sales Executive,Married,3.0,12,1,8.0,3,6,0,2,4.0,4.0,3.0,3,3,519384100,256,10.097124463519314,28,9.988456127801621
29,1,Travel_Rarely,Sales,3,Marketing,Male,3,Laboratory Technician,Divorced,6.0,12,0,5.0,2,3,0,2,2.0,3.0,3.0,3,3,3499905600,9,9.3763463356974,26,9.956706855791962
53,0,Travel_Rarely,Research & Development,3,Life Sciences,Male,1,Sales Representative,Married,5.0,16,0,28.0,2,2,2,2,1.0,4.0,3.0,2,3,436392100,81,6.390003591954023,29,9.997593390804598
35,0,Travel_Rarely,Research & Development,3,Life Sciences,Male,3,Healthcare Representative,Married,3.0,12,1,16.0,3,13,4,8,4.0,2.0,3.0,4,3,28197126400,1,7.074260828625235,25,10.002956685499058
37,0,Travel_Frequently,Research & Development,4,Life Sciences,Female,3,Human Resources,Married,5.0,11,0,10.0,1,5,0,0,3.0,4.0,3.0,1,3,1270209600,169,7.370625285779607,18,10.034955418381344
53,0,Travel_Rarely,Research & Development,1,Medical,Male,1,Sales Executive,Single,6.0,22,1,33.0,2,12,3,8,4.0,4.0,3.0,4,4,1958062500,1,6.700677591817759,22,10.021274988377499
43,0,Travel_Frequently,Research & Development,3,Medical,Male,1,Laboratory Technician,Married,4.0,11,1,12.0,4,5,2,2,4.0,4.0,2.0,3,3,2772022500,1,7.623434012615236,32,10.032183406113537
47,0,Travel_Rarely,Sales,4,Marketing,Female,3,Research Director,Married,0.0,15,0,8.0,2,7,7,7,3.0,4.0,3.0,3,3,4294180900,225,10.684698017519594,20,10.032442369755646
37,0,Non-Travel,Research & Development,5,Medical,Female,2,Research Scientist,Single,1.0,12,0,10.0,1,10,0,9,1.0,2.0,3.0,3,3,3920012100,1,8.35173582295989,20,10.00785500230521
50,0,Non-Travel,Research & Development,3,Medical,Female,1,Laboratory Technician,Divorced,1.0,20,1,31.0,6,31,14,7,1.0,1.0,3.0,3,4,1847280400,289,6.6320497685185185,21,10.026056712962964
39,0,Travel_Rarely,Research & Development,3,Other,Female,3,Human Resources,Married,8.0,14,1,13.0,3,5,0,4,4.0,4.0,3.0,2,3,4629441600,1,6.913459595959596,30,10.037082732082732
33,0,Travel_Rarely,Sales,3,Life Sciences,Male,2,Manufacturing Director,Divorced,3.0,11,1,7.0,3,4,0,3,4.0,2.0,4.0,3,3,1455422500,49,9.403011204481793,23,10.003057889822596
32,1,Travel_Rarely,Research & Development,1,Medical,Female,1,Laboratory Technician,Single,1.0,15,1,1.0,5,1,0,1,1.0,4.0,1.0,2,3,751308100,81,10.006964769647695,15,9.990068879855466
44,0,Travel_Rarely,Research & Development,2,Life Sciences,Male,2,Manufacturing Director,Married,1.0,14,0,8.0,6,8,7,1,2.0,1.0,3.0,3,3,5835432100,676,9.783470402717128,32,10.006627850557981
28,0,Travel_Rarely,Sales,5,Life Sciences,Female,1,Research Scientist,Single,1.0,11,2,4.0,3,4,0,2,1.0,4.0,3.0,3,3,541958400,576,6.395218599033816,31,10.0075615942029
58,1,Travel_Frequently,Sales,2,Technical Degree,Male,1,Sales Executive,Divorced,9.0,11,0,3.0,3,1,0,0,4.0,4.0,2.0,3,3,463540900,81,10.47176268861454,18,9.978991769547326
43,0,Travel_Rarely,Sales,4,Marketing,Male,2,Sales Executive,Divorced,4.0,16,2,4.0,4,1,0,0,1.0,2.0,4.0,3,3,2377537600,49,6.597585009578544,29,9.999111590038313
20,1,Travel_Rarely,Research & Development,3,Medical,Male,2,Sales Executive,Single,1.0,12,0,2.0,6,2,0,2,3.0,3.0,2.0,1,3,8828481600,121,7.086974248927039,28,9.981509298998569
21,1,Travel_Rarely,Research & Development,3,Medical,Male,2,Sales Executive,Single,1.0,13,1,1.0,2,1,0,0,4.0,4.0,2.0,3,3,10816000000,1,7.891711618257262,20,10.003337943752882
36,0,Travel_Rarely,Research & Development,4,Medical,Male,1,Laboratory Technician,Married,0.0,14,0,17.0,3,16,4,11,3.0,4.0,2.0,3,3,7180867600,676,10.330182186234817,14,10.002031039136304
47,0,Travel_Rarely,Research & Development,3,Life Sciences,Male,2,Manufacturing Director,Single,1.0,21,1,3.0,3,3,1,2,4.0,4.0,2.0,3,4,9962036100,4,8.500371513488798,18,9.990904206675811
22,1,Travel_Rarely,Research & Development,4,Life Sciences,Female,1,Laboratory Technician,Married,0.0,13,0,4.0,3,3,0,2,2.0,3.0,4.0,3,3,15600010000,225,9.801010101010101,30,9.98098605098605
41,1,Travel_Rarely,Research & Development,3,Life Sciences,Female,2,Sales Executive,Divorced,4.0,11,0,10.0,3,7,1,0,2.0,4.0,2.0,4,3,705964900,529,10.40173314339981,27,9.993825973409308
28,0,Travel_Rarely,Research & Development,3,Life Sciences,Female,3,Manager,Divorced,5.0,20,1,6.0,2,2,2,2,3.0,3.0,3.0,3,4,18471528100,100,7.703818565400844,24,9.997638302859823
39,1,Travel_Rarely,Research & Development,4,Life Sciences,Female,4,Human Resources,Married,7.0,11,0,8.0,3,2,2,2,4.0,1.0,1.0,3,3,4483641600,100,10.708079297245963,27,9.985819088319088
27,0,Travel_Rarely,Research & Development,3,Medical,Male,1,Research Scientist,Single,1.0,14,1,1.0,5,1,0,0,2.0,3.0,3.0,3,3,423536400,1,7.710114657210402,26,9.999118203309694
34,0,Travel_Rarely,Research & Development,2,Technical Degree,Male,2,Human Resources,Divorced,1.0,11,1,1.0,0,1,1,0,2.0,2.0,3.0,3,3,7858822500,144,7.6936575963718825,16,9.999274376417233
42,0,Travel_Rarely,Sales,1,Technical Degree,Male,2,Human Resources,Single,7.0,16,0,10.0,2,5,0,3,3.0,3.0,3.0,2,3,3528360000,121,6.924135939036381,35,10.036484759095378
33,0,Travel_Rarely,Sales,3,Marketing,Female,1,Sales Executive,Single,3.0,16,1,6.0,4,3,0,2,3.0,1.0,3.0,3,3,3497539600,4,10.556096986817327,25,10.01820856873823
58,0,Travel_Rarely,Research & Development,4,Life Sciences,Male,1,Research Scientist,Divorced,2.0,23,0,24.0,3,6,0,4,3.0,2.0,3.0,3,4,687488400,4,8.330816924519457,24,10.004680028129396
31,0,Travel_Rarely,Sales,3,Life Sciences,Female,1,Sales Representative,Married,3.0,14,0,13.0,2,7,5,2,2.0,3.0,4.0,3,3,14847422500,1,6.079077916090364,20,10.002172660212079
35,0,Travel_Rarely,Research & Development,1,Life Sciences,Male,3,Healthcare Representative,Married,1.0,22,0,10.0,3,10,0,7,4.0,4.0,1.0,3,4,11255088100,4,10.389594374709437,22,10.034231752673175
49,0,Travel_Rarely,Research & Development,2,Life Sciences,Female,2,Sales Executive,Married,4.0,15,0,29.0,3,26,1,7,1.0,2.0,2.0,2,3,1887902500,625,7.004710743801653,19,9.963023415977963
48,0,Travel_Rarely,Research & Development,4,Medical,Male,1,Research Scientist,Married,4.0,18,0,13.0,4,0,0,0,4.0,3.0,2.0,3,3,473932900,1,6.721184640522876,23,9.99499883286648
31,0,Non-Travel,Research & Development,2,Technical Degree,Female,2,Sales Executive,Married,1.0,16,0,9.0,4,9,0,0,4.0,3.0,2.0,3,3,780084900,1,7.059256080114449,28,10.019892703862661
36,0,Travel_Rarely,Human Resources,4,Technical Degree,Male,1,Sales Executive,Single,2.0,12,2,8.0,3,6,0,1,2.0,4.0,3.0,2,3,6269472400,4,6.510334541062802,31,10.002826086956523
38,0,Travel_Rarely,Sales,3,Other,Male,2,Sales Executive,Married,1.0,11,3,15.0,4,15,5,11,4.0,1.0,3.0,3,3,7724652100,36,7.084607984607985,30,9.995165945165944
32,0,Non-Travel,Sales,3,Marketing,Male,1,Laboratory Technician,Married,6.0,12,1,5.0,4,3,0,2,3.0,2.0,3.0,2,3,570732100,324,7.0712334247828075,18,9.997646319158664
25,1,Travel_Rarely,Research & Development,2,Life Sciences,Male,1,Sales Executive,Married,1.0,15,1,1.0,3,1,0,0,3.0,2.0,3.0,2,3,1031694400,1,8.867931074227755,20,9.993694098662978
40,0,Travel_Rarely,Research & Development,4,Medical,Male,2,Research Scientist,Divorced,2.0,14,1,11.0,3,1,0,0,1.0,2.0,2.0,3,3,36986982400,1,6.112561327561328,30,9.979953102453102
26,0,Travel_Frequently,Sales,3,Marketing,Male,2,Healthcare Representative,Single,1.0,19,3,7.0,2,7,0,7,3.0,1.0,3.0,2,3,513928900,121,7.581857142857143,16,10.001448979591837
41,0,Travel_Rarely,Research & Development,4,Medical,Male,1,Research Scientist,Single,2.0,13,0,20.0,5,18,2,17,4.0,1.0,3.0,3,3,38091328900,1,10.652649219467401,19,10.011065197428834
36,0,Travel_Rarely,Research & Development,3,Life Sciences,Female,2,Healthcare Representative,Single,4.0,13,0,16.0,3,11,3,9,3.0,3.0,3.0,1,3,593409600,81,7.097545913682278,19,10.001507116620754
19,1,Travel_Rarely,Research & Development,3,Life Sciences,Male,2,Research Scientist,Single,1.0,15,1,1.0,3,1,0,0,4.0,2.0,4.0,3,3,25805209600,225,10.619414845173042,17,9.975113843351549
20,1,Travel_Rarely,Research & Development,3,Life Sciences,Female,3,Laboratory Technician,Single,1.0,11,0,1.0,2,1,0,0,1.0,1.0,3.0,3,3,732784900,841,6.091235349273324,24,9.9643741209564
31,0,Travel_Rarely,Research & Development,4,Life Sciences,Male,4,Research Director,Married,0.0,12,0,10.0,1,9,8,5,4.0,4.0,1.0,3,3,36358862400,1,8.301600877192984,33,10.001918859649122
40,0,Travel_Frequently,Sales,3,Marketing,Male,1,Research Scientist,Divorced,8.0,19,0,3.0,2,1,0,0,4.0,2.0,3.0,2,3,1545276100,1,8.097030092592593,21,9.957703703703702
32,0,Travel_Rarely,Research & Development,3,Life Sciences,Male,4,Laboratory Technician,Married,1.0,25,1,8.0,4,8,6,3,3.0,1.0,4.0,3,4,1391290000,576,7.913620370370371,21,9.992385416666668
36,1,Travel_Rarely,Research & Development,3,Medical,Male,3,Sales Executive,Married,1.0,12,1,16.0,2,16,3,7,3.0,4.0,3.0,3,3,498182400,100,9.800581847279378,18,9.961826703246457
33,0,Travel_Rarely,Research & Development,4,Medical,Female,4,Manufacturing Director,Single,0.0,13,0,6.0,3,5,1,4,2.0,4.0,3.0,3,3,1993622500,1,6.017222222222222,19,10.01612258953168
37,1,Travel_Rarely,Sales,4,Marketing,Female,3,Human Resources,Married,5.0,14,0,17.0,3,14,11,7,1.0,3.0,1.0,2,3,943718400,100,6.330157367668098,28,10.006076537911301
45,0,Non-Travel,Research & Development,1,Life Sciences,Male,2,Sales Executive,Married,1.0,12,1,9.0,3,9,0,8,3.0,2.0,2.0,3,3,1101576100,64,6.322636514719847,27,10.006525403608737
29,0,Travel_Frequently,Research & Development,1,Life Sciences,Male,1,Sales Representative,Married,1.0,12,0,3.0,5,3,0,2,3.0,4.0,3.0,3,3,36871680400,841,7.602417695473251,18,9.996239140374943
35,0,Travel_Rarely,Human Resources,3,Human Resources,Male,3,Laboratory Technician,Married,1.0,15,3,5.0,5,5,1,0,3.0,3.0,3.0,2,3,18700562500,1,6.378281174187288,32,9.994650655021834
52,0,Travel_Rarely,Research & Development,4,Other,Male,1,Laboratory Technician,Married,2.0,17,2,26.0,3,9,7,8,4.0,4.0,2.0,3,3,847392100,25,6.978609882005899,35,9.969181415929203
58,1,Travel_Rarely,Sales,2,Medical,Female,4,Sales Executive,Single,4.0,14,1,7.0,2,1,0,0,4.0,3.0,3.0,1,3,3548584900,81,7.469917874396136,31,9.976920289855073
53,0,Travel_Rarely,Research & Development,3,Technical Degree,Male,1,Manager,Divorced,6.0,16,1,22.0,3,17,15,2,3.0,3.0,4.0,3,3,1536640000,81,6.521732026143791,23,9.980769140989729
30,0,Travel_Rarely,Sales,4,Marketing,Male,1,Sales Executive,Divorced,5.0,14,1,10.0,3,8,7,7,3.0,3.0,4.0,2,3,4139635600,9,8.00522126022126,30,9.975941558441558
38,0,Non-Travel,Sales,3,Life Sciences,Male,2,Research Director,Single,1.0,23,1,6.0,2,5,1,3,3.0,4.0,3.0,3,4,10096230400,16,8.0829113018598,28,10.036270863137815
35,0,Travel_Rarely,Sales,2,Life Sciences,Female,2,Healthcare Representative,Divorced,6.0,14,2,12.0,2,10,0,8,4.0,4.0,3.0,1,3,11963984400,1,7.335469995311768,24,10.015745428973277
40,1,Non-Travel,Research & Development,4,Life Sciences,Male,1,Human Resources,Single,4.0,15,0,22.0,2,1,0,0,2.0,2.0,2.0,3,3,4283702500,4,9.510643518518519,21,10.010909722222223
47,0,Travel_Frequently,Research & Development,4,Life Sciences,Male,3,Sales Executive,Divorced,1.0,11,0,20.0,3,19,2,7,3.0,3.0,4.0,3,3,4803876100,49,10.079049886621315,16,10.02025283446712
36,0,Non-Travel,Sales,1,Life Sciences,Male,2,Research Scientist,Divorced,4.0,13,1,12.0,3,7,0,7,1.0,4.0,3.0,3,3,2399040400,784,6.825506822612086,33,9.992453703703704
31,1,Non-Travel,Research & Development,4,Medical,Male,2,Research Scientist,Single,0.0,21,0,4.0,2,3,1,2,3.0,1.0,3.0,3,4,672364900,784,8.19732426303855,16,10.019574829931972
33,0,Non-Travel,Sales,3,Other,Male,4,Research Director,Single,1.0,19,2,10.0,4,10,6,0,4.0,3.0,3.0,3,3,37775809600,225,7.882856461611826,28,9.984209585121603
29,1,Travel_Rarely,Human Resources,5,Life Sciences,Male,1,Sales Executive,Single,6.0,11,1,3.0,2,0,0,0,4.0,1.0,3.0,2,3,741472900,9,10.325031380753138,22,10.00522780102278
33,0,Travel_Rarely,Research & Development,2,Technical Degree,Male,2,Laboratory Technician,Single,3.0,12,0,5.0,3,3,0,2,2.0,4.0,3.0,3,3,1210344100,4,7.481684861717613,32,10.017282872392043
45,0,Travel_Rarely,Research & Development,1,Medical,Female,3,Healthcare Representative,Divorced,3.0,19,1,8.0,2,5,0,2,4.0,4.0,3.0,3,3,780643600,676,7.010718351548269,17,9.991298952641165
50,0,Travel_Rarely,Sales,1,Life Sciences,Female,1,Manufacturing Director,Divorced,9.0,21,2,32.0,2,5,1,3,4.0,4.0,2.0,2,4,2755200100,100,7.3875034578146614,20,9.983967266021207
33,0,Travel_Frequently,Sales,3,Marketing,Male,2,Human Resources,Married,1.0,14,1,6.0,2,6,1,2,3.0,2.0,3.0,2,3,473497600,1,8.979737458977965,24,10.007088607594936
41,0,Travel_Frequently,Sales,3,Other,Male,1,Laboratory Technician,Divorced,2.0,15,1,21.0,2,18,0,11,1.0,3.0,4.0,3,3,28466438400,121,7.864643347050754,18,10.015013717421123
27,0,Travel_Rarely,Research & Development,4,Other,Male,2,Manufacturing Director,Married,9.0,17,2,4.0,2,2,2,2,3.0,2.0,3.0,3,3,1214522500,400,7.098894604481024,18,10.003972336534066
45,0,Non-Travel,Sales,3,Medical,Female,1,Sales Executive,Married,1.0,12,0,9.0,3,9,0,8,4.0,1.0,3.0,4,3,4414273600,4,8.706717171717173,19,10.026170798898072
47,0,Travel_Rarely,Sales,4,Medical,Female,2,Research Scientist,Single,1.0,16,0,9.0,3,9,0,7,4.0,4.0,3.0,3,3,3115872400,324,8.010337713231904,20,9.9969928538497
30,1,Travel_Rarely,Sales,3,Life Sciences,Male,2,Healthcare Representative,Married,4.0,12,0,7.0,5,5,0,1,1.0,3.0,3.0,2,3,1600000000,4,10.491258309591643,27,10.013535137701803
50,0,Travel_Rarely,Research & Development,3,Technical Degree,Female,2,Sales Executive,Married,3.0,18,1,22.0,3,12,1,5,4.0,3.0,3.0,3,3,18214201600,1,9.487657367668097,28,9.99261087267525
38,0,Travel_Frequently,Research & Development,3,Technical Degree,Male,1,Manufacturing Director,Married,0.0,17,2,3.0,5,2,0,2,3.0,3.0,2.0,2,3,1030410000,169,7.685276585598475,28,9.98719003338102
46,0,Travel_Rarely,Research & Development,3,Medical,Female,3,Human Resources,Divorced,6.0,11,3,13.0,2,8,0,7,4.0,3.0,3.0,3,3,36271202500,784,6.9213774104683194,19,10.028380394857669
24,0,Travel_Rarely,Sales,3,Life Sciences,Female,1,Healthcare Representative,Divorced,1.0,16,1,5.0,3,4,3,2,4.0,3.0,3.0,3,3,14039880100,784,6.585990860990861,30,10.005585618085618
35,1,Travel_Rarely,Sales,3,Medical,Male,3,Healthcare Representative,Divorced,1.0,13,3,5.0,1,4,0,2,3.0,2.0,1.0,2,3,428490000,576,9.321214551371455,22,9.970592747559275
31,0,Travel_Frequently,Research & Development,2,Technical Degree,Male,2,Sales Executive,Married,1.0,12,0,4.0,3,4,0,3,3.0,1.0,3.0,3,3,4227600400,25,6.309143614568925,20,9.953140848317195
18,0,Non-Travel,Sales,4,Other,Male,2,Manager,Single,1.0,12,1,0.0,3,0,0,0,2.0,4.0,3.0,3,3,1043290000,25,6.325607126113455,24,9.970719643694327
54,0,Travel_Rarely,Sales,3,Medical,Female,1,Laboratory Technician,Married,8.0,13,1,22.0,2,10,0,8,3.0,3.0,3.0,3,3,18504160900,529,6.599765051395008,34,10.010906754772394
35,0,Travel_Rarely,Research & Development,4,Medical,Female,1,Manufacturing Director,Divorced,1.0,19,2,16.0,3,16,10,1,3.0,3.0,2.0,3,3,14390401600,36,9.599074074074073,30,9.992597402597402
30,0,Travel_Rarely,Research & Development,3,Life Sciences,Female,5,Healthcare Representative,Married,0.0,12,1,9.0,0,8,1,7,2.0,1.0,2.0,2,3,3141602500,16,10.12023422787194,25,10.016713747645952
20,1,Travel_Rarely,Research & Development,2,Life Sciences,Female,2,Research Scientist,Single,1.0,17,1,1.0,3,1,0,0,4.0,1.0,3.0,3,3,4092160900,4,8.318101053639847,29,10.009209770114941
30,1,Travel_Frequently,Research & Development,4,Medical,Male,1,Sales Executive,Single,0.0,11,0,4.0,3,3,1,2,2.0,2.0,3.0,3,3,36649273600,64,7.5866985428051,17,10.011502732240437
26,0,Travel_Rarely,Sales,3,Marketing,Female,2,Research Scientist,Married,1.0,20,0,8.0,2,8,1,3,4.0,4.0,3.0,3,4,30919705600,1,7.900064279155188,19,9.998006198347108
22,0,Travel_Rarely,Research & Development,3,Other,Male,2,Sales Representative,Married,1.0,21,1,4.0,2,4,1,1,2.0,1.0,2.0,3,4,2407864900,64,7.311087006427916,19,9.996419880624426
48,0,Travel_Rarely,Human Resources,4,Medical,Male,2,Sales Executive,Single,2.0,11,2,19.0,3,2,2,2,1.0,3.0,3.0,3,3,2073891600,4,8.020512117055327,18,9.987832647462279
48,0,Travel_Rarely,Sales,3,Medical,Male,1,Research Director,Single,7.0,11,1,27.0,1,15,4,8,3.0,3.0,3.0,3,3,2932222500,9,6.495245821042281,35,10.032213618485741
41,0,Travel_Rarely,Research & Development,3,Life Sciences,Male,2,Research Scientist,Single,6.0,16,0,8.0,3,2,2,1,4.0,3.0,3.0,3,3,2247708100,4,6.910598108747045,26,10.01269621749409
39,0,Travel_Rarely,Sales,3,Life Sciences,Male,3,Human Resources,Married,1.0,18,0,21.0,3,21,11,8,4.0,4.0,3.0,4,3,447322500,4,7.142438136826783,32,9.975926734594855
27,0,Travel_Rarely,Research & Development,3,Life Sciences,Male,2,Human Resources,Married,0.0,13,2,4.0,0,3,2,2,1.0,4.0,3.0,3,3,999192100,9,7.3073318713450295,33,9.966349902534114
35,0,Travel_Rarely,Sales,3,Medical,Male,5,Sales Executive,Divorced,1.0,17,3,3.0,4,3,1,2,2.0,4.0,2.0,3,3,3300502500,576,6.875793816829382,22,10.02970130172013
42,0,Travel_Rarely,Research & Development,4,Other,Male,1,Research Scientist,Married,6.0,14,1,21.0,3,1,0,0,4.0,3.0,4.0,4,3,563112900,529,8.011233237547893,29,10.015943486590038
50,0,Travel_Rarely,Sales,3,Medical,Male,2,Sales Executive,Married,4.0,22,1,8.0,3,1,0,0,1.0,4.0,3.0,4,4,1095610000,729,6.232089218455744,25,9.99652895480226
59,0,Travel_Rarely,Research & Development,4,Medical,Female,5,Laboratory Technician,Single,3.0,12,0,30.0,3,5,4,3,3.0,4.0,3.0,2,3,34838222500,256,10.12087725546059,27,10.018607549857549
37,1,Travel_Rarely,Sales,3,Marketing,Male,2,Laboratory Technician,Married,5.0,11,1,15.0,2,1,0,0,1.0,2.0,1.0,4,3,2011522500,225,6.598324879227054,31,9.979497584541063
55,0,Travel_Frequently,Research & Development,2,Life Sciences,Female,2,Sales Executive,Married,3.0,13,1,17.0,2,8,6,7,3.0,2.0,3.0,2,3,777852100,676,8.596978723404256,26,9.97583096926714
41,0,Non-Travel,Research & Development,1,Life Sciences,Male,2,Research Scientist,Divorced,1.0,13,0,21.0,0,21,5,10,2.0,3.0,3.0,3,3,3396558400,361,6.30266713747646,25,10.000203625235404
38,0,Travel_Rarely,Research & Development,2,Other,Female,1,Laboratory Technician,Single,8.0,14,0,19.0,3,1,0,0,2.0,4.0,3.0,4,3,541027600,576,8.40627304964539,26,9.990070921985815
26,1,Non-Travel,Research & Development,1,Life Sciences,Female,1,Manufacturing Director,Single,8.0,17,1,7.0,4,2,2,2,2.0,1.0,3.0,2,3,18292562500,441,7.708031148303115,22,10.009281729428173
52,1,Travel_Rarely,Research & Development,4,Medical,Female,4,Human Resources,Married,1.0,13,1,33.0,2,32,6,9,1.0,4.0,3.0,4,3,201640000,25,6.012140661938535,26,10.001345153664303
44,0,Travel_Rarely,Research & Development,3,Life Sciences,Female,1,Healthcare Representative,Married,3.0,11,1,23.0,2,12,11,11,4.0,4.0,3.0,3,3,6432040000,256,10.903012646793135,15,9.968331074977415
50,0,Non-Travel,Human Resources,2,Life Sciences,Male,1,Laboratory Technician,Married,0.0,11,0,19.0,3,18,0,13,4.0,3.0,3.0,2,3,1360134400,4,6.484585106382979,26,10.010965721040188
36,1,Travel_Rarely,Sales,4,Technical Degree,Male,4,Sales Executive,Single,1.0,18,0,18.0,3,17,15,14,3.0,1.0,3.0,3,3,3005232400,4,7.800405282331512,17,10.000268670309653
39,0,Travel_Frequently,Sales,3,Marketing,Male,1,Sales Executive,Single,1.0,11,0,21.0,3,21,2,8,4.0,1.0,3.0,4,3,25648022500,121,10.801917009602194,18,10.024929126657522
33,0,Non-Travel,Sales,2,Technical Degree,Male,5,Sales Representative,Single,0.0,11,1,3.0,3,2,2,2,2.0,4.0,2.0,3,3,144000000,81,7.580263830776383,22,10.002873082287309
45,0,Travel_Rarely,Research & Development,2,Other,Male,1,Human Resources,Married,3.0,12,0,26.0,2,9,1,1,4.0,4.0,4.0,2,3,3204692100,49,7.386112268518518,21,9.991643518518519
32,0,Non-Travel,Research & Development,3,Medical,Male,2,Manager,Single,9.0,20,0,10.0,6,8,7,7,4.0,3.0,3.0,1,4,4801104100,225,7.179573002754821,19,9.965657713498622
34,0,Travel_Rarely,Sales,4,Marketing,Male,2,Research Director,Divorced,0.0,12,1,16.0,5,15,0,9,2.0,4.0,2.0,2,3,9240976900,36,7.1077053656220315,27,10.030665954415955
59,0,Travel_Rarely,Research & Development,3,Life Sciences,Male,2,Research Scientist,Married,3.0,12,0,14.0,6,6,0,4,2.0,4.0,1.0,3,3,3219427600,25,8.113466235632185,29,9.988220785440614
45,0,Travel_Rarely,Research & Development,1,Medical,Male,2,Sales Executive,Single,1.0,20,3,6.0,6,6,0,4,2.0,2.0,3.0,3,4,3007425600,256,6.688949172576832,26,10.052329787234042
53,0,Travel_Frequently,Sales,2,Medical,Male,2,Research Scientist,Married,2.0,20,1,30.0,2,15,6,12,3.0,2.0,3.0,4,4,14546772100,64,7.778898071625345,19,9.993615702479339
36,1,Travel_Rarely,Research & Development,2,Life Sciences,Female,1,Research Scientist,Divorced,7.0,12,0,9.0,3,1,0,0,1.0,3.0,2.0,3,3,3203560000,49,6.073075909961686,29,9.995171216475097
26,1,Travel_Frequently,Sales,3,Life Sciences,Male,2,Research Scientist,Married,6.0,14,2,6.0,2,3,1,2,1.0,1.0,3.0,3,3,2324204100,4,8.203772663877267,22,10.05700720595072
34,0,Travel_Rarely,Research & Development,2,Life Sciences,Male,1,Sales Representative,Married,1.0,13,1,1.0,5,1,0,0,3.0,3.0,3.0,2,3,4108810000,4,9.214501182033098,26,10.00393853427896
28,0,Travel_Rarely,Research & Development,3,Other,Male,2,Sales Representative,Married,1.0,15,0,1.0,1,1,0,0,4.0,2.0,3.0,4,3,2714410000,100,7.788128019323671,31,9.994072463768116
38,0,Travel_Frequently,Sales,4,Medical,Male,2,Research Scientist,Married,3.0,14,1,8.0,4,2,2,2,3.0,3.0,3.0,1,3,726302500,81,7.593654970760234,33,9.964367690058479
50,0,Travel_Rarely,Research & Development,4,Life Sciences,Male,1,Sales Executive,Married,2.0,13,1,29.0,2,8,7,7,2.0,3.0,2.0,3,3,14108688400,25,9.583764528126453,22,10.014206183170618
37,0,Travel_Rarely,Research & Development,3,Life Sciences,Male,1,Laboratory Technician,Single,3.0,23,0,8.0,6,4,0,1,4.0,2.0,2.0,3,4,29131662400,1,7.283771630236794,17,9.984285063752276
40,0,Travel_Rarely,Human Resources,3,Medical,Male,5,Sales Executive,Married,1.0,15,1,8.0,2,7,7,5,3.0,1.0,2.0,3,3,602702500,4,6.090655006858711,18,10.026952446273434
26,0,Travel_Frequently,Research & Development,3,Medical,Male,2,Laboratory Technician,Divorced,1.0,11,2,5.0,1,5,1,3,1.0,3.0,3.0,2,3,19499329600,9,7.712686372269705,27,10.007875118708453
46,0,Travel_Rarely,Research & Development,1,Medical,Female,3,Research Scientist,Divorced,9.0,13,2,23.0,2,2,2,2,4.0,4.0,3.0,2,3,2441348100,4,7.385222681359045,19,9.986539256198347
54,0,Travel_Rarely,Research & Development,3,Medical,Female,2,Manufacturing Director,Married,6.0,11,0,13.0,0,9,7,0,3.0,3.0,3.0,3,3,614048400,25,7.606151620370371,21,10.01769675925926
56,0,Travel_Frequently,Research & Development,2,Life Sciences,Female,2,Manufacturing Director,Married,2.0,11,0,18.0,4,5,0,3,1.0,3.0,3.0,3,3,2733198400,1,6.9204613935969865,25,9.984939971751412
36,0,Travel_Rarely,Research & Development,2,Life Sciences,Female,2,Human Resources,Single,0.0,18,1,15.0,3,14,7,8,4.0,4.0,2.0,3,3,2005248400,16,6.633445881226054,29,10.007177921455938
55,0,Non-Travel,Research & Development,3,Medical,Female,2,Manager,Single,7.0,16,0,31.0,2,9,6,2,3.0,1.0,4.0,2,3,5695720900,4,6.1019621749408985,26,10.00779196217494
43,0,Travel_Rarely,Sales,2,Life Sciences,Male,3,Research Scientist,Divorced,5.0,22,0,18.0,2,1,0,0,3.0,4.0,3.0,2,4,2555302500,625,7.891980834546337,32,9.990197719553615
20,1,Travel_Frequently,Sales,3,Marketing,Male,3,Sales Executive,Single,1.0,20,0,2.0,3,2,0,2,4.0,4.0,3.0,2,4,1199929600,64,9.083067528735633,29,9.981572078544062
21,1,Travel_Rarely,Research & Development,4,Life Sciences,Male,1,Manager,Single,1.0,18,0,1.0,2,1,1,0,3.0,1.0,2.0,3,3,3335062500,1,6.597937675070028,23,9.998019374416433
46,0,Travel_Rarely,Sales,3,Marketing,Female,3,Healthcare Representative,Divorced,8.0,12,1,19.0,6,16,1,7,4.0,1.0,3.0,3,3,7997724900,144,10.990522130013831,20,9.983637621023513
51,1,Travel_Rarely,Sales,3,Medical,Female,2,Research Scientist,Married,9.0,20,0,18.0,2,10,2,7,1.0,3.0,4.0,3,4,37140998400,529,8.701324879227053,31,9.989419082125604
28,1,Non-Travel,Research & Development,4,Life Sciences,Female,4,Laboratory Technician,Single,1.0,17,1,10.0,4,10,1,9,2.0,1.0,2.0,2,3,2743664400,361,7.378290414878397,28,9.976863376251787
26,0,Travel_Rarely,Research & Development,4,Medical,Female,2,Sales Executive,Married,1.0,11,1,6.0,3,5,1,3,1.0,1.0,3.0,1,3,2192112400,25,7.516356280193237,31,10.005165458937197
30,0,Travel_Rarely,Research & Development,3,Medical,Female,1,Sales Executive,Married,0.0,14,0,7.0,6,6,0,2,3.0,1.0,2.0,3,3,33489000000,64,6.194155140617796,20,9.983289534347625
41,0,Travel_Rarely,Sales,4,Life Sciences,Female,1,Research Director,Married,1.0,14,0,10.0,2,10,0,8,2.0,3.0,3.0,4,3,2763604900,1,7.90969571230982,20,9.997079299216228
38,0,Travel_Rarely,Research & Development,3,Technical Degree,Male,1,Sales Executive,Married,0.0,11,0,20.0,3,19,1,9,3.0,3.0,2.0,3,3,4030980100,25,7.317914847161572,32,9.980497331392527
40,0,Travel_Rarely,Sales,4,Marketing,Male,1,Sales Executive,Married,4.0,12,0,14.0,2,11,11,1,1.0,4.0,3.0,3,3,2370716100,1,7.902443522360535,20,9.983550023052096
27,0,Non-Travel,Sales,3,Technical Degree,Female,2,Laboratory Technician,Married,1.0,14,1,3.0,3,3,1,2,1.0,3.0,3.0,2,3,9970022500,121,7.992474105461394,25,9.975590866290018
55,0,Travel_Frequently,Research & Development,5,Life Sciences,Male,3,Laboratory Technician,Married,3.0,13,1,23.0,1,3,1,2,4.0,2.0,3.0,3,3,1366780900,529,6.679911778731522,28,9.975295660467333
28,0,Travel_Rarely,Research & Development,3,Life Sciences,Male,2,Healthcare Representative,Single,3.0,11,2,10.0,1,8,1,7,3.0,3.0,4.0,4,3,5560684900,1,6.563898265353961,24,9.985310595405531
44,1,Travel_Rarely,Research & Development,4,Life Sciences,Female,2,Sales Executive,Married,9.0,15,0,24.0,3,20,3,6,2.0,1.0,3.0,3,3,449016100,324,6.177514860539552,18,9.980280064014632
33,0,Travel_Rarely,Sales,4,Marketing,Female,4,Sales Executive,Divorced,4.0,12,0,9.0,3,3,1,2,4.0,4.0,3.0,3,3,1586428900,529,6.365669934640523,23,9.994262371615312
35,1,Travel_Rarely,Sales,4,Life Sciences,Male,3,Sales Representative,Single,0.0,21,1,9.0,3,8,4,7,4.0,1.0,3.0,2,4,3742992400,49,9.818430962343097,22,10.009950023245002
33,1,Travel_Frequently,Research & Development,2,Life Sciences,Female,1,Sales Executive,Single,1.0,19,2,14.0,3,13,3,8,1.0,3.0,3.0,3,3,3861379600,1,7.775195942830798,20,9.968787459658829
28,0,Travel_Rarely,Human Resources,1,Human Resources,Male,2,Research Scientist,Divorced,1.0,15,1,4.0,2,4,2,2,1.0,3.0,2.0,3,3,4028440900,1,6.7280754805438345,24,10.001976090014065
34,0,Travel_Frequently,Sales,4,Marketing,Male,1,Research Scientist,Single,0.0,14,1,7.0,5,6,0,4,1.0,4.0,2.0,3,3,13248010000,841,6.6730165692007795,33,9.964181286549707
37,0,Travel_Rarely,Research & Development,4,Life Sciences,Male,4,Sales Executive,Divorced,2.0,21,0,8.0,6,1,0,0,4.0,4.0,3.0,2,4,5102244900,49,10.62246835443038,24,9.985248476324426
25,1,Travel_Rarely,Human Resources,4,Human Resources,Female,2,Research Scientist,Married,1.0,12,0,7.0,3,7,5,6,4.0,4.0,4.0,2,3,6835982400,625,10.9408540802213,20,9.999060627017059
26,1,Travel_Rarely,Sales,2,Marketing,Male,2,Sales Executive,Divorced,1.0,15,0,1.0,3,1,0,0,1.0,3.0,2.0,4,3,6552902500,64,7.828946563088513,25,10.007013888888888
33,1,Travel_Rarely,Research & Development,2,Life Sciences,Male,4,Manufacturing Director,Single,4.0,13,0,5.0,2,2,2,2,1.0,2.0,3.0,3,3,843321600,64,10.199945799457995,15,10.005677506775069
42,0,Travel_Rarely,Research & Development,1,Life Sciences,Male,4,Research Scientist,Married,0.0,14,0,23.0,2,22,13,7,4.0,1.0,3.0,2,3,3638502400,121,6.818579196217494,26,9.98982269503546
28,1,Travel_Frequently,Research & Development,3,Life Sciences,Male,2,Manager,Divorced,1.0,14,0,1.0,3,1,0,0,1.0,2.0,3.0,3,3,885657600,49,6.300432761087268,28,9.9838924654268
50,1,Travel_Frequently,Research & Development,4,Medical,Male,2,Research Scientist,Single,3.0,14,0,5.0,3,0,0,0,4.0,3.0,3.0,3,3,25574406400,1,10.509589834515367,26,10.030138297872341
33,0,Travel_Frequently,Sales,3,Medical,Female,2,Research Scientist,Married,0.0,12,0,4.0,2,3,0,2,4.0,2.0,3.0,2,3,2161320100,81,8.024171239140376,18,9.985435528120712
34,0,Non-Travel,Sales,1,Marketing,Female,2,Research Director,Married,3.0,23,0,6.0,3,0,0,0,3.0,4.0,3.0,3,4,726841600,1,7.0848657407407405,21,9.998344907407407
48,0,Non-Travel,Sales,1,Life Sciences,Male,2,Sales Executive,Single,2.0,11,0,27.0,3,5,2,1,1.0,4.0,2.0,3,3,561690000,4,6.170675451092118,27,10.008998100664767
45,0,Non-Travel,Research & Development,3,Medical,Female,2,Human Resources,Married,1.0,12,1,15.0,2,15,4,12,2.0,3.0,3.0,3,3,15635001600,1,6.009245511887433,32,10.021728529839883
52,0,Travel_Rarely,Sales,3,Life Sciences,Male,1,Sales Executive,Single,7.0,18,1,18.0,6,8,4,0,2.0,2.0,3.0,3,3,3568867600,1,7.9938816108685105,32,9.994368025230472
38,0,Travel_Rarely,Research & Development,2,Medical,Male,1,Research Scientist,Divorced,0.0,11,1,9.0,3,8,2,7,3.0,3.0,3.0,2,3,2242969600,36,10.689997704315887,19,10.001500229568412
29,0,Travel_Rarely,Research & Development,3,Medical,Female,4,Research Scientist,Divorced,4.0,14,0,11.0,3,7,1,7,3.0,4.0,3.0,4,3,2804761600,64,6.3341506882989185,35,9.982373402163226
28,0,Travel_Rarely,Human Resources,3,Human Resources,Female,4,Laboratory Technician,Divorced,0.0,15,1,10.0,2,9,1,7,4.0,2.0,2.0,3,3,4598196100,1,6.904346549192364,34,10.030505384238865
46,0,Travel_Rarely,Research & Development,4,Medical,Male,3,Sales Executive,Married,3.0,11,1,23.0,3,12,4,9,1.0,3.0,3.0,3,3,472627600,36,6.390338164251208,31,9.987144927536232
38,0,Travel_Rarely,Research & Development,4,Medical,Male,1,Sales Executive,Single,7.0,20,1,10.0,2,1,0,0,4.0,2.0,3.0,3,4,4426240900,49,7.405821462488129,27,9.967256647673313
43,0,Travel_Frequently,Research & Development,3,Medical,Female,2,Laboratory Technician,Married,8.0,19,1,18.0,3,8,0,1,3.0,1.0,3.0,3,3,9407060100,25,7.083995633187772,32,10.015122513343037
39,1,Travel_Frequently,Sales,3,Marketing,Male,2,Healthcare Representative,Divorced,7.0,14,1,21.0,2,18,11,5,1.0,4.0,3.0,3,3,4563002500,1,7.179473745897797,24,10.025430145335209
40,0,Travel_Rarely,Research & Development,1,Life Sciences,Male,1,Healthcare Representative,Single,1.0,17,0,21.0,4,20,4,9,3.0,3.0,4.0,3,3,489736900,1,6.024019323671498,31,9.990166666666667
21,0,Travel_Rarely,Research & Development,4,Life Sciences,Female,1,Research Scientist,Single,1.0,11,1,2.0,3,2,2,2,4.0,2.0,4.0,2,3,681210000,1,10.468798920377868,14,9.999507422402159
39,0,Non-Travel,Research & Development,3,Life Sciences,Male,1,Laboratory Technician,Single,9.0,15,0,9.0,2,5,0,3,3.0,2.0,2.0,3,3,812820100,36,6.19212518195051,32,10.00257399320718
36,0,Non-Travel,Research & Development,3,Medical,Male,3,Sales Representative,Single,2.0,13,3,18.0,4,11,0,9,1.0,4.0,3.0,4,3,1191630400,1,7.1970604781997185,24,10.002067510548523
31,0,Travel_Frequently,Research & Development,3,Life Sciences,Male,1,Sales Executive,Married,0.0,14,3,3.0,5,2,2,2,3.0,4.0,3.0,3,3,2764656400,49,6.595106744298883,32,9.996145075206211
28,0,Travel_Rarely,Sales,4,Marketing,Male,1,Sales Executive,Married,0.0,11,0,6.0,4,5,0,4,1.0,2.0,1.0,3,3,8751602500,4,7.493436474449133,24,10.028037974683544
35,0,Travel_Frequently,Research & Development,2,Other,Female,1,Manufacturing Director,Divorced,1.0,13,1,5.0,2,5,0,2,4.0,4.0,3.0,3,3,11016601600,81,6.6179576603034755,34,10.016478218306412
49,0,Travel_Rarely,Sales,2,Medical,Female,1,Sales Executive,Married,6.0,23,1,22.0,1,9,2,3,4.0,2.0,3.0,2,4,4070440000,4,7.224192343604108,23,10.018776844070963
34,0,Travel_Frequently,Sales,1,Technical Degree,Male,2,Sales Executive,Single,2.0,13,1,5.0,3,3,0,2,4.0,3.0,2.0,2,3,705964900,81,7.982483451536643,26,9.963033096926713
29,0,Travel_Frequently,Research & Development,4,Medical,Male,3,Research Scientist,Divorced,0.0,18,0,8.0,2,7,1,1,4.0,2.0,2.0,1,3,737665600,1,7.0917477348593225,28,9.980618741058654
42,0,Travel_Rarely,Sales,2,Life Sciences,Female,1,Healthcare Representative,Single,4.0,12,1,16.0,3,1,0,0,2.0,4.0,3.0,4,3,484440100,441,7.204237640724425,34,10.015617963778755
29,0,Travel_Rarely,Sales,2,Other,Female,2,Healthcare Representative,Married,1.0,22,0,10.0,2,10,1,2,2.0,4.0,2.0,1,4,4277160000,16,10.900306238615665,17,10.052115209471767
38,0,Travel_Rarely,Research & Development,3,Medical,Female,1,Human Resources,Married,1.0,13,2,7.0,2,7,5,0,3.0,3.0,4.0,2,3,1456185600,1,6.495622032288699,27,10.001143162393163
28,0,Travel_Frequently,Sales,4,Life Sciences,Male,1,Manager,Divorced,1.0,15,0,3.0,2,3,0,2,3.0,3.0,3.0,3,3,2759400900,36,10.676222687122268,22,9.9717980009298
18,1,Non-Travel,Research & Development,4,Medical,Male,3,Laboratory Technician,Single,1.0,18,0,0.0,5,0,0,0,3.0,3.0,3.0,4,3,12023122500,4,7.010858690640848,20,9.964955048409404
33,1,Travel_Rarely,Research & Development,2,Life Sciences,Male,1,Sales Executive,Single,0.0,14,0,6.0,2,5,0,3,1.0,1.0,3.0,2,3,2436409600,9,8.98498040571692,20,10.027275242047027
41,0,Travel_Rarely,Research & Development,2,Medical,Male,2,Research Scientist,Married,3.0,12,0,6.0,3,1,0,0,2.0,4.0,3.0,3,3,646684900,16,8.09848108747045,26,9.99621158392435
31,1,Travel_Frequently,Sales,3,Technical Degree,Female,1,Research Director,Married,1.0,17,0,2.0,3,2,2,2,3.0,3.0,2.0,4,3,2813241600,100,7.127894420394421,30,10.028193843193844
37,0,Travel_Rarely,Research & Development,3,Life Sciences,Male,3,Manufacturing Director,Divorced,7.0,16,1,9.0,2,6,1,3,3.0,4.0,3.0,3,3,27752228100,529,7.97410480349345,32,9.996957787481804
27,0,Travel_Rarely,Research & Development,2,Medical,Female,1,Healthcare Representative,Married,1.0,11,2,4.0,2,4,2,2,4.0,3.0,3.0,3,3,1814760000,36,7.363422826592283,22,9.993952812645281
34,0,Travel_Rarely,Sales,1,Marketing,Female,2,Laboratory Technician,Married,1.0,19,0,6.0,2,6,1,3,2.0,3.0,2.0,3,3,613057600,1,7.086201716738198,28,10.002100619933238
35,0,Travel_Rarely,Research & Development,3,Life Sciences,Female,3,Laboratory Technician,Single,1.0,13,1,6.0,3,5,1,4,3.0,3.0,1.0,2,3,962240400,36,6.79575311302682,29,9.993534482758621
29,1,Travel_Rarely,Research & Development,3,Life Sciences,Male,1,Sales Executive,Married,1.0,12,3,11.0,5,11,3,10,4.0,1.0,1.0,1,3,503553600,36,6.771594304388422,23,10.021944444444445
40,0,Travel_Frequently,Research & Development,4,Medical,Male,4,Human Resources,Single,9.0,11,0,20.0,0,18,2,13,2.0,3.0,2.0,1,3,5769921600,4,6.717986997635934,26,10.03304964539007
42,1,Travel_Frequently,Sales,4,Life Sciences,Male,1,Laboratory Technician,Single,0.0,16,0,22.0,3,21,13,14,3.0,1.0,2.0,1,3,522122500,4,8.053107714701602,32,9.99102741387676
42,0,Travel_Rarely,Research & Development,2,Life Sciences,Male,4,Laboratory Technician,Single,7.0,21,1,9.0,3,6,1,5,2.0,1.0,4.0,2,4,920515600,1,7.705268073750607,32,10.003430373605047
35,0,Travel_Rarely,Research & Development,3,Medical,Male,1,Healthcare Representative,Married,6.0,24,2,10.0,0,8,1,7,4.0,3.0,3.0,3,4,3266122500,25,7.119267009300049,34,9.991661771904063
24,0,Travel_Rarely,Sales,4,Life Sciences,Female,1,Laboratory Technician,Single,8.0,17,3,6.0,3,4,1,2,4.0,2.0,3.0,3,3,663577600,49,7.937359924026591,27,9.999309116809117
28,1,Travel_Rarely,Research & Development,4,Life Sciences,Male,2,Sales Executive,Married,1.0,13,0,1.0,3,1,0,0,3.0,4.0,2.0,1,3,1761480900,225,10.338630385487528,16,10.007163265306122
26,0,Travel_Rarely,Research & Development,4,Life Sciences,Male,2,Sales Representative,Married,1.0,21,1,8.0,3,8,0,7,1.0,4.0,3.0,3,4,20552089600,1,7.471162374821173,28,9.989434907010013
40,0,Travel_Frequently,Research & Development,4,Life Sciences,Male,2,Research Scientist,Married,3.0,20,3,16.0,2,1,0,0,3.0,4.0,1.0,3,4,37659283600,676,10.46398261065944,15,9.97824074074074
35,0,Travel_Rarely,Research & Development,5,Medical,Female,2,Research Scientist,Divorced,2.0,16,1,15.0,3,7,6,4,3.0,2.0,4.0,3,3,4274544400,324,6.91156457739791,27,10.020541310541311
34,0,Travel_Frequently,Research & Development,2,Life Sciences,Male,1,Research Director,Single,0.0,11,0,14.0,2,13,4,9,4.0,1.0,3.0,3,3,1854163600,36,7.522875816993465,23,9.993957749766574
35,0,Travel_Frequently,Research & Development,3,Medical,Female,2,Laboratory Technician,Married,1.0,11,1,2.0,2,2,2,2,4.0,4.0,4.0,3,3,509856400,9,7.96398263888889,21,10.005879629629629
43,1,Travel_Rarely,Sales,3,Marketing,Female,3,Research Scientist,Single,8.0,15,1,7.0,3,4,1,3,1.0,3.0,2.0,3,3,2044848400,25,7.493321360153257,29,9.985714798850577
32,0,Non-Travel,Research & Development,2,Other,Female,2,Research Scientist,Divorced,1.0,11,0,1.0,5,1,0,0,3.0,1.0,3.0,2,3,2013316900,121,6.594707175925927,21,9.992019675925926
19,0,Travel_Rarely,Research & Development,4,Life Sciences,Male,2,Laboratory Technician,Single,1.0,12,0,1.0,2,1,0,0,3.0,1.0,3.0,3,3,36852480900,529,7.311391283524904,29,9.979778496168583
45,0,Travel_Rarely,Research & Development,3,Life Sciences,Female,2,Sales Representative,Married,4.0,13,0,7.0,4,3,0,2,1.0,3.0,2.0,3,3,17455694400,484,8.789366760828626,25,9.983434557438795
37,0,Travel_Rarely,Research & Development,4,Life Sciences,Male,3,Research Scientist,Married,1.0,13,0,14.0,1,14,3,11,4.0,4.0,2.0,1,3,4325692900,196,6.832842066957787,32,10.001085638039788
20,0,Travel_Rarely,Research & Development,3,Medical,Male,5,Research Director,Single,1.0,17,0,2.0,5,2,1,2,1.0,3.0,2.0,3,3,7042566400,36,6.6843594348659,29,9.97897509578544
44,1,Travel_Rarely,Human Resources,2,Human Resources,Male,3,Sales Executive,Single,1.0,13,1,6.0,2,6,0,2,3.0,3.0,3.0,1,3,2077536400,36,10.408523391812865,14,10.009192532613584
53,0,Travel_Rarely,Research & Development,4,Life Sciences,Male,1,Research Director,Divorced,3.0,12,1,26.0,3,7,4,7,4.0,3.0,3.0,2,3,1624896100,36,6.025689257722452,20,9.992693637621024
29,0,Travel_Rarely,Research & Development,3,Medical,Male,1,Sales Executive,Married,0.0,14,0,6.0,3,5,1,3,2.0,4.0,2.0,3,3,6350496100,529,8.911738128169665,20,10.008263024435225
22,1,Travel_Frequently,Research & Development,4,Medical,Male,1,Sales Representative,Married,0.0,24,0,1.0,5,0,0,0,3.0,4.0,3.0,2,4,704371600,484,9.879404761904762,16,10.008921768707484
46,0,Travel_Rarely,Research & Development,3,Life Sciences,Male,2,Research Scientist,Married,8.0,14,2,28.0,4,26,15,9,3.0,1.0,3.0,3,3,27406802500,4,5.988304597701149,29,10.006364942528736
44,0,Non-Travel,Research & Development,3,Life Sciences,Male,1,Sales Representative,Single,2.0,13,0,6.0,4,0,0,0,4.0,3.0,3.0,3,3,2075713600,400,6.1978668091168085,27,9.985910493827161
33,0,Travel_Rarely,Research & Development,4,Life Sciences,Female,1,Manager,Married,1.0,15,0,5.0,6,5,1,4,2.0,3.0,3.0,1,3,3710028100,784,7.7994613821138215,15,10.006339205058717
41,1,Non-Travel,Research & Development,3,Life Sciences,Male,2,Sales Representative,Divorced,6.0,16,0,5.0,2,1,0,0,1.0,1.0,1.0,4,3,38282835600,144,7.183438069216757,17,9.99325364298725
30,0,Travel_Rarely,Sales,3,Marketing,Male,3,Sales Executive,Divorced,8.0,18,0,8.0,3,4,0,3,3.0,1.0,3.0,2,3,2313610000,400,7.510671010516689,18,10.004130086877
40,0,Travel_Frequently,Sales,3,Medical,Male,1,Manufacturing Director,Married,5.0,16,1,5.0,5,0,0,0,2.0,2.0,3.0,4,3,2045752900,81,6.809596926713948,26,10.005358156028368
50,0,Travel_Frequently,Research & Development,4,Life Sciences,Female,2,Healthcare Representative,Married,2.0,24,1,32.0,2,2,2,2,4.0,1.0,3.0,3,4,1025280400,625,7.172575973409307,27,10.011368708452043
28,0,Travel_Rarely,Research & Development,3,Technical Degree,Male,2,Research Scientist,Married,1.0,16,0,6.0,4,6,3,3,4.0,1.0,3.0,3,3,552720100,36,7.151254137115839,26,10.000780141843972
46,0,Travel_Rarely,Research & Development,4,Other,Male,3,Manager,Married,5.0,21,0,25.0,2,4,0,3,4.0,2.0,3.0,3,4,289680400,64,7.307771990740741,21,9.98278587962963
35,0,Travel_Rarely,Sales,4,Marketing,Male,1,Laboratory Technician,Married,3.0,20,1,15.0,3,7,1,7,3.0,1.0,3.0,2,4,32547768100,16,8.487952380952382,16,10.01223469387755
24,1,Travel_Rarely,Human Resources,4,Human Resources,Male,3,Manufacturing Director,Married,1.0,19,1,1.0,5,1,0,0,4.0,2.0,1.0,3,3,832899600,784,6.598539312617702,25,9.989533898305085
33,0,Travel_Frequently,Research & Development,2,Medical,Female,1,Sales Executive,Married,1.0,14,2,10.0,5,10,0,1,2.0,3.0,2.0,2,3,439740900,81,6.0181877141458635,34,10.039347772883016
36,0,Travel_Rarely,Research & Development,2,Medical,Male,2,Sales Executive,Divorced,1.0,11,3,7.0,6,7,1,7,3.0,3.0,3.0,4,3,14244422500,81,6.6119981325863675,23,10.027263071895426
30,0,Travel_Rarely,Sales,3,Marketing,Male,1,Sales Executive,Divorced,1.0,14,1,10.0,2,10,8,9,3.0,3.0,2.0,3,3,648211600,841,6.015647754137117,26,10.015624113475177
44,0,Travel_Rarely,Research & Development,4,Medical,Male,2,Research Scientist,Single,1.0,12,3,20.0,3,20,13,17,4.0,4.0,3.0,1,3,657409600,9,7.60671768707483,16,9.995497732426303
20,0,Travel_Rarely,Research & Development,4,Medical,Male,1,Human Resources,Single,1.0,13,0,2.0,2,2,2,2,3.0,4.0,3.0,2,3,7076174400,324,6.301012857836002,32,9.954559679767103
46,0,Travel_Rarely,Sales,1,Medical,Female,1,Sales Executive,Divorced,2.0,22,0,12.0,3,6,1,4,4.0,4.0,2.0,3,4,19931792400,81,6.224990623534927,24,9.98080051570558
42,0,Non-Travel,Research & Development,4,Medical,Male,5,Sales Executive,Married,7.0,11,0,10.0,3,4,0,3,4.0,1.0,4.0,2,3,29056611600,25,7.486526639344262,17,10.0204633424408
60,0,Travel_Rarely,Sales,2,Life Sciences,Male,2,Sales Executive,Divorced,0.0,14,1,12.0,3,11,1,9,2.0,4.0,3.0,3,3,657409600,4,8.602125850340137,16,9.969875283446713
32,0,Travel_Frequently,Sales,3,Life Sciences,Female,1,Sales Executive,Married,1.0,11,0,2.0,3,2,2,2,3.0,2.0,3.0,3,3,10539075600,100,7.289922267946959,18,9.98419981710105
32,0,Travel_Frequently,Research & Development,3,Life Sciences,Female,2,Research Scientist,Single,4.0,12,1,10.0,6,8,0,7,4.0,3.0,3.0,3,3,2570490000,81,8.40896686159844,33,10.013057992202729
36,0,Travel_Rarely,Sales,2,Marketing,Male,4,Healthcare Representative,Divorced,2.0,18,0,17.0,2,7,7,7,3.0,1.0,3.0,2,3,31901532100,9,7.989745467224547,22,10.01018828451883
33,0,Travel_Rarely,Sales,2,Marketing,Male,1,Research Scientist,Married,0.0,12,0,15.0,0,14,4,10,1.0,4.0,3.0,3,3,1789290000,676,6.125854044834308,33,9.99337962962963
40,0,Travel_Rarely,Research & Development,3,Medical,Female,2,Research Scientist,Divorced,7.0,12,0,7.0,2,5,1,3,2.0,2.0,4.0,1,3,1428840000,1,7.32233574879227,31,9.985327294685991
25,0,Travel_Rarely,Research & Development,2,Medical,Female,1,Laboratory Technician,Single,0.0,22,1,5.0,0,4,1,1,3.0,4.0,3.0,3,4,766182400,36,8.015267489711935,18,9.984580475537266
30,0,Travel_Rarely,Sales,3,Marketing,Female,1,Research Scientist,Married,0.0,19,1,12.0,2,11,5,7,4.0,2.0,3.0,2,3,8228304100,81,9.186699763593381,26,10.013050827423168
42,0,Travel_Frequently,Human Resources,2,Medical,Male,1,Sales Executive,Married,3.0,13,1,20.0,1,1,0,0,1.0,1.0,3.0,3,3,11337990400,64,9.4596490004649,22,10.018811018131101
35,0,Non-Travel,Research & Development,1,Life Sciences,Male,2,Sales Executive,Married,4.0,22,2,16.0,4,13,4,12,3.0,4.0,2.0,2,4,18523210000,1,9.811535269709543,20,9.97735592438912
27,0,Travel_Rarely,Research & Development,3,Life Sciences,Male,3,Manufacturing Director,Married,1.0,24,0,9.0,2,9,6,8,1.0,1.0,2.0,3,4,1161446400,49,9.161649011299435,25,9.998511064030131
54,0,Travel_Frequently,Research & Development,2,Medical,Male,2,Sales Representative,Divorced,7.0,14,1,33.0,2,5,1,4,4.0,3.0,1.0,2,3,889828900,81,6.281152433425161,19,9.99528810835629
44,0,Travel_Rarely,Human Resources,4,Life Sciences,Male,5,Laboratory Technician,Married,1.0,21,0,10.0,3,10,7,7,1.0,4.0,3.0,3,4,5824742400,16,6.012280521262003,18,9.99670096021948
19,1,Non-Travel,Sales,2,Other,Male,3,Healthcare Representative,Single,1.0,18,0,1.0,2,1,0,0,1.0,2.0,4.0,3,3,9651097600,4,8.410409663865547,23,9.996911764705882
29,0,Travel_Rarely,Research & Development,4,Life Sciences,Male,1,Manufacturing Director,Divorced,1.0,20,0,3.0,3,3,1,2,1.0,4.0,3.0,3,4,9900250000,361,7.381258381226054,29,9.993777538314177
54,0,Travel_Rarely,Research & Development,4,Life Sciences,Male,2,Sales Executive,Married,3.0,19,0,36.0,2,10,0,9,4.0,4.0,3.0,3,3,438064900,81,7.696354595336077,18,9.983333333333333
31,0,Travel_Rarely,Research & Development,3,Life Sciences,Male,2,Laboratory Technician,Married,1.0,12,0,6.0,1,6,0,1,3.0,1.0,2.0,3,3,9960040000,441,8.616800281293953,24,10.012633614627287
31,0,Travel_Rarely,Sales,1,Marketing,Female,1,Sales Executive,Single,1.0,12,0,10.0,3,10,1,8,3.0,1.0,3.0,4,3,1516323600,576,7.3063901179941,35,9.995764503441494
59,0,Travel_Rarely,Research & Development,4,Technical Degree,Male,1,Research Scientist,Single,5.0,16,3,13.0,3,6,0,5,3.0,4.0,3.0,3,3,1641060100,9,7.375862445414847,32,9.996453178068897
43,0,Travel_Rarely,Research & Development,2,Life Sciences,Male,3,Laboratory Technician,Married,3.0,17,1,25.0,3,8,0,7,3.0,4.0,3.0,3,3,28341722500,121,6.567780182780183,30,9.987671957671957
49,0,Travel_Rarely,Sales,4,Life Sciences,Male,2,Research Scientist,Married,2.0,14,0,23.0,2,1,0,0,1.0,3.0,4.0,2,3,3881290000,196,6.6836437198067635,31,9.98382004830918
36,0,Travel_Frequently,Sales,2,Marketing,Female,1,Laboratory Technician,Married,1.0,19,1,12.0,3,11,0,7,3.0,2.0,2.0,3,3,2225008900,25,6.057707423580785,32,10.008711790393013
48,0,Travel_Rarely,Research & Development,4,Life Sciences,Female,2,Laboratory Technician,Single,5.0,13,1,7.0,2,1,0,0,4.0,2.0,2.0,4,3,17521816900,1,6.084178691678692,30,9.972859547859548
27,0,Travel_Rarely,Research & Development,4,Life Sciences,Male,2,Laboratory Technician,Divorced,1.0,19,0,5.0,2,5,0,3,1.0,3.0,3.0,3,3,1410002500,36,7.9875104602510465,22,9.99971059972106
29,0,Travel_Rarely,Sales,4,Medical,Male,1,Laboratory Technician,Divorced,1.0,19,1,6.0,3,6,1,0,3.0,4.0,3.0,3,3,4332272400,289,8.767204415954417,27,10.009132241215575
48,0,Travel_Rarely,Sales,1,Marketing,Male,2,Manufacturing Director,Single,6.0,14,2,25.0,2,1,0,0,4.0,4.0,4.0,3,3,5484883600,1,6.171156835848194,18,9.991484910836762
29,0,Travel_Rarely,Research & Development,3,Technical Degree,Female,2,Healthcare Representative,Divorced,3.0,16,1,9.0,2,7,1,7,4.0,4.0,2.0,3,3,2308802500,9,6.8710367271036725,22,10.010463737796373
34,0,Travel_Rarely,Sales,4,Medical,Female,2,Laboratory Technician,Married,0.0,15,1,2.0,3,1,0,0,3.0,3.0,2.0,3,3,751308100,81,6.001669010782935,24,9.98814345991561
44,0,Travel_Rarely,Research & Development,3,Life Sciences,Female,1,Laboratory Technician,Married,7.0,18,0,26.0,2,22,3,10,2.0,2.0,3.0,3,3,1816464400,16,7.018062865497076,33,9.989571150097467
33,0,Travel_Rarely,Research & Development,2,Life Sciences,Female,2,Research Scientist,Divorced,0.0,13,1,10.0,2,9,0,8,4.0,3.0,3.0,4,3,26192185600,64,10.974695821854914,19,10.01400482093664
19,0,Travel_Rarely,Sales,4,Marketing,Male,3,Laboratory Technician,Single,1.0,22,0,1.0,0,1,0,1,2.0,4.0,3.0,3,4,13356424900,4,10.772186192468618,22,10.01206880520688
23,0,Travel_Rarely,Sales,3,Medical,Male,3,Laboratory Technician,Married,1.0,13,1,1.0,2,1,0,1,4.0,3.0,3.0,3,3,352688400,4,7.4808517750115255,20,9.994526279391424
25,1,Travel_Frequently,Research & Development,1,Life Sciences,Male,1,Manufacturing Director,Single,1.0,11,1,1.0,3,1,1,0,3.0,4.0,3.0,3,3,11950862400,1,9.216998866213153,16,9.980646258503402
26,0,Travel_Rarely,Human Resources,3,Life Sciences,Male,2,Research Scientist,Single,1.0,11,1,8.0,4,8,2,2,3.0,4.0,2.0,3,3,4638972100,81,8.701572504708098,25,10.022198681732581
45,1,Travel_Rarely,Human Resources,3,Human Resources,Male,2,Laboratory Technician,Single,2.0,11,2,26.0,3,24,1,11,1.0,2.0,3.0,3,3,1854163600,144,9.921010536398468,29,10.022950191570882
55,0,Non-Travel,Research & Development,3,Life Sciences,Female,2,Manager,Divorced,1.0,24,1,34.0,3,33,15,0,4.0,2.0,3.0,4,4,2360988100,729,9.585816854990584,25,9.98471516007533
21,1,Travel_Frequently,Research & Development,2,Medical,Female,4,Research Scientist,Single,1.0,14,1,2.0,2,2,2,2,1.0,3.0,1.0,3,3,2848356900,400,7.574681712962962,21,9.988461805555556
46,0,Travel_Rarely,Research & Development,4,Life Sciences,Male,1,Manufacturing Director,Married,2.0,13,1,26.0,2,11,0,8,4.0,2.0,3.0,1,3,547560000,1,6.890804473304473,30,10.006776094276093
34,0,Travel_Rarely,Sales,4,Medical,Male,3,Sales Representative,Single,0.0,14,1,4.0,3,3,0,2,3.0,1.0,3.0,2,3,5611508100,169,8.903581267217632,19,10.001996097337006
51,0,Travel_Frequently,Research & Development,3,Life Sciences,Male,2,Research Director,Divorced,4.0,14,0,31.0,3,29,11,10,4.0,2.0,2.0,3,3,11081772900,196,11.016749058380414,25,10.050516713747646
59,0,Travel_Rarely,Research & Development,2,Life Sciences,Male,2,Research Scientist,Single,6.0,21,1,25.0,2,9,5,4,4.0,4.0,2.0,3,4,27539402500,16,6.611488842398884,22,10.014803579730359
34,0,Travel_Frequently,Sales,4,Medical,Female,3,Research Scientist,Divorced,4.0,13,1,15.0,1,11,5,10,3.0,2.0,4.0,3,3,7803955600,196,6.784612048757618,24,10.005003516174401
28,0,Travel_Frequently,Research & Development,3,Other,Female,1,Manager,Single,0.0,19,0,5.0,3,4,0,2,4.0,3.0,2.0,3,3,3110292900,4,10.41130662851693,28,10.005640200286123
44,0,Travel_Rarely,Research & Development,4,Life Sciences,Male,2,Research Scientist,Divorced,1.0,17,0,26.0,4,25,14,13,3.0,1.0,2.0,1,3,2215584900,9,7.800247973295184,28,9.964687649022412
34,0,Travel_Frequently,Sales,3,Life Sciences,Male,2,Sales Executive,Married,4.0,18,1,14.0,3,10,1,8,3.0,2.0,4.0,3,3,576000000,1,7.502873015873016,16,10.001277777777778
35,0,Travel_Rarely,Research & Development,3,Life Sciences,Male,4,Healthcare Representative,Married,0.0,19,0,4.0,2,3,2,2,3.0,3.0,3.0,3,3,9651097600,81,10.486299475441106,28,9.986952789699572
42,0,Travel_Rarely,Research & Development,4,Life Sciences,Female,1,Manager,Married,6.0,13,0,18.0,3,1,0,0,2.0,2.0,3.0,3,3,4156380900,529,9.393627946127946,30,10.003281625781625
43,0,Travel_Rarely,Research & Development,2,Medical,Female,1,Laboratory Technician,Single,3.0,18,2,23.0,3,21,15,17,4.0,4.0,4.0,4,3,38032800400,49,6.400272967772968,30,10.02248556998557
36,0,Travel_Rarely,Research & Development,4,Medical,Male,1,Healthcare Representative,Single,9.0,21,1,18.0,4,16,5,12,3.0,2.0,3.0,2,4,742562500,4,10.60671158392435,26,9.99539243498818
44,1,Travel_Rarely,Research & Development,4,Life Sciences,Female,2,Laboratory Technician,Married,1.0,19,1,10.0,3,10,0,5,1.0,4.0,3.0,3,3,3933798400,441,6.000892687559354,27,9.996765194681862
28,0,Travel_Frequently,Research & Development,3,Life Sciences,Female,2,Sales Representative,Married,1.0,14,0,2.0,3,2,2,2,4.0,4.0,3.0,3,3,452412900,4,9.693598218471637,24,10.011108766994843
51,0,Travel_Frequently,Sales,4,Medical,Male,2,Research Scientist,Single,0.0,17,0,8.0,3,7,7,7,2.0,3.0,2.0,3,3,33124000000,441,6.988612329434698,33,9.985903996101365
30,0,Non-Travel,Research & Development,4,Other,Male,1,Research Scientist,Single,7.0,11,3,10.0,2,8,1,7,3.0,3.0,3.0,3,3,439321600,4,9.523287037037038,27,9.96863841405508
29,1,Travel_Rarely,Research & Development,4,Technical Degree,Female,1,Sales Representative,Divorced,3.0,13,0,10.0,4,7,7,7,2.0,3.0,3.0,3,3,832899600,841,8.415431074227756,20,9.99520746887967
28,0,Travel_Rarely,Sales,4,Life Sciences,Female,2,Sales Representative,Single,2.0,15,1,5.0,5,3,1,2,4.0,1.0,2.0,3,3,413308900,1,6.853197374589779,24,9.993321612751993
25,0,Travel_Rarely,Research & Development,2,Life Sciences,Male,1,Research Scientist,Single,1.0,25,0,2.0,0,2,2,1,4.0,2.0,2.0,3,4,1311888400,324,8.023296999531178,24,9.999553445850914
32,0,Travel_Rarely,Research & Development,4,Other,Female,1,Sales Executive,Married,1.0,11,0,10.0,5,10,0,8,3.0,4.0,4.0,3,3,1791828900,100,6.810012236906511,34,9.966618942731277
45,0,Travel_Frequently,Research & Development,3,Medical,Male,3,Laboratory Technician,Single,3.0,17,1,22.0,2,0,0,0,2.0,2.0,3.0,3,3,1354976100,361,6.005568502824858,25,9.964702212806026
39,0,Travel_Rarely,Sales,1,Marketing,Female,1,Laboratory Technician,Divorced,6.0,13,2,21.0,3,19,15,2,3.0,2.0,3.0,3,3,2981160000,841,8.409169082125604,31,9.99154468599034
58,0,Travel_Rarely,Research & Development,3,Other,Male,2,Laboratory Technician,Divorced,1.0,18,1,2.0,1,2,2,2,1.0,3.0,3.0,1,3,478296900,729,5.99651125795399,34,9.994410181106216
32,1,Travel_Rarely,Research & Development,3,Technical Degree,Female,1,Sales Executive,Married,1.0,13,1,10.0,3,10,1,1,4.0,3.0,3.0,3,3,9219840400,25,6.469036643026004,26,10.02493853427896
39,1,Travel_Rarely,Research & Development,2,Life Sciences,Male,2,Laboratory Technician,Single,0.0,20,0,6.0,3,5,0,3,3.0,1.0,3.0,2,4,804289600,324,7.7087741046831955,19,10.01059458218549
30,0,Travel_Rarely,Sales,1,Marketing,Male,4,Research Director,Married,0.0,18,0,10.0,2,9,6,7,1.0,4.0,3.0,4,3,1671992100,81,6.203796695402298,29,10.014568965517242
36,0,Travel_Rarely,Sales,3,Marketing,Male,2,Sales Executive,Married,3.0,12,0,10.0,5,7,1,7,4.0,3.0,3.0,2,3,27645712900,1,6.693960113960115,27,9.986158594491927
46,0,Travel_Rarely,Sales,3,Medical,Male,1,Research Scientist,Single,6.0,12,1,10.0,3,7,5,7,4.0,1.0,4.0,2,3,685916100,16,7.701045751633987,23,9.994177170868348
28,0,Non-Travel,Research & Development,3,Medical,Male,5,Sales Executive,Married,0.0,13,0,10.0,2,9,7,5,3.0,4.0,3.0,2,3,3225104100,1,8.003764650726676,24,10.002725035161744
50,0,Travel_Rarely,Research & Development,2,Medical,Female,5,Laboratory Technician,Married,4.0,21,0,25.0,3,3,1,2,4.0,1.0,3.0,2,4,23722160400,400,10.389254385964913,14,9.995769230769232
40,1,Travel_Rarely,Sales,1,Other,Male,1,Laboratory Technician,Single,2.0,13,3,9.0,1,5,1,0,4.0,2.0,3.0,2,3,3582022500,64,9.79205054840248,28,10.013613495469718
52,1,Travel_Rarely,Research & Development,2,Technical Degree,Male,3,Laboratory Technician,Single,9.0,19,1,10.0,1,8,7,7,2.0,2.0,2.0,3,3,665124100,9,10.045850023843586,28,10.03201239866476
30,0,Travel_Rarely,Research & Development,4,Medical,Female,1,Sales Executive,Married,1.0,11,1,9.0,2,9,0,8,2.0,1.0,3.0,2,3,924768100,36,10.366412529550827,26,10.024986997635933
39,0,Travel_Rarely,Research & Development,1,Medical,Male,2,Healthcare Representative,Single,0.0,14,0,9.0,5,8,1,7,1.0,3.0,3.0,3,3,1188180900,676,5.983080137659784,35,9.967711406096363
31,0,Non-Travel,Research & Development,2,Medical,Male,1,Sales Executive,Divorced,1.0,12,1,10.0,1,10,9,6,4.0,3.0,2.0,2,3,38075716900,1,10.114511784511784,30,10.004921837421838
41,0,Non-Travel,Sales,3,Life Sciences,Female,1,Research Director,Single,1.0,11,0,19.0,3,19,11,9,3.0,2.0,3.0,3,3,768952900,36,7.796223356009071,16,9.992261904761904
31,1,Travel_Frequently,Research & Development,1,Life Sciences,Male,1,Sales Executive,Single,1.0,14,1,3.0,3,3,2,2,4.0,2.0,4.0,3,3,5046681600,9,9.076394927536233,31,9.984462560386474
44,1,Travel_Rarely,Sales,3,Life Sciences,Male,1,Laboratory Technician,Married,4.0,11,1,10.0,2,3,1,2,1.0,1.0,4.0,3,3,3996768400,25,6.025931513409962,29,10.0143283045977
42,0,Non-Travel,Research & Development,3,Life Sciences,Male,2,Laboratory Technician,Married,0.0,12,2,21.0,3,20,2,10,3.0,3.0,2.0,2,3,433888900,16,9.696563829787234,26,9.98139243498818
55,0,Travel_Rarely,Sales,3,Technical Degree,Male,2,Manufacturing Director,Married,4.0,15,1,23.0,3,19,9,11,4.0,3.0,3.0,3,3,7024116100,121,6.592413632119515,23,10.041824229691878
56,0,Travel_Rarely,Sales,2,Medical,Female,3,Manufacturing Director,Single,6.0,16,1,36.0,6,7,7,7,4.0,2.0,3.0,3,3,724148100,9,7.954343765162543,32,9.968987142163998
40,0,Non-Travel,Research & Development,1,Life Sciences,Male,1,Laboratory Technician,Divorced,9.0,15,0,6.0,6,4,0,0,3.0,3.0,3.0,3,3,1836979600,1,7.242989028944911,23,9.982705415499533
34,0,Travel_Rarely,Research & Development,2,Technical Degree,Male,2,Research Director,Divorced,0.0,24,3,10.0,2,9,1,6,4.0,4.0,2.0,3,4,707028100,9,7.407423371647509,29,10.009119971264369
40,0,Travel_Rarely,Sales,3,Medical,Male,2,Sales Executive,Single,1.0,13,1,9.0,3,9,8,8,3.0,4.0,3.0,2,3,8900035600,16,6.011237373737374,30,10.015680615680617
41,0,Travel_Frequently,Sales,4,Other,Female,2,Healthcare Representative,Divorced,0.0,11,0,10.0,2,9,1,7,3.0,1.0,3.0,2,3,3092472100,1,7.692890733056708,20,9.993118948824344
35,0,Travel_Frequently,Sales,2,Technical Degree,Male,2,Manager,Single,1.0,13,1,9.0,2,9,1,1,3.0,3.0,3.0,2,3,4416931600,1,9.53671522131888,15,10.023526422764228
51,0,Travel_Rarely,Sales,2,Life Sciences,Male,4,Manufacturing Director,Divorced,1.0,13,1,33.0,2,33,0,10,3.0,2.0,3.0,3,3,5967562500,324,9.520574751580849,15,9.992461607949412
38,0,Travel_Rarely,Sales,4,Life Sciences,Female,1,Research Scientist,Divorced,3.0,18,0,11.0,5,7,1,7,2.0,1.0,3.0,2,3,11502562500,4,6.602037795992714,17,10.020391621129328
34,0,Travel_Rarely,Sales,3,Life Sciences,Male,2,Research Scientist,Single,1.0,16,0,10.0,3,10,9,6,3.0,1.0,4.0,4,3,7826940900,16,7.220665204678363,33,10.012124756335282
25,0,Travel_Rarely,Research & Development,2,Medical,Female,4,Research Scientist,Married,3.0,19,0,7.0,3,3,1,2,4.0,4.0,2.0,3,3,418202500,36,6.35966849565615,18,9.974156378600822
58,1,Travel_Rarely,Sales,4,Technical Degree,Male,2,Sales Executive,Married,7.0,13,2,31.0,3,10,5,9,3.0,1.0,2.0,4,3,101808100,1,8.514280141843972,26,10.011360520094563
40,0,Travel_Rarely,Research & Development,4,Medical,Female,1,Research Scientist,Married,3.0,22,0,7.0,2,4,0,3,2.0,2.0,3.0,1,4,1120910400,196,6.070584370677731,20,9.986892577224527
36,0,Travel_Frequently,Sales,2,Life Sciences,Male,1,Research Scientist,Married,2.0,11,0,17.0,2,15,6,13,1.0,1.0,2.0,3,3,164096100,256,6.125462555066079,34,9.990736661771905
48,0,Travel_Rarely,Research & Development,1,Life Sciences,Male,2,Research Scientist,Single,1.0,20,0,11.0,2,10,0,8,4.0,4.0,3.0,2,4,794676100,4,7.6162530062530065,30,10.01565416065416
27,0,Travel_Rarely,Research & Development,3,Life Sciences,Female,2,Laboratory Technician,Married,8.0,18,0,5.0,2,1,0,0,3.0,4.0,3.0,3,3,2353220100,4,7.0897234093067425,27,10.014044396961063
51,0,Travel_Rarely,Research & Development,1,Medical,Female,3,Manufacturing Director,Single,3.0,14,0,29.0,3,5,0,3,4.0,2.0,2.0,3,3,1622478400,16,7.49251859600186,22,10.006307531380752
35,0,Travel_Rarely,Research & Development,4,Other,Female,2,Research Director,Married,0.0,13,0,10.0,2,9,0,0,4.0,4.0,3.0,2,3,6593440000,1,7.2445999085505255,18,9.969378143575675
27,0,Travel_Frequently,Research & Development,4,Medical,Female,1,Research Director,Single,3.0,17,0,8.0,3,6,0,0,4.0,4.0,3.0,4,3,2159460900,676,7.425011622501162,22,9.976250581125058
55,1,Travel_Rarely,Research & Development,3,Technical Degree,Male,1,Human Resources,Single,6.0,14,3,24.0,0,19,3,8,1.0,3.0,2.0,4,3,2190240000,361,8.667409344490936,22,9.987479079497907
56,0,Travel_Rarely,Research & Development,4,Life Sciences,Male,2,Laboratory Technician,Married,4.0,15,2,33.0,2,19,15,9,4.0,2.0,3.0,3,3,1037484100,576,10.390627394636015,29,10.024583333333334
34,0,Non-Travel,Sales,2,Life Sciences,Male,2,Research Scientist,Divorced,1.0,17,1,5.0,1,5,0,0,1.0,3.0,3.0,3,3,7432164100,1,6.378502155172414,29,10.001221264367816
40,0,Travel_Rarely,Research & Development,3,Life Sciences,Male,2,Sales Executive,Divorced,5.0,11,1,15.0,3,12,11,8,2.0,3.0,3.0,2,3,2094892900,9,6.527122079160705,28,9.975157367668098
34,0,Travel_Rarely,Research & Development,3,Life Sciences,Male,1,Research Scientist,Married,4.0,18,1,10.0,2,8,7,7,2.0,3.0,3.0,4,3,2072980900,25,7.176608309990662,23,9.995785480859011
31,1,Travel_Frequently,Research & Development,2,Medical,Female,2,Manufacturing Director,Single,7.0,17,1,3.0,2,1,0,0,3.0,4.0,4.0,1,3,2911681600,4,7.710824188385916,18,9.98673525377229
35,1,Travel_Frequently,Research & Development,2,Medical,Male,1,Manufacturing Director,Married,0.0,13,0,5.0,2,4,3,2,4.0,3.0,2.0,3,3,4618561600,1,9.076310835629018,19,9.987618227731865
38,0,Travel_Frequently,Research & Development,3,Medical,Female,2,Sales Representative,Divorced,1.0,15,0,4.0,2,4,0,3,4.0,3.0,3.0,2,3,5814062500,49,6.445643886564389,22,10.001080892608089
34,0,Travel_Rarely,Research & Development,4,Other,Female,2,Laboratory Technician,Single,1.0,24,0,14.0,4,14,4,11,3.0,4.0,4.0,3,4,5493774400,100,7.897642390289449,23,10.003516573295984
28,0,Travel_Rarely,Research & Development,3,Life Sciences,Female,2,Healthcare Representative,Married,1.0,12,0,5.0,2,5,0,4,3.0,1.0,3.0,3,3,12452328100,4,6.683855703048181,35,9.97187930186824
31,1,Travel_Rarely,Research & Development,2,Life Sciences,Male,2,Sales Executive,Married,1.0,15,0,10.0,3,10,6,7,4.0,3.0,2.0,2,3,2460160000,225,10.903695116487453,13,10.008812724014337
39,0,Travel_Rarely,Research & Development,4,Technical Degree,Female,2,Healthcare Representative,Married,3.0,11,1,8.0,3,5,1,4,1.0,4.0,4.0,3,3,10972562500,289,10.287627563185502,28,10.009358607534573
51,0,Travel_Frequently,Research & Development,3,Medical,Male,2,Sales Executive,Married,2.0,11,1,14.0,2,4,3,2,2.0,2.0,3.0,2,3,21945459600,400,7.073883994126286,34,10.018059226627507
41,0,Travel_Frequently,Research & Development,3,Life Sciences,Male,4,Sales Executive,Divorced,3.0,12,1,12.0,2,6,3,3,4.0,4.0,2.0,3,3,36637788100,1,10.689122983870968,13,10.000517473118279
37,0,Travel_Rarely,Research & Development,2,Medical,Female,1,Healthcare Representative,Married,7.0,15,0,8.0,3,6,1,3,3.0,3.0,3.0,4,3,2921402500,4,10.39913439372983,20,10.002626786537574
33,0,Travel_Frequently,Research & Development,3,Medical,Female,1,Sales Executive,Married,6.0,17,0,8.0,2,5,1,2,2.0,4.0,4.0,3,3,7731684900,4,7.783477680737506,32,10.007732896652112
32,0,Travel_Rarely,Research & Development,4,Medical,Male,5,Research Director,Married,0.0,12,1,4.0,3,3,1,2,3.0,2.0,2.0,3,3,36821772100,1,10.383338956365272,14,10.028837156995053
39,0,Non-Travel,Research & Development,2,Life Sciences,Male,2,Sales Executive,Married,3.0,15,0,13.0,3,6,0,5,3.0,3.0,3.0,3,3,1501562500,841,6.585826055312955,32,9.9745608927705
25,0,Travel_Rarely,Research & Development,4,Life Sciences,Male,1,Sales Executive,Married,2.0,13,3,6.0,2,3,1,2,1.0,3.0,2.0,2,3,491065600,49,7.1940625,21,10.033804398148147
52,0,Travel_Frequently,Research & Development,1,Life Sciences,Male,2,Sales Executive,Married,2.0,14,0,24.0,2,5,0,2,4.0,3.0,2.0,3,3,13719436900,4,9.143808668582377,29,10.01738266283525
43,0,Travel_Rarely,Research & Development,2,Medical,Male,1,Laboratory Technician,Single,1.0,14,2,20.0,1,20,1,8,1.0,3.0,1.0,3,3,6179532100,4,9.664248501613647,20,9.999819041032733
27,0,Travel_Rarely,Research & Development,4,Life Sciences,Male,1,Human Resources,Married,1.0,16,2,6.0,2,6,4,4,4.0,4.0,3.0,3,3,1374926400,4,10.299616620752984,19,9.985111340679524
27,1,Travel_Rarely,Research & Development,5,Life Sciences,Female,1,Research Scientist,Single,1.0,18,1,8.0,3,8,7,7,4.0,3.0,3.0,4,3,18961290000,4,10.01185030218503,22,9.972386099488611
26,0,Travel_Rarely,Research & Development,2,Other,Male,3,Laboratory Technician,Single,0.0,20,1,5.0,2,4,1,1,1.0,4.0,3.0,3,4,2813241600,4,6.279298611111112,21,10.013709490740741
52,0,Travel_Rarely,Research & Development,2,Life Sciences,Female,1,Healthcare Representative,Married,9.0,18,1,12.0,6,5,0,4,3.0,1.0,1.0,3,3,761208100,25,6.4800471014492755,31,10.001157004830917
37,0,Travel_Rarely,Research & Development,5,Life Sciences,Male,2,Manager,Single,4.0,13,1,8.0,1,3,0,2,1.0,3.0,3.0,3,3,4629441600,400,7.524732905982906,27,9.99425925925926
35,0,Travel_Frequently,Research & Development,4,Medical,Female,2,Research Director,Single,2.0,15,1,10.0,2,2,2,2,3.0,4.0,3.0,3,3,3772416400,36,7.715177304964539,26,9.99724586288416
25,0,Travel_Rarely,Research & Development,4,Medical,Male,2,Sales Executive,Married,4.0,14,2,7.0,2,3,0,2,1.0,4.0,2.0,1,3,625000000,1,8.00537623066104,24,9.96835794655415
26,0,Travel_Rarely,Research & Development,4,Life Sciences,Male,1,Research Scientist,Single,0.0,22,0,8.0,2,7,0,7,3.0,1.0,3.0,2,4,4081932100,841,6.806834733893558,23,9.999428104575163
29,0,Travel_Rarely,Sales,3,Life Sciences,Male,1,Laboratory Technician,Single,1.0,12,0,10.0,5,10,0,9,2.0,1.0,2.0,2,3,12327660900,81,6.2170480225988705,25,10.007682438794728
49,1,Travel_Frequently,Sales,5,Medical,Female,2,Healthcare Representative,Single,3.0,18,0,20.0,2,4,1,3,1.0,1.0,3.0,3,3,548496400,36,7.146965247185511,34,10.006828193832598
29,1,Travel_Frequently,Sales,2,Marketing,Female,2,Laboratory Technician,Single,0.0,15,1,9.0,2,8,7,7,3.0,4.0,3.0,3,3,4638972100,9,8.60672268907563,23,9.979966153127918
54,0,Travel_Rarely,Sales,3,Medical,Female,2,Manager,Single,6.0,18,2,29.0,2,20,12,7,4.0,4.0,2.0,2,3,527620900,1,6.210766806722689,23,10.020948879551822
58,0,Travel_Rarely,Sales,3,Life Sciences,Female,2,Laboratory Technician,Married,3.0,12,1,32.0,2,9,1,5,4.0,1.0,3.0,3,3,600250000,484,10.573188405797103,31,9.985128019323673
55,0,Travel_Rarely,Research & Development,3,Life Sciences,Female,3,Research Scientist,Divorced,2.0,16,1,31.0,3,7,0,0,2.0,4.0,4.0,3,3,2593864900,49,7.50081450094162,25,9.971171139359699
36,0,Travel_Rarely,Research & Development,3,Medical,Male,2,Sales Executive,Single,3.0,13,0,15.0,5,5,0,1,1.0,2.0,3.0,3,3,2818548100,1,9.384681026365348,25,9.98095456685499
31,1,Travel_Frequently,Sales,3,Life Sciences,Male,2,Manager,Single,1.0,19,0,1.0,3,1,0,0,2.0,3.0,3.0,3,3,934524900,16,7.268322649572649,27,9.992235280151947
30,0,Travel_Rarely,Sales,3,Life Sciences,Male,3,Sales Executive,Divorced,7.0,13,0,8.0,4,3,0,2,4.0,1.0,3.0,3,3,2622464100,9,7.474860539551897,18,9.970048010973937
31,0,Travel_Rarely,Research & Development,3,Medical,Male,1,Laboratory Technician,Single,3.0,12,1,9.0,3,3,1,0,1.0,2.0,4.0,3,3,28412473600,1,7.293228260869566,31,10.009497584541062
34,0,Travel_Frequently,Sales,1,Marketing,Female,5,Manager,Divorced,5.0,11,0,10.0,3,4,1,3,4.0,1.0,3.0,4,3,721459600,4,7.606465477823503,18,10.016356881572932
31,1,Travel_Rarely,Sales,3,Technical Degree,Male,1,Research Scientist,Single,1.0,14,1,1.0,2,1,0,0,1.0,2.0,4.0,1,3,3819240000,400,8.01226122931442,26,10.009381796690306
27,0,Travel_Rarely,Human Resources,4,Medical,Male,4,Sales Executive,Married,0.0,16,0,6.0,3,5,1,4,2.0,1.0,4.0,3,3,4398342400,121,7.164859963269055,19,9.999755509641872
36,0,Travel_Rarely,Sales,3,Marketing,Male,2,Research Scientist,Single,1.0,12,2,10.0,2,10,1,8,1.0,4.0,2.0,2,3,1228502500,1,6.290197885939036,35,10.00787487708948
36,0,Travel_Rarely,Research & Development,3,Other,Female,3,Research Director,Married,4.0,14,1,11.0,3,3,0,2,3.0,1.0,2.0,3,3,4092160900,576,7.269016393442623,17,9.997651411657559
47,0,Travel_Rarely,Research & Development,4,Life Sciences,Female,2,Sales Executive,Married,7.0,14,2,17.0,0,6,1,2,1.0,4.0,2.0,3,3,3936307600,529,7.817304189435337,17,9.982596766848815
25,1,Travel_Rarely,Sales,4,Life Sciences,Male,2,Research Scientist,Married,3.0,19,0,6.0,3,3,2,2,1.0,1.0,3.0,2,3,39437988100,256,7.215596926713949,26,9.993613475177305
37,0,Non-Travel,Sales,4,Medical,Male,1,Healthcare Representative,Single,0.0,22,1,7.0,5,6,1,3,3.0,3.0,1.0,3,4,5756256900,64,7.582773029439696,27,10.008830721747389
56,0,Travel_Rarely,Research & Development,4,Other,Male,2,Sales Representative,Married,2.0,16,0,5.0,2,3,1,0,1.0,1.0,4.0,3,3,1813056400,100,6.627811158798283,28,10.001223175965665
47,0,Travel_Rarely,Research & Development,2,Medical,Male,2,Laboratory Technician,Married,3.0,11,1,26.0,3,20,5,6,1.0,3.0,4.0,3,3,1904449600,9,6.330012838468721,23,10.018786181139122
24,0,Travel_Rarely,Research & Development,1,Other,Male,1,Manufacturing Director,Married,1.0,15,1,5.0,5,5,0,3,4.0,3.0,3.0,3,3,1879222500,25,9.708145048814506,22,10.004845420734542
32,0,Travel_Rarely,Sales,3,Marketing,Male,1,Research Scientist,Married,4.0,14,1,7.0,2,4,0,3,4.0,4.0,2.0,3,3,2836627600,16,7.5200012236906515,34,9.981699706314243
34,0,Travel_Rarely,Research & Development,2,Medical,Male,1,Sales Executive,Married,5.0,13,0,7.0,3,5,0,2,4.0,2.0,2.0,3,3,1075840000,81,6.111951690821256,31,9.999182367149759
41,0,Travel_Rarely,Research & Development,3,Medical,Female,3,Sales Executive,Married,2.0,17,2,7.0,2,4,0,3,2.0,3.0,2.0,3,3,3008522500,676,10.50881560283688,26,9.9870390070922
40,0,Non-Travel,Sales,2,Life Sciences,Male,1,Sales Executive,Divorced,3.0,11,1,11.0,6,8,0,7,3.0,3.0,4.0,2,3,1885296400,9,6.403198478561549,20,9.996648224988474
31,0,Travel_Rarely,Research & Development,3,Medical,Male,2,Human Resources,Divorced,1.0,19,1,13.0,5,13,9,9,1.0,4.0,3.0,3,3,773952400,256,6.688143776824035,28,10.0059179780639
46,1,Travel_Rarely,Research & Development,1,Medical,Male,1,Manufacturing Director,Divorced,4.0,11,1,28.0,2,7,4,3,1.0,4.0,4.0,3,3,3576040000,324,6.692377450980392,23,10.023391690009337
39,1,Non-Travel,Research & Development,4,Medical,Male,2,Manufacturing Director,Single,2.0,15,2,11.0,1,1,0,0,1.0,1.0,4.0,2,3,1919316100,4,9.36961226851852,21,10.062849537037037
31,1,Travel_Frequently,Sales,3,Medical,Male,2,Sales Executive,Single,1.0,13,3,10.0,3,10,4,7,3.0,2.0,3.0,3,3,661518400,4,6.805786026200874,32,9.993400048520135
45,0,Travel_Rarely,Sales,2,Marketing,Male,1,Sales Executive,Divorced,2.0,14,0,24.0,1,7,0,7,2.0,1.0,3.0,3,3,1469188900,100,10.470683668582375,29,9.993791906130268
31,0,Travel_Rarely,Research & Development,4,Life Sciences,Male,3,Human Resources,Single,9.0,13,0,8.0,3,3,0,2,4.0,2.0,3.0,3,3,1801153600,256,6.6833535137701805,27,9.990102089268756
31,1,Travel_Frequently,Research & Development,4,Life Sciences,Male,1,Laboratory Technician,Married,6.0,23,1,7.0,5,2,2,2,2.0,4.0,1.0,3,4,4225000000,49,10.278979963570126,17,10.00160519125683
45,0,Travel_Rarely,Research & Development,2,Life Sciences,Female,1,Research Scientist,Married,4.0,12,1,10.0,5,3,1,2,2.0,4.0,4.0,3,3,33966490000,1,10.609763770180438,27,9.990929487179487
48,0,Travel_Rarely,Research & Development,3,Technical Degree,Male,2,Research Scientist,Divorced,4.0,12,0,15.0,3,2,2,2,3.0,1.0,3.0,3,3,256320100,576,7.076479963570128,17,9.985300546448089
34,1,Travel_Rarely,Research & Development,4,Medical,Male,2,Research Scientist,Married,1.0,16,1,2.0,3,2,2,2,1.0,3.0,3.0,3,3,725763600,49,7.413740892531876,17,10.009637978142077
40,0,Non-Travel,Research & Development,4,Other,Female,1,Sales Executive,Divorced,2.0,15,1,16.0,1,9,4,8,4.0,2.0,3.0,2,3,991620100,625,8.012629009762902,22,9.972185030218503
28,0,Travel_Rarely,Research & Development,2,Technical Degree,Female,1,Research Scientist,Single,0.0,13,1,6.0,0,5,1,3,4.0,1.0,3.0,3,3,31113432100,1,6.501115963124696,32,10.024964822901506
44,0,Non-Travel,Research & Development,3,Life Sciences,Male,1,Laboratory Technician,Single,3.0,18,0,7.0,4,5,0,3,3.0,3.0,3.0,2,3,537776100,25,6.59900319567355,35,10.001532694198623
53,0,Travel_Rarely,Research & Development,4,Technical Degree,Male,2,Manager,Single,4.0,20,0,35.0,2,9,8,8,4.0,2.0,2.0,3,4,13667948100,4,6.87007215007215,30,9.979416786916786
49,0,Travel_Rarely,Research & Development,3,Life Sciences,Male,3,Laboratory Technician,Married,2.0,19,0,20.0,2,3,1,2,1.0,3.0,2.0,1,3,2834497600,49,6.816737329434698,33,9.980716374269006
40,0,Travel_Rarely,Research & Development,4,Life Sciences,Male,3,Laboratory Technician,Divorced,2.0,18,1,8.0,3,3,1,2,3.0,3.0,4.0,3,3,28062950400,4,6.47205227379278,24,10.015805203938115
44,0,Travel_Rarely,Research & Development,1,Other,Male,3,Research Scientist,Single,1.0,13,0,6.0,2,5,1,3,4.0,2.0,2.0,4,3,2733198400,25,6.888664990421455,29,10.006215277777779
33,0,Travel_Frequently,Human Resources,3,Medical,Female,2,Sales Executive,Married,0.0,14,3,5.0,2,4,0,3,4.0,1.0,3.0,3,3,729000000,100,7.328463693957115,33,9.965847953216374
34,0,Travel_Rarely,Research & Development,4,Life Sciences,Female,1,Sales Representative,Single,3.0,15,1,15.0,5,13,3,12,4.0,1.0,3.0,3,3,37040851600,100,6.878664021164021,30,10.0001443001443
30,0,Travel_Rarely,Sales,2,Technical Degree,Male,1,Laboratory Technician,Married,8.0,22,0,4.0,3,2,2,2,4.0,3.0,2.0,3,4,628003600,1,6.120525097465888,33,10.00452850877193
42,0,Travel_Frequently,Research & Development,4,Medical,Female,1,Sales Executive,Single,1.0,22,2,12.0,2,12,5,8,1.0,4.0,3.0,3,4,3674784400,64,7.282114132961413,22,10.005721757322176
44,0,Travel_Frequently,Research & Development,3,Life Sciences,Female,5,Manufacturing Director,Married,7.0,16,2,11.0,2,1,0,0,1.0,3.0,2.0,3,3,1920192400,25,7.5813290229885055,29,9.997794540229885
30,0,Non-Travel,Research & Development,3,Life Sciences,Male,1,Manufacturing Director,Divorced,1.0,17,1,1.0,2,1,0,0,3.0,3.0,2.0,3,3,459244900,64,6.110862068965518,29,10.014020593869732
57,0,Travel_Rarely,Sales,1,Life Sciences,Male,3,Research Scientist,Married,0.0,14,0,13.0,5,12,2,8,2.0,3.0,2.0,2,3,3797024400,4,7.5545,21,10.002339120370369
49,0,Travel_Rarely,Research & Development,3,Technical Degree,Female,2,Sales Executive,Divorced,3.0,15,0,29.0,5,8,0,7,3.0,2.0,3.0,3,3,2594883600,49,6.896046374764595,25,10.013047316384181
34,0,Travel_Frequently,Research & Development,4,Medical,Female,2,Sales Representative,Divorced,7.0,20,0,16.0,3,14,6,9,2.0,1.0,2.0,3,4,4729312900,4,6.355290068829892,35,9.971553588987218
28,1,Travel_Frequently,Research & Development,3,Medical,Male,1,Research Scientist,Married,3.0,20,1,5.0,5,3,1,2,1.0,3.0,4.0,3,4,517107600,4,6.476399618502623,28,10.010511444921315
29,1,Travel_Frequently,Research & Development,3,Medical,Female,5,Research Scientist,Single,5.0,17,3,7.0,1,5,0,0,1.0,2.0,1.0,3,3,1966035600,784,7.797684042066758,18,9.981985596707819
34,1,Travel_Rarely,Research & Development,1,Medical,Male,1,Research Scientist,Single,0.0,15,1,16.0,2,15,10,10,1.0,2.0,4.0,3,3,3953894400,49,8.517214153988013,20,10.009632319041033
35,0,Travel_Rarely,Sales,4,Other,Female,4,Healthcare Representative,Married,1.0,14,1,1.0,4,1,0,0,4.0,3.0,3.0,2,3,651780900,49,6.575756427915519,19,9.975291551882462
24,1,Travel_Frequently,Sales,3,Life Sciences,Male,2,Research Scientist,Single,2.0,17,1,4.0,3,0,0,0,2.0,1.0,2.0,2,3,5858371600,9,8.486028591352861,22,10.006965364946536
24,0,Non-Travel,Research & Development,3,Life Sciences,Female,2,Manager,Married,1.0,17,1,1.0,3,1,0,0,4.0,2.0,3.0,1,3,2662560000,100,7.415129706152434,19,9.993534205693296
44,0,Travel_Frequently,Research & Development,2,Medical,Female,2,Research Scientist,Single,5.0,22,1,16.0,1,2,2,2,2.0,3.0,2.0,2,4,29443128100,25,10.306210488505748,29,9.992666427203066
29,0,Travel_Rarely,Sales,2,Life Sciences,Female,1,Sales Executive,Divorced,1.0,13,0,10.0,6,10,0,4,3.0,3.0,3.0,3,3,16404486400,100,6.997050094966762,27,9.999069325735991
30,0,Travel_Rarely,Research & Development,2,Life Sciences,Male,3,Sales Executive,Divorced,0.0,19,1,6.0,2,5,1,3,3.0,3.0,4.0,3,3,10446884100,1,6.1372968673519335,34,10.023174253548703
55,0,Travel_Rarely,Sales,3,Marketing,Male,2,Research Scientist,Married,0.0,14,1,4.0,6,3,1,2,4.0,3.0,3.0,3,3,2283884100,400,10.667377589453862,25,9.99177495291902
33,0,Travel_Rarely,Research & Development,2,Life Sciences,Male,2,Research Scientist,Married,8.0,22,2,8.0,2,5,0,2,1.0,2.0,3.0,3,4,1396516900,49,7.871218407248451,28,9.993724368144969
47,0,Travel_Rarely,Research & Development,4,Medical,Female,2,Sales Representative,Married,3.0,17,0,11.0,5,5,1,2,3.0,3.0,2.0,2,3,559795600,64,10.865613668061366,22,9.975395165039517
28,1,Travel_Frequently,Sales,3,Marketing,Male,2,Laboratory Technician,Single,7.0,12,0,8.0,3,0,0,0,3.0,1.0,2.0,3,3,291043600,1,7.60069262493935,32,10.01688136826783
28,0,Travel_Rarely,Sales,4,Marketing,Male,1,Laboratory Technician,Divorced,1.0,16,0,1.0,3,1,0,0,1.0,3.0,1.0,2,3,26591824900,64,6.122678311499272,32,10.007433284813198
28,0,Travel_Frequently,Research & Development,3,Life Sciences,Female,2,Sales Executive,Single,0.0,11,0,5.0,3,4,1,3,3.0,1.0,3.0,3,3,3520048900,81,7.012275948788295,18,10.031475765889345
49,0,Travel_Rarely,Research & Development,4,Life Sciences,Female,1,Research Scientist,Married,4.0,11,0,10.0,3,3,1,2,3.0,1.0,3.0,3,3,1172377600,25,6.390999755261869,34,9.992514684287812
29,0,Travel_Frequently,Research & Development,1,Medical,Male,1,Research Scientist,Married,0.0,14,0,4.0,2,3,0,2,4.0,2.0,3.0,1,3,1629736900,64,7.1276185344827585,29,9.969740181992337
28,0,Travel_Rarely,Research & Development,1,Technical Degree,Male,2,Laboratory Technician,Married,1.0,11,0,8.0,3,8,1,7,3.0,2.0,2.0,2,3,654848100,25,5.980724163027657,32,10.008877971858322
33,0,Travel_Rarely,Research & Development,4,Life Sciences,Female,1,Sales Executive,Single,2.0,15,3,14.0,2,0,0,0,4.0,3.0,3.0,2,3,3845240100,225,8.461341236634125,22,10.007452347745234
32,0,Travel_Rarely,Research & Development,3,Life Sciences,Female,3,Laboratory Technician,Single,2.0,20,0,10.0,3,5,0,0,3.0,4.0,4.0,2,4,1938640900,49,7.386145374449339,34,10.00608541360744
54,0,Travel_Frequently,Sales,3,Life Sciences,Female,4,Research Scientist,Divorced,3.0,12,0,26.0,3,14,1,12,2.0,4.0,3.0,2,3,1414512100,100,6.993237311385459,18,9.997684042066759
29,1,Travel_Rarely,Research & Development,3,Life Sciences,Female,2,Research Scientist,Single,6.0,17,2,11.0,2,9,0,7,1.0,1.0,1.0,3,3,11955235600,25,6.535202127659574,26,9.999366430260048
44,0,Travel_Rarely,Sales,1,Marketing,Male,1,Sales Representative,Married,3.0,11,1,24.0,5,20,14,17,4.0,1.0,4.0,2,3,11579912100,676,7.908601851851852,21,9.984197916666668
39,0,Travel_Rarely,Sales,1,Technical Degree,Female,2,Laboratory Technician,Single,4.0,17,1,9.0,2,2,2,2,2.0,2.0,3.0,4,3,2678062500,36,7.073531571218796,34,9.978849730788056
46,0,Travel_Rarely,Research & Development,2,Life Sciences,Male,3,Manufacturing Director,Married,8.0,11,0,23.0,1,13,5,1,3.0,2.0,4.0,2,3,19115827600,16,7.023066331417624,29,10.022611350574712
35,0,Travel_Rarely,Research & Development,4,Life Sciences,Male,2,Research Scientist,Single,1.0,14,0,11.0,2,11,3,3,4.0,2.0,1.0,4,3,4011955600,529,6.167354609929078,26,9.987541371158391
23,0,Travel_Rarely,Research & Development,4,Medical,Female,2,Manager,Single,0.0,19,1,5.0,2,4,1,2,1.0,3.0,3.0,2,3,2436409600,4,7.698163240332844,34,9.991372980910425
40,1,Travel_Rarely,Research & Development,3,Medical,Male,2,Research Director,Single,3.0,15,1,15.0,3,5,1,0,4.0,1.0,1.0,4,3,2280062500,4,7.602527071563088,25,9.981368879472692
34,0,Travel_Rarely,Human Resources,3,Human Resources,Male,2,Manufacturing Director,Married,1.0,13,1,10.0,2,10,8,6,4.0,3.0,3.0,3,3,794112400,4,10.299240063233965,15,9.97890243902439
31,1,Travel_Frequently,Research & Development,3,Life Sciences,Female,2,Healthcare Representative,Single,1.0,14,0,7.0,3,7,7,7,4.0,3.0,1.0,2,3,632522500,841,6.394126984126984,23,10.01235060690943
50,0,Travel_Frequently,Research & Development,3,Medical,Male,1,Manager,Single,1.0,12,1,32.0,2,32,13,9,3.0,4.0,3.0,2,3,548496400,36,9.987019489247311,13,9.968555107526882
34,0,Travel_Rarely,Sales,5,Marketing,Female,1,Research Scientist,Married,0.0,17,2,12.0,3,11,5,7,2.0,3.0,3.0,3,3,1758963600,625,10.508235827664398,16,9.990965986394556
42,0,Travel_Rarely,Research & Development,3,Life Sciences,Female,1,Manufacturing Director,Married,4.0,11,3,4.0,2,1,0,0,3.0,2.0,3.0,3,3,11416922500,1,6.594873213462425,20,10.000501383125863
37,0,Travel_Rarely,Research & Development,2,Medical,Male,1,Research Scientist,Married,1.0,12,0,10.0,1,10,3,7,1.0,4.0,3.0,3,3,408848400,4,7.990005860290671,24,10.010553211439287
29,0,Travel_Rarely,Research & Development,3,Medical,Female,1,Manager,Married,3.0,13,0,9.0,5,7,0,7,3.0,1.0,3.0,4,3,535459600,1,6.185179172679173,30,10.003887686387685
33,0,Travel_Rarely,Research & Development,1,Life Sciences,Male,1,Research Scientist,Single,1.0,13,3,5.0,1,5,0,2,4.0,2.0,3.0,3,3,1811353600,1,7.201067821067821,30,9.979795574795576
45,0,Travel_Rarely,Sales,3,Life Sciences,Male,3,Laboratory Technician,Married,4.0,20,1,8.0,1,5,0,3,4.0,4.0,3.0,2,4,1281640000,9,6.026891860996799,18,9.994540466392317
42,0,Travel_Frequently,Human Resources,4,Technical Degree,Male,2,Manufacturing Director,Married,2.0,17,2,24.0,1,20,13,9,4.0,4.0,1.0,3,3,999824400,1,8.097644032921812,18,10.024852537722909
40,0,Travel_Rarely,Sales,1,Life Sciences,Female,1,Manufacturing Director,Married,0.0,13,1,9.0,2,8,7,1,1.0,1.0,4.0,4,3,4256257600,100,6.277050905531081,34,10.009341654429761
33,0,Travel_Rarely,Research & Development,3,Medical,Female,2,Manufacturing Director,Married,1.0,17,0,15.0,3,15,5,7,2.0,3.0,3.0,2,3,840420100,81,10.619531321444903,18,10.017924096936442
24,0,Travel_Rarely,Sales,2,Marketing,Male,1,Manufacturing Director,Divorced,0.0,13,0,2.0,5,1,0,0,3.0,1.0,3.0,3,3,555073600,100,6.094551371455137,22,10.024528126452811
40,0,Non-Travel,Research & Development,3,Medical,Male,1,Research Scientist,Divorced,3.0,12,2,8.0,0,2,2,2,4.0,4.0,3.0,2,3,784000000,49,8.410671296296297,33,9.999426169590642
45,0,Travel_Rarely,Research & Development,3,Medical,Female,3,Laboratory Technician,Divorced,1.0,22,0,10.0,2,10,7,7,1.0,2.0,3.0,4,4,14009089600,16,6.609450354609929,26,9.995799054373522
35,0,Travel_Rarely,Research & Development,1,Life Sciences,Male,1,Healthcare Representative,Married,0.0,11,0,6.0,3,5,4,2,2.0,3.0,3.0,4,3,11887540900,100,7.809914707238359,20,10.012609497464268
32,0,Travel_Rarely,Research & Development,4,Medical,Male,1,Sales Executive,Married,3.0,22,0,12.0,0,7,2,5,4.0,2.0,3.0,4,4,883872900,484,7.300513085399449,19,9.976592056932967
36,0,Travel_Rarely,Sales,3,Marketing,Female,4,Research Scientist,Single,3.0,18,1,7.0,5,3,1,2,3.0,4.0,2.0,2,3,20377562500,81,9.103744354110209,15,9.999487353206865
48,0,Travel_Rarely,Research & Development,4,Medical,Male,1,Laboratory Technician,Divorced,8.0,13,1,18.0,2,8,7,7,3.0,3.0,3.0,3,3,3093584400,144,7.913028233151184,17,9.950817395264115
29,0,Travel_Rarely,Research & Development,4,Life Sciences,Female,2,Healthcare Representative,Married,6.0,18,1,5.0,5,1,0,0,3.0,3.0,2.0,4,3,2058436900,529,7.811518759018759,30,10.011564454064453
33,0,Travel_Rarely,Research & Development,1,Medical,Male,1,Healthcare Representative,Married,2.0,20,1,8.0,2,2,2,2,1.0,1.0,1.0,2,4,5840016400,81,7.1189434740417274,32,10.032886948083455
30,1,Travel_Rarely,Research & Development,3,Other,Male,3,Sales Executive,Married,1.0,13,2,10.0,2,10,6,7,2.0,1.0,3.0,3,3,32126977600,1,7.41584186159844,33,10.02122807017544
38,0,Travel_Frequently,Sales,3,Marketing,Male,1,Manufacturing Director,Married,3.0,13,1,10.0,2,6,1,2,3.0,3.0,3.0,3,3,2708161600,81,6.910209219858156,26,10.019615839243498
35,0,Travel_Rarely,Sales,2,Life Sciences,Male,1,Sales Executive,Single,1.0,12,1,3.0,2,3,1,2,4.0,1.0,3.0,3,3,518472900,49,6.799035947712419,23,9.972745098039216
30,0,Travel_Rarely,Research & Development,3,Technical Degree,Male,5,Research Director,Married,3.0,13,0,9.0,4,4,1,3,3.0,2.0,3.0,3,3,781202500,196,6.506272638277044,34,9.986563876651983
35,1,Travel_Rarely,Research & Development,3,Medical,Female,1,Research Scientist,Divorced,1.0,13,0,1.0,2,1,0,0,1.0,1.0,3.0,1,3,641102400,4,9.706298185941042,16,10.006428571428572
53,1,Travel_Rarely,Research & Development,3,Life Sciences,Male,2,Manager,Married,0.0,25,0,34.0,2,33,1,9,3.0,4.0,3.0,3,4,654848100,361,6.484923928077454,20,9.982997925311203
38,1,Travel_Rarely,Research & Development,3,Medical,Female,3,Sales Executive,Married,4.0,19,1,7.0,3,5,1,4,3.0,2.0,3.0,2,3,2408846400,4,7.579077868852459,17,10.005941484517304
32,0,Non-Travel,Research & Development,4,Life Sciences,Female,5,Research Scientist,Married,4.0,13,0,9.0,5,6,1,2,4.0,1.0,2.0,3,3,566440000,100,7.384378809188935,24,10.019498359118613
48,0,Travel_Rarely,Research & Development,5,Life Sciences,Male,1,Sales Executive,Married,8.0,12,1,10.0,4,8,7,6,3.0,1.0,2.0,3,3,2270522500,4,7.085148851383028,24,9.987228082512893
34,0,Travel_Rarely,Research & Development,3,Life Sciences,Male,2,Sales Executive,Single,1.0,11,0,1.0,2,1,0,0,1.0,4.0,1.0,3,3,417793600,9,7.385408212560386,31,9.99758574879227
55,0,Travel_Rarely,Research & Development,1,Medical,Female,1,Laboratory Technician,Married,1.0,18,0,36.0,6,36,2,13,3.0,4.0,3.0,2,3,725224900,121,6.403510516689529,18,10.002077046181984
34,0,Travel_Rarely,Research & Development,2,Life Sciences,Male,2,Research Scientist,Married,9.0,18,1,9.0,3,2,2,1,2.0,4.0,2.0,3,3,4337539600,4,6.1076279391424615,20,10.024007607192255
26,0,Travel_Rarely,Research & Development,3,Life Sciences,Male,1,Research Director,Married,1.0,11,0,1.0,6,1,0,0,1.0,4.0,3.0,3,3,1085043600,16,7.28372418879056,35,10.009984021632253
38,0,Travel_Rarely,Sales,2,Marketing,Female,1,Sales Executive,Married,0.0,23,0,10.0,4,9,7,7,3.0,2.0,3.0,4,4,1739724100,196,7.04831161408322,18,10.013902606310014
38,0,Travel_Rarely,Research & Development,3,Life Sciences,Female,1,Manufacturing Director,Single,2.0,13,0,8.0,5,3,1,2,2.0,2.0,4.0,2,3,771728400,4,7.214350321395776,19,9.99388888888889
36,0,Travel_Rarely,Human Resources,3,Human Resources,Male,1,Research Scientist,Single,6.0,13,2,15.0,3,1,0,0,2.0,3.0,3.0,3,3,565012900,1,7.401679505135387,23,10.00280695611578
29,0,Travel_Rarely,Research & Development,3,Life Sciences,Male,1,Sales Representative,Single,1.0,17,0,10.0,3,10,1,5,2.0,1.0,3.0,2,3,577921600,100,8.098837719298245,33,10.01811769005848
35,0,Travel_Rarely,Sales,2,Life Sciences,Female,2,Sales Executive,Single,3.0,19,0,10.0,4,5,0,4,1.0,3.0,3.0,4,3,537312400,144,9.314351449275362,31,9.986490338164252
39,0,Travel_Rarely,Sales,2,Medical,Female,1,Sales Executive,Married,2.0,12,0,11.0,3,7,7,6,4.0,3.0,3.0,3,3,403206400,4,7.808459699453552,17,9.962281420765027
29,0,Travel_Frequently,Research & Development,1,Medical,Female,1,Research Scientist,Divorced,1.0,22,0,6.0,3,6,1,3,1.0,4.0,4.0,3,4,3898753600,25,6.787518912529551,26,9.99099645390071
50,0,Travel_Rarely,Research & Development,2,Medical,Female,1,Laboratory Technician,Married,4.0,12,1,27.0,0,1,0,0,3.0,3.0,3.0,1,3,783440100,16,9.415903642231443,20,9.985056477639466
23,0,Travel_Rarely,Research & Development,2,Life Sciences,Female,3,Manager,Married,2.0,11,0,4.0,2,2,2,2,4.0,3.0,3.0,3,3,11134470400,49,6.687368541380887,18,10.035642432556013
36,0,Travel_Frequently,Sales,3,Life Sciences,Male,2,Human Resources,Married,3.0,15,0,9.0,2,3,0,2,1.0,1.0,3.0,3,3,542424100,441,9.190074696545285,23,10.00390639589169
42,0,Travel_Rarely,Research & Development,2,Life Sciences,Female,5,Manager,Single,8.0,13,1,24.0,3,1,0,1,4.0,4.0,3.0,3,3,1611219600,64,6.006545521292217,34,9.982322564855604
35,0,Travel_Rarely,Sales,3,Medical,Female,2,Laboratory Technician,Married,1.0,12,1,10.0,4,10,6,8,2.0,3.0,2.0,3,3,5480440900,16,6.404425120772947,31,10.01203381642512
34,0,Travel_Frequently,Research & Development,1,Life Sciences,Female,1,Manager,Married,1.0,14,0,8.0,2,8,7,7,4.0,3.0,2.0,3,3,510308100,625,5.998565386374029,18,10.007401691815273
40,0,Travel_Rarely,Research & Development,4,Life Sciences,Male,2,Laboratory Technician,Married,1.0,13,0,5.0,5,5,1,2,4.0,1.0,3.0,3,3,4805262400,1,6.462534425451093,27,10.042202041785375
43,0,Travel_Rarely,Research & Development,1,Other,Male,1,Manager,Divorced,5.0,25,1,8.0,0,6,0,2,4.0,2.0,3.0,4,4,2188368400,1,7.004932071809802,32,10.01918607472101
35,0,Travel_Rarely,Sales,3,Marketing,Female,3,Sales Representative,Married,1.0,17,1,1.0,3,1,0,1,3.0,4.0,2.0,2,3,18447072400,36,7.27691190144119,22,9.997073454207346
46,0,Travel_Rarely,Research & Development,4,Technical Degree,Male,1,Laboratory Technician,Single,1.0,11,0,27.0,2,26,0,12,4.0,1.0,1.0,3,3,543822400,144,6.595099290780142,26,9.985656028368794
22,0,Non-Travel,Sales,2,Marketing,Male,3,Sales Executive,Married,1.0,18,2,4.0,3,4,1,3,2.0,3.0,2.0,2,3,9418702500,289,8.86907327586207,29,9.995994971264368
50,0,Travel_Frequently,Research & Development,3,Other,Male,2,Research Scientist,Married,2.0,20,0,32.0,2,30,12,13,2.0,3.0,3.0,2,4,1843843600,9,9.398416099773243,16,10.002431972789115
32,0,Travel_Rarely,Research & Development,2,Life Sciences,Male,3,Research Scientist,Married,3.0,14,1,6.0,3,3,0,2,2.0,4.0,3.0,3,3,2228784100,9,6.317826725403818,34,9.980286343612335
44,0,Travel_Rarely,Research & Development,3,Technical Degree,Male,3,Manager,Divorced,0.0,21,2,23.0,2,22,1,10,2.0,4.0,2.0,3,4,634536100,100,8.811887755102042,16,9.998801587301587
30,0,Travel_Rarely,Research & Development,3,Medical,Female,1,Research Director,Married,1.0,13,1,6.0,2,6,1,1,2.0,2.0,2.0,3,3,449864100,16,6.624580327080327,30,9.996390091390092
45,0,Travel_Rarely,Sales,2,Technical Degree,Female,2,Research Scientist,Single,1.0,12,0,10.0,2,10,1,4,3.0,1.0,3.0,3,3,883872900,841,8.913924619640389,20,9.976705855232828
45,0,Non-Travel,Sales,4,Life Sciences,Male,2,Manufacturing Director,Married,1.0,14,1,10.0,3,10,4,5,1.0,1.0,3.0,2,3,3428102500,4,7.914459000485201,32,10.023549247937895
31,0,Travel_Frequently,Research & Development,3,Medical,Male,2,Research Scientist,Single,7.0,21,1,10.0,5,5,0,3,4.0,1.0,3.0,3,4,1308268900,49,7.231297498797498,30,9.976494708994709
36,0,Travel_Rarely,Research & Development,1,Medical,Male,2,Manufacturing Director,Married,9.0,17,1,7.0,3,3,1,1,3.0,3.0,3.0,3,3,4522562500,324,10.939724596391262,27,9.990232668566003
34,0,Travel_Frequently,Sales,4,Marketing,Male,5,Manufacturing Director,Divorced,1.0,11,1,9.0,3,9,7,2,3.0,4.0,3.0,2,3,10660562500,784,6.109448051948052,30,9.98973544973545
49,0,Travel_Rarely,Research & Development,4,Life Sciences,Male,3,Healthcare Representative,Married,1.0,14,1,10.0,2,9,1,4,3.0,1.0,2.0,3,3,4828860100,1,7.313988095238096,23,10.002464985994397
39,0,Travel_Rarely,Research & Development,2,Life Sciences,Male,3,Research Scientist,Married,2.0,17,1,10.0,2,7,7,7,2.0,1.0,3.0,3,3,11255088100,36,6.585563936781609,29,9.954772509578545
27,0,Travel_Rarely,Research & Development,1,Life Sciences,Male,4,Research Scientist,Divorced,1.0,13,0,7.0,4,7,0,7,4.0,1.0,3.0,3,3,1977580900,4,6.09373482726424,23,9.97798669467787
35,0,Travel_Rarely,Research & Development,3,Medical,Female,2,Sales Executive,Married,1.0,25,0,16.0,1,16,1,10,2.0,1.0,3.0,2,4,465264900,4,7.603855932203389,25,10.02460922787194
28,0,Travel_Rarely,Research & Development,3,Life Sciences,Male,3,Manufacturing Director,Divorced,0.0,15,2,6.0,2,5,0,0,2.0,1.0,2.0,3,3,2116920100,529,7.414982419127989,24,10.004851148616972
21,0,Travel_Rarely,Research & Development,1,Life Sciences,Female,1,Laboratory Technician,Single,1.0,14,1,3.0,2,2,2,2,3.0,4.0,3.0,3,3,29237580100,9,7.8922585034013615,16,9.995769841269842
18,1,Travel_Frequently,Research & Development,5,Medical,Male,1,Research Director,Single,1.0,12,1,0.0,2,0,0,0,2.0,4.0,4.0,2,3,614544100,9,8.430085106382979,26,10.017917257683214
47,0,Travel_Rarely,Research & Development,4,Medical,Male,2,Research Scientist,Married,3.0,19,3,27.0,3,5,1,0,4.0,3.0,3.0,2,3,22058190400,625,6.021607487922705,31,9.99541304347826
39,0,Travel_Rarely,Sales,4,Life Sciences,Male,1,Laboratory Technician,Divorced,0.0,17,0,11.0,5,10,0,7,3.0,3.0,3.0,3,3,5276569600,4,6.9033239171374765,25,9.993042608286252
40,0,Travel_Rarely,Research & Development,1,Life Sciences,Male,1,Laboratory Technician,Married,1.0,14,1,18.0,2,18,14,12,1.0,3.0,3.0,3,3,3210355600,484,7.585921237693389,24,10.02060829817159
35,0,Non-Travel,Research & Development,3,Medical,Female,2,Sales Executive,Married,1.0,13,1,15.0,3,14,2,9,3.0,3.0,3.0,3,3,6119932900,841,6.240396995708155,28,9.975727229375298
37,0,Travel_Rarely,Research & Development,4,Technical Degree,Male,1,Laboratory Technician,Married,3.0,12,1,9.0,2,4,0,2,3.0,3.0,2.0,4,3,6209440000,841,8.004658469945356,17,10.018260473588343
39,0,Travel_Frequently,Research & Development,3,Technical Degree,Female,2,Manager,Single,0.0,11,0,10.0,2,9,3,8,1.0,3.0,1.0,3,3,17408163600,4,6.680691609977324,16,10.010795918367347
45,0,Travel_Rarely,Research & Development,3,Life Sciences,Female,2,Laboratory Technician,Divorced,1.0,11,2,10.0,3,10,3,9,4.0,4.0,3.0,2,3,2567448900,784,7.283664990421456,29,10.021350574712644
38,0,Travel_Rarely,Research & Development,4,Life Sciences,Female,3,Sales Executive,Married,3.0,11,0,10.0,3,5,0,2,4.0,3.0,4.0,3,3,2579624100,4,9.603570089076419,24,9.976749882794186
35,1,Travel_Rarely,Research & Development,3,Life Sciences,Male,3,Healthcare Representative,Married,9.0,12,1,15.0,0,13,6,0,4.0,1.0,3.0,3,3,538704100,4,5.993160310734463,25,10.011836158192091
37,0,Travel_Rarely,Research & Development,3,Life Sciences,Female,2,Healthcare Representative,Married,1.0,14,0,8.0,4,8,7,7,2.0,2.0,1.0,3,3,30429313600,484,8.02535265700483,31,10.020958937198067
40,0,Travel_Rarely,Research & Development,3,Technical Degree,Female,2,Healthcare Representative,Single,6.0,17,0,18.0,2,4,3,3,3.0,4.0,2.0,2,3,577921600,64,9.25281101614435,27,9.996566951566951
44,0,Travel_Frequently,Sales,2,Marketing,Male,1,Laboratory Technician,Married,4.0,11,1,14.0,2,10,0,2,1.0,4.0,3.0,2,3,1191630400,4,8.622644534778683,15,9.989406052393857
48,0,Travel_Frequently,Sales,4,Marketing,Female,3,Manager,Married,2.0,14,3,23.0,2,2,2,2,3.0,4.0,3.0,3,3,515290000,100,7.09489406779661,25,10.017735404896422
35,1,Travel_Rarely,Research & Development,3,Life Sciences,Male,2,Manager,Divorced,6.0,12,0,7.0,3,2,2,2,1.0,4.0,2.0,1,3,30272520100,81,10.698062471184878,20,10.031215998155831
24,0,Travel_Frequently,Research & Development,3,Life Sciences,Male,2,Research Scientist,Single,1.0,22,1,6.0,6,6,1,3,1.0,4.0,3.0,3,4,3011814400,225,8.67883310564663,17,9.996481102003644
27,0,Travel_Rarely,Sales,4,Life Sciences,Male,3,Sales Executive,Married,7.0,14,1,5.0,2,3,0,2,2.0,3.0,3.0,1,3,37709756100,100,7.206112263715998,20,9.990165975103736
27,0,Travel_Frequently,Research & Development,3,Life Sciences,Male,1,Research Scientist,Single,2.0,20,0,6.0,3,4,1,2,4.0,4.0,2.0,3,4,790172100,49,6.40713601532567,29,10.007278496168583
40,1,Travel_Rarely,Sales,4,Marketing,Male,1,Research Director,Single,3.0,16,2,10.0,0,4,0,3,1.0,1.0,1.0,3,3,1319868900,256,10.539048786181139,23,10.035159897292251
29,0,Travel_Rarely,Research & Development,1,Medical,Female,2,Manager,Single,9.0,15,1,8.0,4,5,1,4,3.0,3.0,3.0,2,3,1733056900,400,7.289530567685589,32,10.001391314895681
36,0,Travel_Rarely,Research & Development,3,Life Sciences,Female,3,Sales Executive,Married,4.0,20,0,9.0,1,3,0,2,2.0,1.0,3.0,2,4,454542400,529,7.887590605627087,28,10.001949213161659
25,0,Travel_Frequently,Sales,1,Marketing,Male,4,Manufacturing Director,Divorced,1.0,14,0,7.0,3,7,0,7,4.0,3.0,3.0,2,3,19524472900,25,6.065146638054363,28,9.98662017167382
39,0,Travel_Rarely,Sales,3,Marketing,Female,2,Research Director,Married,4.0,12,0,7.0,2,5,1,0,4.0,2.0,3.0,3,3,720385600,100,6.776572855750487,33,10.002062621832359
49,0,Travel_Rarely,Sales,2,Life Sciences,Male,2,Research Director,Married,3.0,24,0,27.0,4,4,1,2,1.0,2.0,3.0,2,4,11761402500,16,7.813417257683215,26,9.994229314420805
50,0,Travel_Rarely,Research & Development,2,Medical,Male,3,Sales Executive,Divorced,5.0,12,1,19.0,2,14,1,11,4.0,1.0,3.0,2,3,1915812900,4,7.7877777777777775,15,9.990068879855466
20,0,Travel_Rarely,Research & Development,4,Medical,Female,2,Sales Executive,Single,1.0,13,1,2.0,2,2,2,2,3.0,3.0,3.0,3,3,1401004900,324,6.615295508274231,26,9.980748226950356
34,0,Travel_Rarely,Research & Development,3,Medical,Male,3,Laboratory Technician,Divorced,1.0,11,0,11.0,3,11,7,9,4.0,2.0,3.0,3,3,1720590400,100,7.691735253772291,18,9.956448331047095
36,0,Travel_Rarely,Research & Development,3,Life Sciences,Female,2,Healthcare Representative,Single,2.0,14,0,15.0,2,4,1,3,1.0,2.0,3.0,3,3,110460100,1,6.003140933140933,30,10.01876984126984
49,0,Travel_Rarely,Human Resources,2,Life Sciences,Female,2,Research Scientist,Married,2.0,11,3,30.0,3,15,2,12,3.0,3.0,3.0,3,3,11532612100,36,8.480666666666668,16,10.012897959183674
36,0,Non-Travel,Research & Development,4,Life Sciences,Male,4,Laboratory Technician,Married,0.0,14,0,4.0,2,3,1,2,4.0,3.0,3.0,3,3,10791054400,64,8.009613266283525,29,10.011754070881226
36,0,Travel_Rarely,Research & Development,2,Medical,Female,2,Healthcare Representative,Divorced,6.0,16,0,13.0,2,5,0,4,4.0,1.0,3.0,3,3,13032505600,4,6.313820037986705,27,9.988816476733142
54,0,Travel_Rarely,Sales,3,Marketing,Male,1,Laboratory Technician,Married,3.0,14,0,36.0,5,10,4,7,2.0,3.0,3.0,3,3,676000000,576,7.590807217473884,27,9.975623219373219
43,0,Travel_Rarely,Research & Development,4,Life Sciences,Female,1,Research Scientist,Married,1.0,11,1,14.0,2,14,6,11,3.0,3.0,3.0,3,3,586608400,4,7.6026572543618,19,10.001186868686869
35,1,Travel_Frequently,Research & Development,4,Medical,Male,1,Research Director,Single,3.0,11,1,13.0,3,11,6,7,4.0,4.0,4.0,2,3,2994278400,289,8.362878787878788,19,10.006148989898989
38,0,Travel_Frequently,Research & Development,2,Life Sciences,Male,2,Research Scientist,Married,7.0,12,1,19.0,3,13,2,9,4.0,4.0,4.0,3,3,600740100,361,7.185211805555555,21,10.005155092592593
29,0,Travel_Rarely,Research & Development,2,Medical,Male,2,Sales Representative,Divorced,1.0,14,0,10.0,2,10,0,9,1.0,2.0,2.0,2,3,1797760000,1,10.688967391304349,31,10.008160628019322
33,0,Travel_Rarely,Research & Development,3,Medical,Male,5,Sales Executive,Divorced,1.0,18,3,6.0,3,6,0,4,4.0,4.0,3.0,2,3,12097800100,49,6.380850480109739,18,10.019803383630544
32,0,Travel_Rarely,Research & Development,4,Technical Degree,Male,5,Research Scientist,Divorced,0.0,13,0,10.0,5,9,1,6,4.0,2.0,2.0,3,3,2503000900,25,6.61519212962963,21,10.014327546296297
31,0,Travel_Rarely,Research & Development,4,Technical Degree,Female,2,Sales Executive,Married,1.0,11,0,10.0,4,10,0,2,1.0,4.0,3.0,2,3,16235856400,784,7.40136158594492,27,10.011157407407406
49,0,Travel_Rarely,Research & Development,4,Medical,Male,1,Laboratory Technician,Divorced,4.0,18,0,17.0,3,2,2,2,4.0,1.0,2.0,2,3,1786752900,4,9.711996151996152,30,9.990600048100049
38,0,Travel_Frequently,Sales,2,Medical,Female,1,Sales Executive,Single,1.0,15,3,4.0,2,4,3,3,4.0,2.0,3.0,3,3,1534288900,841,7.781927966101695,25,10.007649482109228
47,0,Travel_Rarely,Research & Development,4,Medical,Male,3,Laboratory Technician,Divorced,6.0,22,1,29.0,2,3,1,2,2.0,2.0,3.0,2,4,33499980900,1,6.705334255417243,20,9.981762332872291
49,0,Travel_Rarely,Research & Development,3,Medical,Male,2,Manufacturing Director,Single,4.0,13,0,23.0,3,8,0,0,3.0,3.0,3.0,1,3,566440000,441,6.390048879351455,28,9.99314854554125
41,0,Travel_Rarely,Research & Development,4,Life Sciences,Female,4,Manager,Single,3.0,12,0,21.0,6,2,0,2,4.0,3.0,3.0,4,3,18840307600,576,10.995572424651373,14,10.01959739091318
20,0,Travel_Rarely,Research & Development,3,Life Sciences,Male,1,Sales Representative,Single,1.0,18,1,2.0,3,2,0,2,4.0,1.0,3.0,3,3,2281972900,1,7.72235153256705,29,10.004197796934864
33,0,Non-Travel,Research & Development,2,Medical,Female,2,Healthcare Representative,Divorced,1.0,13,0,7.0,6,6,1,2,3.0,4.0,3.0,2,3,4076822500,324,9.51408906882591,14,9.996822986954566
36,0,Travel_Rarely,Research & Development,2,Technical Degree,Male,3,Sales Executive,Married,6.0,12,0,10.0,2,3,0,2,1.0,3.0,2.0,3,3,39892072900,4,6.011818287037037,21,10.005556712962962
44,0,Travel_Rarely,Research & Development,3,Technical Degree,Female,3,Healthcare Representative,Divorced,4.0,12,0,8.0,2,2,2,2,3.0,4.0,3.0,2,3,4707332100,81,8.514237588652483,26,9.98960401891253
23,1,Travel_Rarely,Human Resources,3,Life Sciences,Female,3,Laboratory Technician,Single,1.0,12,0,5.0,3,5,1,2,4.0,3.0,3.0,3,3,2469096100,36,8.11039419087137,20,9.975334255417243
38,0,Travel_Rarely,Research & Development,2,Life Sciences,Male,1,Sales Executive,Married,7.0,11,1,7.0,3,0,0,0,4.0,3.0,2.0,3,3,39382402500,121,7.406556283357593,32,9.995873362445414
48,1,Travel_Frequently,Sales,2,Marketing,Male,1,Healthcare Representative,Married,2.0,12,1,19.0,3,9,7,7,4.0,3.0,3.0,1,3,4028440900,100,9.921207929921621,20,9.995623559243892
32,1,Travel_Rarely,Sales,3,Life Sciences,Male,2,Research Scientist,Single,1.0,19,1,1.0,2,1,0,0,4.0,2.0,3.0,3,3,752404900,1,7.502065118397086,17,10.00965733151184
26,0,Non-Travel,Research & Development,2,Medical,Male,1,Human Resources,Single,1.0,23,1,7.0,5,7,5,7,4.0,4.0,3.0,3,4,11837440000,324,7.179538958045182,20,10.009662286768094
55,0,Travel_Rarely,Research & Development,1,Life Sciences,Male,5,Laboratory Technician,Divorced,5.0,11,2,8.0,2,4,1,2,1.0,2.0,3.0,3,3,548496400,529,7.683146551724138,29,10.016362547892719
34,0,Travel_Rarely,Sales,3,Life Sciences,Female,2,Research Scientist,Married,1.0,19,1,15.0,6,15,4,13,2.0,4.0,4.0,1,3,31152250000,784,7.9710895691609975,16,10.02609410430839
60,0,Travel_Rarely,Sales,4,Medical,Male,1,Manager,Divorced,3.0,13,1,19.0,5,1,0,0,3.0,4.0,4.0,2,3,1620062500,289,6.223042824074074,21,9.971797453703704
33,0,Travel_Rarely,Sales,3,Life Sciences,Male,3,Manager,Married,1.0,11,0,14.0,0,14,2,13,2.0,2.0,3.0,3,3,9457562500,9,7.823783846872082,23,9.967678571428571
37,0,Travel_Frequently,Research & Development,3,Life Sciences,Male,1,Laboratory Technician,Divorced,1.0,12,1,6.0,4,6,1,3,3.0,4.0,2.0,3,3,14170521600,169,6.504990503323836,27,9.999503798670464
34,0,Travel_Rarely,Research & Development,2,Life Sciences,Male,1,Healthcare Representative,Married,1.0,13,0,10.0,5,10,8,7,2.0,4.0,3.0,3,3,473932900,49,7.099637377963737,22,9.970548582054858
23,1,Travel_Rarely,Research & Development,2,Medical,Male,2,Research Scientist,Divorced,1.0,14,2,3.0,2,3,0,2,3.0,4.0,3.0,3,3,5662562500,144,9.224344070961717,23,10.019264705882353
44,0,Travel_Rarely,Human Resources,3,Life Sciences,Male,1,Research Scientist,Married,1.0,14,0,9.0,1,8,6,7,3.0,4.0,3.0,4,3,2336755600,1,8.535351239669422,19,9.990937786960515
35,0,Travel_Frequently,Research & Development,3,Life Sciences,Male,3,Sales Executive,Single,0.0,16,0,6.0,2,5,1,4,1.0,4.0,4.0,3,3,416976400,169,8.18828031350853,20,10.020952051636698
43,0,Travel_Rarely,Research & Development,4,Life Sciences,Male,2,Sales Executive,Married,1.0,11,0,10.0,2,10,8,8,4.0,4.0,3.0,1,3,492840000,625,8.078224586288416,26,9.984159574468086
24,0,Travel_Rarely,Research & Development,3,Life Sciences,Male,3,Sales Executive,Married,1.0,13,0,5.0,3,5,0,4,3.0,3.0,3.0,3,3,110670400,36,6.705840136054422,16,10.02414172335601
41,0,Travel_Rarely,Sales,4,Marketing,Male,1,Research Scientist,Single,1.0,17,0,10.0,3,10,8,7,4.0,3.0,3.0,3,3,795804100,36,6.995156175488794,28,10.00000357653791
29,0,Travel_Rarely,Research & Development,2,Life Sciences,Male,2,Research Scientist,Married,9.0,11,1,9.0,2,5,1,2,4.0,3.0,3.0,3,3,37006216900,4,7.864863526570049,31,9.994606280193237
36,0,Travel_Rarely,Human Resources,4,Life Sciences,Female,3,Research Scientist,Single,3.0,11,1,17.0,2,13,6,7,3.0,4.0,2.0,1,3,1686744900,1,6.277419278252612,27,10.025700379867047
45,0,Non-Travel,Sales,3,Life Sciences,Female,2,Manufacturing Director,Married,3.0,15,2,25.0,3,23,14,4,3.0,3.0,2.0,2,3,7049281600,4,6.309411404796868,34,10.015406265296132
24,1,Travel_Rarely,Sales,2,Medical,Female,2,Manager,Married,1.0,12,0,1.0,2,1,0,0,4.0,3.0,3.0,2,3,402804900,36,6.410934557438795,25,9.97778483992467
47,1,Travel_Frequently,Research & Development,3,Medical,Female,2,Sales Executive,Married,7.0,11,2,25.0,1,23,14,10,3.0,3.0,1.0,3,3,38521912900,1,6.805530092592592,21,10.010829861111112
26,0,Travel_Rarely,Research & Development,1,Medical,Male,1,Sales Executive,Married,1.0,14,1,3.0,2,3,0,2,4.0,3.0,4.0,3,3,11419059600,81,7.701706183170619,22,10.007547652254766
45,0,Travel_Rarely,Research & Development,4,Life Sciences,Male,1,Research Director,Single,1.0,22,1,21.0,4,21,8,6,4.0,2.0,3.0,3,4,865536400,1,6.575021186440678,25,9.987607109227872
32,0,Travel_Frequently,Sales,1,Marketing,Male,2,Laboratory Technician,Married,6.0,16,1,10.0,2,5,1,3,1.0,3.0,2.0,3,3,7846416400,1,6.894498171010516,18,10.017919524462735
31,0,Travel_Rarely,Research & Development,2,Life Sciences,Male,1,Sales Executive,Married,1.0,11,2,6.0,5,5,0,3,2.0,3.0,4.0,3,3,28076353600,196,7.224268115942029,31,9.994385265700483
40,0,Travel_Rarely,Research & Development,2,Technical Degree,Male,1,Healthcare Representative,Married,2.0,16,1,18.0,2,1,0,0,2.0,1.0,3.0,3,3,539632900,484,9.81645048814505,22,9.989679218967922
24,0,Travel_Rarely,Research & Development,3,Life Sciences,Female,1,Research Scientist,Divorced,1.0,15,1,6.0,3,6,1,2,2.0,1.0,4.0,2,3,200505600,9,5.979858229598893,20,10.012535730751498
46,0,Travel_Rarely,Research & Development,3,Medical,Male,4,Sales Executive,Single,6.0,12,0,19.0,3,10,0,9,3.0,2.0,3.0,2,3,2129822500,36,7.615646551724137,29,9.992417385057472
35,0,Travel_Rarely,Sales,4,Life Sciences,Male,1,Laboratory Technician,Married,2.0,20,1,17.0,4,7,0,7,4.0,3.0,3.0,3,4,605652100,64,7.4058831018518525,21,10.00264236111111
30,0,Travel_Rarely,Sales,4,Marketing,Male,1,Laboratory Technician,Married,1.0,17,1,10.0,3,10,0,8,2.0,4.0,2.0,3,3,7607328400,81,7.315814009661835,31,10.015385265700482
47,0,Non-Travel,Research & Development,2,Life Sciences,Female,2,Sales Executive,Married,7.0,12,1,4.0,5,1,0,0,3.0,2.0,1.0,3,3,1564202500,9,7.717876647834275,25,9.986947975517891
46,0,Travel_Rarely,Research & Development,4,Technical Degree,Female,3,Sales Executive,Divorced,4.0,20,0,13.0,1,10,0,3,3.0,4.0,2.0,3,4,9914184900,1,9.827860750360749,30,10.009525012025012
36,1,Travel_Rarely,Research & Development,3,Medical,Male,2,Manufacturing Director,Divorced,5.0,20,0,16.0,3,2,2,2,2.0,1.0,3.0,3,4,1139737600,1,10.412180611785875,14,10.0012775528565
32,1,Travel_Rarely,Research & Development,3,Medical,Female,2,Research Director,Single,6.0,13,2,10.0,3,0,0,0,1.0,2.0,3.0,3,3,7784532900,676,6.987964580300825,32,10.00958757884522
23,0,Travel_Rarely,Sales,4,Life Sciences,Male,3,Manufacturing Director,Single,1.0,14,2,3.0,2,3,1,2,3.0,2.0,1.0,3,3,10654368400,36,6.006363636363637,30,9.998410293410293
31,0,Travel_Frequently,Sales,3,Marketing,Male,2,Sales Executive,Single,2.0,18,1,9.0,3,5,1,4,4.0,4.0,2.0,3,3,2135364100,9,6.496436988936988,30,9.987795815295815
39,0,Non-Travel,Research & Development,3,Life Sciences,Female,2,Manufacturing Director,Married,1.0,11,0,9.0,3,9,5,8,4.0,4.0,3.0,2,3,12047257600,9,10.193314814814814,21,9.994413194444444
32,0,Travel_Rarely,Research & Development,3,Technical Degree,Male,1,Research Scientist,Married,3.0,11,2,10.0,0,4,0,2,4.0,3.0,1.0,2,3,1339560000,36,7.59164048269581,17,10.004209927140256
40,0,Travel_Rarely,Sales,3,Life Sciences,Male,3,Manufacturing Director,Single,1.0,11,1,21.0,6,21,12,8,2.0,2.0,2.0,2,3,10987232400,36,7.906473799126638,32,9.999787724405628
45,0,Travel_Rarely,Research & Development,4,Medical,Male,1,Sales Representative,Married,4.0,15,0,9.0,2,5,0,3,3.0,3.0,4.0,3,3,5068016100,361,7.790443469785576,33,10.017145467836258
30,0,Travel_Frequently,Sales,3,Life Sciences,Male,1,Research Director,Single,0.0,12,1,10.0,2,9,0,7,4.0,1.0,3.0,3,3,9181472400,81,6.214679580896686,33,9.968373538011697
24,0,Travel_Frequently,Sales,4,Marketing,Male,1,Sales Executive,Married,0.0,11,1,3.0,5,2,2,1,1.0,4.0,3.0,3,3,2032206400,9,5.98645112955279,20,10.01543683725219
30,1,Travel_Frequently,Research & Development,3,Life Sciences,Female,1,Human Resources,Divorced,6.0,14,0,6.0,4,4,1,2,3.0,4.0,2.0,3,3,487084900,100,6.707549951267056,33,9.994774610136453
31,0,Travel_Rarely,Research & Development,2,Life Sciences,Male,3,Laboratory Technician,Married,1.0,15,2,6.0,3,5,0,2,1.0,3.0,3.0,4,3,6015553600,9,7.606590702947846,16,10.010696145124715
27,0,Travel_Rarely,Sales,3,Life Sciences,Male,1,Manager,Single,1.0,13,1,6.0,2,6,1,4,3.0,4.0,2.0,2,3,4480963600,9,6.325555555555556,33,9.982105263157894
29,1,Travel_Rarely,Sales,3,Marketing,Male,5,Research Scientist,Single,1.0,13,0,2.0,3,2,2,2,2.0,2.0,3.0,3,3,1362348100,16,6.804979338842975,19,10.001108815426996
29,0,Travel_Frequently,Research & Development,4,Life Sciences,Female,1,Sales Executive,Single,8.0,21,1,10.0,2,3,0,2,4.0,3.0,4.0,3,4,565012900,64,8.795385735080059,32,10.004404415332363
30,0,Travel_Rarely,Sales,3,Life Sciences,Male,3,Sales Executive,Divorced,2.0,11,0,12.0,5,7,1,7,3.0,1.0,3.0,3,3,534996900,49,8.002729885057471,29,10.008777538314177
34,0,Travel_Rarely,Research & Development,2,Medical,Female,2,Healthcare Representative,Married,0.0,11,0,6.0,5,5,1,2,4.0,4.0,3.0,2,3,31205222500,1,9.915464480874318,17,10.009548041894353
33,0,Non-Travel,Research & Development,4,Medical,Male,1,Sales Representative,Single,8.0,14,1,13.0,4,11,1,7,4.0,2.0,2.0,3,3,673921600,4,7.424654811715482,22,10.016381915388193
49,0,Travel_Rarely,Sales,4,Marketing,Male,1,Sales Executive,Single,3.0,11,1,8.0,4,5,0,4,4.0,4.0,4.0,3,3,2235398400,9,7.713776150627615,22,10.024690841469084
33,1,Travel_Rarely,Research & Development,3,Life Sciences,Male,1,Sales Executive,Single,2.0,13,0,11.0,3,0,0,0,1.0,1.0,2.0,1,3,1850720400,100,8.306316526610644,23,10.012580532212885
38,0,Travel_Frequently,Research & Development,3,Medical,Male,1,Healthcare Representative,Married,4.0,12,1,9.0,3,6,0,5,3.0,2.0,2.0,3,3,887444100,784,7.912287308228731,22,10.023214783821478
31,1,Travel_Rarely,Human Resources,4,Human Resources,Male,2,Laboratory Technician,Married,2.0,14,2,10.0,2,1,0,0,1.0,3.0,3.0,3,3,28510322500,81,6.221997354497354,30,10.012281144781145
29,0,Travel_Rarely,Research & Development,4,Other,Female,2,Sales Representative,Divorced,1.0,13,1,1.0,3,1,0,0,4.0,1.0,3.0,3,3,3128164900,9,6.287173611111111,21,9.997196759259259
30,0,Travel_Rarely,Research & Development,1,Medical,Male,1,Sales Representative,Married,3.0,18,1,10.0,3,7,1,7,3.0,3.0,3.0,3,3,10909802500,4,6.788280367231638,25,9.986225282485876
32,0,Non-Travel,Research & Development,4,Life Sciences,Female,1,Laboratory Technician,Single,2.0,11,1,12.0,2,7,0,7,2.0,2.0,3.0,3,3,7638760000,100,5.982664742664743,30,10.004476911976912
38,0,Travel_Rarely,Research & Development,2,Technical Degree,Female,1,Manufacturing Director,Married,3.0,11,0,15.0,2,1,1,0,2.0,4.0,3.0,2,3,632019600,64,9.036384335154827,17,10.021207877959926
43,1,Travel_Frequently,Research & Development,4,Other,Male,3,Sales Executive,Married,9.0,12,1,6.0,3,1,0,0,3.0,3.0,3.0,3,3,5859902500,1,8.40061391223156,23,10.001622315592904
42,0,Travel_Rarely,Human Resources,3,Other,Female,1,Healthcare Representative,Divorced,8.0,13,1,7.0,3,5,0,4,2.0,2.0,2.0,3,3,30502622500,1,6.699085309158531,22,10.007044397954441
55,0,Travel_Rarely,Research & Development,2,Life Sciences,Female,1,Sales Executive,Married,8.0,20,1,34.0,3,1,0,0,3.0,1.0,3.0,3,4,5403720100,9,7.598850241545893,31,10.000039855072464
33,0,Non-Travel,Research & Development,3,Other,Male,1,Research Scientist,Divorced,5.0,12,0,11.0,2,9,1,7,4.0,2.0,2.0,3,3,11707240000,196,6.731928506375228,17,9.952924635701274
41,0,Travel_Rarely,Research & Development,3,Medical,Male,1,Sales Representative,Divorced,1.0,19,0,5.0,2,5,0,4,3.0,1.0,3.0,3,3,14808456100,25,6.291201790633608,19,10.000047061524334
34,0,Non-Travel,Research & Development,4,Medical,Female,1,Research Scientist,Divorced,1.0,21,0,15.0,5,15,0,7,4.0,3.0,3.0,2,4,38517987600,49,8.186905255878285,20,9.987763946519133
53,0,Non-Travel,Research & Development,4,Medical,Male,2,Healthcare Representative,Married,4.0,13,2,27.0,2,3,0,2,1.0,3.0,2.0,4,3,428490000,100,8.123122448979593,16,10.001465986394559
43,0,Travel_Rarely,Sales,2,Marketing,Female,1,Laboratory Technician,Single,0.0,16,1,10.0,2,9,1,8,2.0,4.0,3.0,3,3,4599552400,256,6.0869706284153,17,9.996545992714026
34,0,Travel_Rarely,Sales,2,Life Sciences,Female,5,Sales Executive,Single,5.0,12,1,6.0,2,2,2,2,4.0,4.0,3.0,3,3,6051284100,100,7.696015046296297,21,9.991405092592593
21,1,Travel_Rarely,Sales,2,Marketing,Male,5,Healthcare Representative,Single,1.0,14,0,1.0,3,1,1,0,2.0,2.0,3.0,4,3,778968100,1,7.522102657004831,31,9.998611111111112
38,0,Travel_Rarely,Research & Development,2,Life Sciences,Female,2,Sales Executive,Married,1.0,11,1,5.0,3,5,0,4,4.0,3.0,3.0,2,3,1024640100,64,6.394260431317393,24,10.004458509142053
22,1,Travel_Rarely,Research & Development,3,Other,Male,4,Research Scientist,Married,1.0,14,0,1.0,3,1,0,0,3.0,1.0,3.0,3,3,2468102400,1,8.907727272727273,19,9.991429063360881
31,0,Travel_Rarely,Research & Development,5,Life Sciences,Male,5,Sales Executive,Married,1.0,12,2,13.0,6,12,5,7,1.0,4.0,3.0,2,3,17213440000,64,7.295628072763028,35,10.024609144542774
51,0,Travel_Rarely,Research & Development,4,Life Sciences,Female,1,Manager,Married,2.0,14,0,15.0,2,2,2,2,1.0,3.0,3.0,3,3,1626508900,1,6.686816148775894,25,10.011777306967986
37,0,Travel_Rarely,Research & Development,1,Life Sciences,Male,2,Sales Executive,Married,1.0,16,3,5.0,2,5,0,3,2.0,2.0,3.0,2,3,1083068100,576,7.993744064577399,27,9.982432336182336
46,0,Travel_Rarely,Sales,4,Marketing,Female,1,Sales Representative,Divorced,7.0,13,0,24.0,3,2,2,2,3.0,4.0,3.0,4,3,1824998400,9,9.988379028379027,30,9.987003367003366
36,0,Travel_Rarely,Research & Development,3,Technical Degree,Female,4,Research Scientist,Married,7.0,12,0,15.0,2,12,5,7,4.0,1.0,3.0,2,3,2556313600,729,9.481728650137741,19,10.000618686868687
44,1,Travel_Frequently,Sales,4,Life Sciences,Male,1,Research Scientist,Divorced,1.0,12,0,6.0,2,5,2,3,3.0,2.0,2.0,4,3,808833600,100,9.291028806584363,18,10.00105281207133
37,0,Travel_Rarely,Research & Development,2,Technical Degree,Male,2,Sales Executive,Divorced,2.0,14,0,19.0,2,10,4,7,3.0,2.0,2.0,3,3,730620900,361,6.068434119960669,35,10.03929326450344
35,1,Travel_Rarely,Research & Development,4,Life Sciences,Male,2,Research Scientist,Single,1.0,22,1,10.0,4,10,7,7,3.0,4.0,3.0,3,4,362521600,225,8.594216643421666,22,9.99010111576011
33,0,Travel_Rarely,Research & Development,5,Medical,Male,2,Laboratory Technician,Married,6.0,19,0,14.0,3,10,7,6,4.0,1.0,3.0,3,3,6763417600,64,8.043768861454048,18,9.998649977137632
28,0,Travel_Rarely,Sales,3,Medical,Female,2,Sales Executive,Married,1.0,12,0,5.0,3,5,0,3,3.0,4.0,4.0,3,3,2271475600,81,7.366939890710382,17,9.998451730418942
39,0,Travel_Rarely,Sales,4,Marketing,Female,2,Laboratory Technician,Single,7.0,12,0,9.0,2,4,2,2,3.0,3.0,3.0,2,3,681210000,9,6.890665708812261,29,9.994493534482757
46,0,Non-Travel,Research & Development,2,Life Sciences,Male,2,Manufacturing Director,Single,8.0,17,0,6.0,2,2,2,2,2.0,2.0,3.0,3,3,3284436100,81,6.701427895981087,26,9.960413711583925
40,0,Travel_Rarely,Research & Development,2,Medical,Male,1,Research Director,Married,4.0,12,1,7.0,3,4,0,2,3.0,1.0,2.0,3,3,644652100,4,6.609389619883041,33,10.009044834307993
42,0,Travel_Rarely,Research & Development,4,Other,Female,2,Laboratory Technician,Married,5.0,11,0,10.0,2,0,0,0,2.0,1.0,2.0,3,3,3264979600,49,6.610516366989396,20,10.002947210696174
35,0,Non-Travel,Sales,1,Life Sciences,Female,2,Research Director,Divorced,2.0,18,3,15.0,3,7,1,7,2.0,4.0,3.0,3,3,1868832900,100,6.684642531876138,17,9.988424408014572
38,0,Non-Travel,Sales,4,Marketing,Male,3,Sales Executive,Divorced,5.0,11,0,13.0,3,11,3,8,1.0,2.0,3.0,3,3,5381689600,36,7.839338235294118,23,10.002280578898226
34,1,Travel_Frequently,Research & Development,1,Life Sciences,Male,1,Manufacturing Director,Married,4.0,23,2,11.0,2,7,0,7,4.0,1.0,2.0,4,4,18222300100,4,7.895517952450267,32,9.97082120329937
37,1,Travel_Rarely,Research & Development,3,Life Sciences,Male,1,Laboratory Technician,Single,1.0,11,1,10.0,5,10,0,8,4.0,1.0,1.0,3,3,18928256400,576,6.195063185503099,28,9.98163924654268
39,0,Travel_Frequently,Research & Development,1,Medical,Male,2,Healthcare Representative,Divorced,2.0,18,1,7.0,3,2,2,2,3.0,4.0,3.0,2,3,2657402500,4,6.194631566713157,22,10.000215016271502
43,0,Non-Travel,Human Resources,5,Medical,Female,3,Sales Executive,Single,4.0,18,0,7.0,2,3,1,2,1.0,3.0,2.0,3,3,509856400,64,7.353812915479582,27,9.992259021842354
41,0,Travel_Rarely,Research & Development,3,Life Sciences,Male,3,Research Scientist,Single,3.0,13,1,11.0,2,3,1,2,2.0,2.0,1.0,1,3,1293840900,9,7.818558590102708,23,9.957169701213818
41,0,Travel_Rarely,Research & Development,1,Technical Degree,Male,3,Laboratory Technician,Divorced,0.0,18,0,23.0,2,22,13,5,3.0,3.0,4.0,2,3,632522500,1,10.283835425383542,22,10.00457229195723
30,0,Travel_Rarely,Sales,3,Marketing,Female,2,Manager,Single,9.0,11,0,9.0,3,7,0,2,1.0,3.0,3.0,3,3,1953640000,676,7.0870643153526975,20,10.004487090825267
26,1,Travel_Rarely,Human Resources,1,Technical Degree,Female,3,Sales Executive,Married,0.0,15,2,6.0,3,5,1,4,4.0,2.0,3.0,2,3,4327008400,4,8.706473922902495,16,10.0076179138322
46,1,Travel_Rarely,Research & Development,3,Medical,Male,1,Sales Executive,Married,4.0,11,1,13.0,2,9,3,7,4.0,2.0,4.0,3,3,1955408400,100,7.9803557504873295,33,10.001240253411305
40,0,Travel_Rarely,Sales,2,Medical,Female,3,Sales Executive,Divorced,4.0,18,0,12.0,3,5,0,3,3.0,4.0,3.0,3,3,10555507600,729,6.624849137931034,29,9.99168582375479
34,0,Travel_Rarely,Research & Development,3,Life Sciences,Male,2,Laboratory Technician,Married,1.0,14,0,10.0,5,10,4,8,2.0,3.0,3.0,2,3,2854764900,4,7.404434071000461,20,9.985133702166896
58,0,Non-Travel,Research & Development,4,Medical,Male,1,Laboratory Technician,Divorced,4.0,12,1,37.0,3,16,14,14,2.0,2.0,2.0,3,3,564537600,4,6.579242097701149,29,9.975545977011494
35,0,Travel_Rarely,Research & Development,1,Technical Degree,Female,3,Manufacturing Director,Married,0.0,14,0,6.0,3,5,0,3,2.0,3.0,4.0,2,3,2857971600,64,7.400633569739953,26,10.01471513002364
47,0,Travel_Rarely,Research & Development,5,Medical,Female,2,Research Scientist,Divorced,8.0,14,1,28.0,3,22,14,10,3.0,2.0,3.0,3,3,799192900,361,10.694584520417854,27,9.991194207027542
40,0,Travel_Rarely,Research & Development,4,Life Sciences,Male,2,Manager,Divorced,2.0,13,1,15.0,3,7,7,7,2.0,1.0,3.0,3,3,39772324900,1,7.240177404295052,23,9.966774042950513
54,0,Travel_Rarely,Sales,4,Medical,Male,1,Research Scientist,Married,4.0,14,0,14.0,3,7,1,7,4.0,4.0,2.0,2,3,980316100,729,7.059951945616503,24,9.97983942803563
31,0,Travel_Frequently,Sales,4,Other,Female,3,Manufacturing Director,Married,2.0,18,0,9.0,2,3,2,2,1.0,1.0,3.0,3,3,651270400,64,7.49025493025493,30,10.003435545935545
28,0,Travel_Rarely,Sales,2,Life Sciences,Male,3,Manager,Married,1.0,15,0,3.0,6,3,1,2,3.0,1.0,3.0,3,3,2004352900,1,7.590064463197375,24,10.017671120487575
38,0,Travel_Rarely,Research & Development,3,Medical,Female,2,Manufacturing Director,Married,2.0,13,2,20.0,3,4,0,3,2.0,4.0,2.0,1,3,4191267600,361,9.485377585377586,30,10.00749518999519
26,0,Travel_Rarely,Sales,3,Marketing,Female,1,Healthcare Representative,Single,1.0,12,0,5.0,2,5,1,2,3.0,4.0,3.0,2,3,919908900,64,6.127782505910165,26,9.972358156028369
58,0,Travel_Frequently,Research & Development,4,Technical Degree,Female,1,Sales Representative,Married,2.0,13,1,23.0,3,2,2,2,1.0,3.0,3.0,3,3,862009600,100,9.595179738562091,23,10.014293884220356
18,0,Non-Travel,Research & Development,3,Life Sciences,Male,3,Sales Representative,Single,1.0,24,2,0.0,4,0,0,0,2.0,3.0,1.0,3,4,34618323600,4,7.612805799220272,33,10.012060185185184
31,1,Travel_Rarely,Research & Development,3,Life Sciences,Male,3,Laboratory Technician,Married,0.0,14,1,2.0,2,1,0,0,4.0,1.0,3.0,3,3,470022400,4,6.054205146705146,30,10.009468494468495
29,1,Travel_Rarely,Research & Development,2,Medical,Male,1,Manager,Divorced,4.0,14,1,4.0,5,2,2,0,1.0,1.0,3.0,2,3,813960900,64,8.719821428571429,23,10.002795284780579
36,0,Travel_Rarely,Sales,3,Technical Degree,Female,5,Laboratory Technician,Married,4.0,11,0,15.0,5,1,0,0,4.0,2.0,3.0,3,3,524410000,4,10.672969995311767,24,10.001079465541492
43,0,Travel_Frequently,Sales,3,Medical,Male,1,Research Director,Married,1.0,23,0,7.0,2,7,7,7,1.0,4.0,3.0,3,4,1296000000,64,6.983569915254237,25,10.00118290960452
27,0,Travel_Frequently,Sales,4,Life Sciences,Male,5,Research Scientist,Single,0.0,13,0,6.0,2,5,0,2,4.0,4.0,2.0,3,3,443944900,64,10.215344907407406,21,10.025827546296295
29,0,Travel_Frequently,Research & Development,2,Medical,Male,1,Human Resources,Married,1.0,11,0,11.0,1,11,3,10,4.0,4.0,4.0,3,3,1693322500,36,7.707633524082023,28,9.998947305674774
32,0,Travel_Frequently,Sales,4,Life Sciences,Male,4,Sales Executive,Single,8.0,13,0,4.0,4,0,0,0,4.0,4.0,4.0,3,3,1872292900,81,7.611351931330471,28,9.994345493562232
42,0,Non-Travel,Research & Development,3,Medical,Male,1,Manager,Married,3.0,18,0,10.0,2,6,3,3,3.0,3.0,2.0,3,3,31883673600,121,6.489173640167364,22,10.0289969781497
47,0,Travel_Rarely,Sales,2,Life Sciences,Female,5,Manager,Single,4.0,14,1,7.0,3,2,2,0,2.0,3.0,3.0,2,3,1021441600,4,6.104896723646724,27,9.995967473884141
46,0,Travel_Rarely,Human Resources,3,Life Sciences,Female,1,Laboratory Technician,Divorced,3.0,21,0,12.0,2,9,4,7,4.0,4.0,2.0,3,4,36408456100,1,7.183088842975206,19,10.004608585858586
28,0,Non-Travel,Research & Development,3,Life Sciences,Male,1,Sales Executive,Divorced,1.0,16,1,3.0,3,3,2,2,3.0,4.0,3.0,2,3,8038915600,49,7.699578460038986,33,9.987670565302144
29,0,Travel_Rarely,Research & Development,3,Medical,Female,1,Manufacturing Director,Divorced,8.0,11,1,11.0,4,7,1,6,4.0,3.0,3.0,3,3,488410000,256,8.028727524204703,20,9.99720723835869
42,0,Travel_Rarely,Sales,4,Medical,Female,2,Research Director,Single,4.0,17,1,8.0,5,0,0,0,4.0,3.0,3.0,3,3,2060252100,4,6.612405876951331,19,10.002640036730947
32,1,Travel_Rarely,Research & Development,1,Medical,Male,2,Laboratory Technician,Single,7.0,11,0,7.0,3,2,2,2,3.0,2.0,2.0,3,3,751308100,1,10.377716830754805,24,10.002150726676044
46,0,Travel_Rarely,Research & Development,1,Life Sciences,Male,2,Laboratory Technician,Divorced,2.0,14,0,25.0,0,19,2,8,1.0,1.0,3.0,3,3,1218708100,529,7.934115402956604,28,10.01810443490701
27,0,Travel_Rarely,Sales,3,Life Sciences,Female,5,Research Scientist,Married,1.0,14,2,9.0,4,9,5,8,2.0,3.0,3.0,4,3,2062068100,4,7.055443262411347,26,9.9810768321513
29,0,Travel_Rarely,Research & Development,2,Medical,Male,3,Sales Executive,Married,1.0,25,1,1.0,3,1,0,0,4.0,2.0,3.0,3,4,717168400,1,8.013264760576478,22,10.02218270571827
43,0,Travel_Rarely,Research & Development,3,Life Sciences,Male,1,Manufacturing Director,Married,7.0,13,2,21.0,3,16,6,14,1.0,3.0,3.0,2,3,5444964100,1,6.280660442600277,20,10.015646611341632
48,0,Travel_Rarely,Research & Development,3,Life Sciences,Female,2,Manager,Married,4.0,14,0,29.0,3,22,12,9,4.0,2.0,3.0,2,3,3933798400,4,6.11030064014632,18,10.006839277549155
29,1,Travel_Frequently,Research & Development,2,Life Sciences,Female,1,Laboratory Technician,Single,1.0,17,0,1.0,3,1,1,0,4.0,4.0,2.0,2,3,2724840000,169,8.59643217893218,30,9.957665945165944
46,1,Travel_Rarely,Research & Development,4,Medical,Female,2,Sales Representative,Married,5.0,25,1,14.0,1,8,0,7,3.0,2.0,3.0,4,4,752404900,16,7.898959490740741,21,9.976476851851851
27,0,Travel_Frequently,Research & Development,4,Medical,Male,3,Healthcare Representative,Married,0.0,20,2,8.0,3,7,7,3,4.0,1.0,2.0,3,4,2498000400,256,7.688701741996234,25,10.01149011299435
39,0,Travel_Rarely,Research & Development,3,Technical Degree,Male,3,Healthcare Representative,Divorced,8.0,13,1,7.0,3,2,2,2,4.0,4.0,3.0,3,3,10510350400,4,6.493613445378151,23,9.984910130718955
55,0,Travel_Rarely,Research & Development,3,Life Sciences,Female,1,Human Resources,Married,8.0,13,1,19.0,2,5,0,4,2.0,4.0,4.0,3,3,773396100,4,6.17837367450438,20,9.980091055786076
28,0,Travel_Rarely,Research & Development,2,Life Sciences,Male,2,Laboratory Technician,Married,1.0,18,1,1.0,2,1,0,0,2.0,2.0,3.0,4,3,4694990400,841,6.950778985507246,31,9.984601449275361
30,1,Travel_Rarely,Sales,4,Life Sciences,Female,2,Sales Executive,Single,1.0,12,2,1.0,3,1,0,0,2.0,4.0,2.0,3,3,2450250000,144,7.718414893617021,26,10.010908983451536
22,1,Travel_Rarely,Research & Development,2,Life Sciences,Female,2,Laboratory Technician,Single,1.0,19,3,1.0,3,1,0,0,4.0,2.0,3.0,3,3,1280924100,256,10.512892924976258,27,9.958055555555555
36,0,Travel_Rarely,Research & Development,3,Life Sciences,Male,1,Sales Executive,Married,1.0,14,1,10.0,2,10,1,7,2.0,3.0,3.0,2,3,17400248100,121,9.49042972459639,27,9.990419040835707
31,0,Travel_Rarely,Research & Development,4,Life Sciences,Female,5,Manager,Divorced,1.0,14,0,10.0,2,10,0,2,2.0,3.0,3.0,3,3,10768212900,4,7.527197962154293,32,9.995591945657448
34,0,Travel_Rarely,Sales,2,Technical Degree,Female,1,Sales Executive,Married,2.0,14,1,9.0,2,5,1,0,3.0,4.0,3.0,3,3,499522500,196,8.067217553688142,23,9.997998366013071
29,0,Travel_Rarely,Research & Development,5,Life Sciences,Female,1,Sales Executive,Single,3.0,12,0,11.0,4,3,1,2,4.0,1.0,3.0,2,3,11029200400,25,7.119061065197428,19,9.979615472910927
37,0,Travel_Rarely,Research & Development,2,Medical,Male,1,Manufacturing Director,Married,5.0,13,0,16.0,4,5,0,4,4.0,1.0,3.0,4,3,404412100,49,8.72363482384824,15,9.992273035230353
35,0,Travel_Rarely,Sales,1,Technical Degree,Male,2,Laboratory Technician,Married,0.0,25,1,4.0,2,3,0,2,4.0,2.0,3.0,2,4,345588100,4,10.506960580912862,20,10.017445827570308
45,0,Travel_Rarely,Research & Development,3,Medical,Female,2,Sales Executive,Married,0.0,14,1,10.0,2,9,3,8,2.0,4.0,2.0,2,3,1413760000,9,7.110689927732611,15,10.015529584462511
36,0,Travel_Frequently,Research & Development,3,Medical,Female,4,Manufacturing Director,Single,1.0,17,1,10.0,5,10,0,8,2.0,4.0,2.0,1,3,31609284100,25,6.48973898467433,29,9.97618414750958
26,0,Travel_Rarely,Research & Development,2,Life Sciences,Male,2,Human Resources,Married,1.0,13,0,1.0,2,1,1,0,2.0,3.0,2.0,2,3,4640334400,676,9.305777074542897,24,9.991687763713081
27,0,Travel_Rarely,Research & Development,3,Technical Degree,Male,2,Manufacturing Director,Single,0.0,20,1,9.0,1,8,0,7,1.0,3.0,2.0,2,4,2673924100,16,7.554721050164088,24,9.98901898734177
48,0,Travel_Frequently,Research & Development,3,Life Sciences,Male,2,Research Director,Divorced,3.0,14,0,24.0,2,22,4,7,4.0,4.0,3.0,4,3,38966760000,4,7.195166427203065,29,10.048051963601532
44,0,Travel_Rarely,Sales,2,Medical,Male,4,Manager,Married,2.0,12,1,10.0,0,2,2,2,2.0,1.0,3.0,3,3,35010152100,1,7.083899482109228,25,9.957277542372882
34,1,Non-Travel,Research & Development,2,Life Sciences,Female,1,Sales Representative,Married,1.0,12,1,5.0,5,5,3,0,4.0,1.0,3.0,3,3,1363086400,729,10.200662851692893,28,9.983934191702433
56,1,Travel_Rarely,Human Resources,2,Medical,Female,5,Sales Executive,Single,1.0,21,0,5.0,3,4,1,0,1.0,4.0,3.0,3,4,654848100,1,6.8937583812260534,29,9.99318127394636
36,0,Travel_Rarely,Research & Development,3,Technical Degree,Female,3,Healthcare Representative,Married,2.0,14,0,12.0,3,4,1,3,3.0,2.0,1.0,3,3,633528900,169,7.322567722681359,19,10.015278925619835
41,0,Travel_Rarely,Research & Development,3,Life Sciences,Female,1,Sales Executive,Married,5.0,18,0,14.0,3,5,1,4,3.0,2.0,3.0,3,3,4386412900,25,6.4082341269841265,23,9.99340452847806
42,0,Travel_Rarely,Research & Development,3,Technical Degree,Female,2,Sales Executive,Married,9.0,12,1,18.0,4,13,5,7,3.0,1.0,4.0,3,3,33361022500,49,7.421599576271186,25,9.974440913370998
31,0,Travel_Rarely,Sales,4,Life Sciences,Female,1,Sales Executive,Divorced,2.0,23,1,8.0,2,5,1,4,3.0,4.0,3.0,2,4,25998337600,81,8.306982212475635,33,9.98671783625731
34,0,Travel_Rarely,Research & Development,1,Life Sciences,Female,3,Laboratory Technician,Married,3.0,12,0,9.0,5,4,0,1,4.0,4.0,2.0,3,3,668222500,64,9.197162131519274,16,9.994719954648525
31,0,Travel_Rarely,Sales,2,Life Sciences,Female,3,Manufacturing Director,Divorced,8.0,21,2,4.0,3,2,2,2,1.0,3.0,2.0,4,4,33171336900,625,6.829941331417625,29,9.978429118773947
26,0,Travel_Frequently,Sales,2,Life Sciences,Male,2,Healthcare Representative,Married,0.0,14,0,8.0,3,7,7,7,3.0,4.0,3.0,4,3,7022440000,256,6.103722687122269,22,10.010496280799629
45,0,Travel_Frequently,Research & Development,4,Life Sciences,Female,2,Manager,Single,4.0,18,1,12.0,2,4,0,3,2.0,3.0,3.0,3,3,896403600,64,7.825787439613527,31,10.016771739130434
33,0,Travel_Rarely,Sales,3,Life Sciences,Female,5,Sales Executive,Single,1.0,13,1,10.0,3,10,0,9,2.0,3.0,2.0,3,3,149572900,1,6.405410575048733,33,9.986580165692008
28,0,Travel_Frequently,Sales,3,Life Sciences,Male,4,Research Scientist,Married,1.0,11,0,7.0,3,7,0,7,3.0,4.0,3.0,3,3,124992400,64,10.561230803974706,15,10.027306910569106
29,1,Travel_Frequently,Human Resources,4,Human Resources,Male,2,Sales Executive,Single,1.0,11,0,1.0,3,1,0,0,3.0,1.0,3.0,3,3,826562500,4,6.7969338512241055,25,10.00518361581921
39,0,Non-Travel,Research & Development,5,Medical,Female,2,Sales Representative,Married,6.0,19,1,10.0,4,3,1,2,1.0,3.0,3.0,3,3,35434297600,64,6.295510603964961,20,10.002067773167358
27,0,Travel_Rarely,Sales,2,Technical Degree,Male,2,Healthcare Representative,Married,1.0,12,1,6.0,2,5,1,2,2.0,2.0,2.0,3,3,18433492900,9,7.257912494039104,28,9.999147591797806
34,0,Travel_Frequently,Research & Development,4,Life Sciences,Female,2,Manufacturing Director,Married,1.0,12,3,16.0,4,15,6,11,3.0,4.0,3.0,3,3,689062500,81,8.8632949790795,22,9.995069735006973
28,1,Travel_Rarely,Research & Development,3,Technical Degree,Male,1,Research Director,Single,3.0,16,1,6.0,4,2,2,2,4.0,3.0,3.0,3,3,35302652100,625,9.371956521739131,31,10.026937198067632
47,0,Non-Travel,Research & Development,4,Medical,Male,1,Research Scientist,Married,8.0,11,0,16.0,3,8,1,7,3.0,2.0,4.0,3,3,2059344400,1,5.99063475177305,26,10.020352245862885
56,0,Travel_Rarely,Research & Development,3,Technical Degree,Female,2,Sales Executive,Married,4.0,14,0,6.0,6,0,0,0,4.0,1.0,3.0,3,3,39390340900,16,7.89697337962963,21,10.013083333333332
39,0,Travel_Rarely,Research & Development,3,Other,Female,1,Laboratory Technician,Married,1.0,12,1,10.0,2,10,7,9,1.0,1.0,3.0,3,3,11050214400,1,7.016283068783069,30,10.017710437710438
38,0,Travel_Frequently,Research & Development,2,Medical,Female,1,Manager,Divorced,1.0,13,0,20.0,2,20,0,7,4.0,2.0,3.0,3,3,1974913600,16,10.78147737455197,13,9.972943548387097
58,0,Travel_Rarely,Sales,3,Marketing,Male,5,Sales Representative,Married,4.0,21,1,29.0,3,1,0,0,4.0,4.0,2.0,3,4,463971600,25,9.923890036730945,19,9.989279155188248
32,1,Travel_Frequently,Research & Development,3,Life Sciences,Male,2,Laboratory Technician,Single,3.0,17,1,8.0,2,4,0,3,1.0,3.0,3.0,3,3,36825610000,81,10.213899527186761,26,9.986450354609929
38,0,Travel_Rarely,Research & Development,4,Life Sciences,Female,1,Sales Representative,Divorced,2.0,21,1,10.0,1,5,0,3,2.0,4.0,4.0,3,4,2016010000,9,7.610720164609053,18,9.958939186099679
49,0,Travel_Frequently,Sales,4,Life Sciences,Male,2,Research Scientist,Married,3.0,11,1,28.0,4,5,4,3,2.0,4.0,3.0,2,3,1229203600,121,6.307485250737463,35,9.969984021632254
42,0,Travel_Rarely,Sales,3,Life Sciences,Female,1,Sales Executive,Divorced,3.0,12,1,14.0,3,0,0,0,2.0,4.0,3.0,3,3,562638400,1,8.69317375886525,26,10.024243498817967
27,1,Travel_Frequently,Sales,1,Life Sciences,Male,4,Laboratory Technician,Married,1.0,13,1,1.0,2,1,0,0,1.0,2.0,3.0,3,3,10467336100,64,6.498731032794909,34,10.00359765051395
35,0,Travel_Rarely,Research & Development,1,Medical,Male,1,Sales Executive,Married,0.0,18,0,6.0,4,5,0,4,2.0,1.0,1.0,3,3,2926810000,625,6.553021990740741,21,9.979050925925927
28,0,Non-Travel,Research & Development,1,Medical,Male,3,Research Scientist,Single,1.0,16,2,5.0,2,5,1,4,3.0,3.0,2.0,3,3,6364848400,441,6.708564213564213,30,9.98284632034632
31,0,Non-Travel,Sales,1,Medical,Male,1,Sales Executive,Divorced,1.0,11,1,4.0,4,4,2,3,3.0,1.0,4.0,4,3,1495368900,529,9.772402659069325,27,9.98159425451092
36,0,Non-Travel,Research & Development,3,Life Sciences,Male,2,Research Scientist,Married,1.0,19,2,5.0,5,5,0,2,1.0,2.0,3.0,1,3,805424400,1,7.112342117758784,27,9.992680436847102
34,0,Travel_Rarely,Sales,3,Marketing,Male,4,Healthcare Representative,Single,1.0,16,1,14.0,2,14,2,1,1.0,4.0,2.0,3,3,2204302500,4,5.9938015526443476,32,10.000913391557496
34,0,Travel_Rarely,Research & Development,3,Technical Degree,Female,1,Research Director,Divorced,1.0,16,0,9.0,2,8,1,1,4.0,3.0,2.0,2,3,1114892100,361,6.793736225895318,19,9.992448347107437
26,0,Travel_Rarely,Research & Development,2,Life Sciences,Male,2,Research Scientist,Single,0.0,13,0,8.0,6,7,7,6,3.0,1.0,2.0,4,3,432640000,4,6.788305439330544,22,9.984860529986054
29,0,Travel_Rarely,Research & Development,4,Other,Male,2,Laboratory Technician,Married,0.0,22,0,6.0,2,5,0,2,1.0,1.0,2.0,4,4,439321600,4,7.710127504553734,17,10.003024817850637
32,0,Non-Travel,Research & Development,1,Life Sciences,Male,3,Manager,Divorced,5.0,17,1,9.0,5,5,1,2,3.0,4.0,3.0,4,3,3855168100,9,6.603065843621399,18,10.00958276177412
31,0,Travel_Frequently,Research & Development,5,Technical Degree,Female,2,Human Resources,Married,1.0,14,1,10.0,2,10,8,7,4.0,1.0,3.0,3,3,32619972100,625,6.93400070621469,25,10.021511299435028
28,1,Travel_Rarely,Sales,5,Life Sciences,Female,2,Sales Representative,Divorced,5.0,15,1,6.0,2,4,0,3,3.0,4.0,2.0,2,3,29319712900,49,6.290863054412437,18,10.008911751257429
38,0,Travel_Rarely,Research & Development,2,Technical Degree,Male,3,Sales Representative,Single,4.0,12,0,20.0,3,1,0,0,1.0,1.0,2.0,2,3,562638400,81,7.242158931082981,24,9.997553914674167
35,0,Travel_Rarely,Research & Development,3,Life Sciences,Male,2,Sales Representative,Married,1.0,18,1,10.0,1,10,0,9,3.0,4.0,3.0,1,3,2384368900,25,8.811529597282874,32,9.99577996118389
27,0,Travel_Rarely,Sales,3,Life Sciences,Female,1,Manager,Single,1.0,15,0,7.0,2,7,0,7,4.0,4.0,3.0,3,3,1524121600,4,7.889389357712142,24,9.98392639474918
32,0,Travel_Rarely,Research & Development,1,Medical,Female,2,Research Scientist,Single,8.0,17,1,8.0,2,1,0,0,4.0,4.0,3.0,2,3,2140912900,64,7.321815352697095,20,10.018544260027662
31,1,Travel_Frequently,Research & Development,1,Other,Male,3,Sales Executive,Married,1.0,14,1,10.0,2,10,0,8,1.0,4.0,3.0,3,3,5032483600,4,10.317862787356322,29,10.005304118773948
53,1,Travel_Rarely,Research & Development,3,Medical,Male,1,Research Scientist,Single,6.0,15,1,15.0,4,2,2,2,1.0,1.0,2.0,3,3,1171692900,324,10.808652777777779,21,10.01434490740741
54,0,Travel_Rarely,Research & Development,3,Other,Male,3,Research Scientist,Married,3.0,17,1,9.0,2,4,2,3,1.0,3.0,2.0,3,3,4454227600,196,7.858071256038647,31,10.017797101449275
33,0,Travel_Frequently,Research & Development,4,Medical,Female,4,Sales Executive,Divorced,1.0,14,3,9.0,2,9,2,8,4.0,3.0,3.0,3,3,28493440000,4,7.887598308184729,18,9.9997930955647
43,0,Travel_Rarely,Research & Development,3,Medical,Male,1,Research Scientist,Married,1.0,12,1,10.0,0,10,0,9,1.0,3.0,3.0,3,3,8270083600,9,7.5202123507805325,19,10.03417355371901
38,0,Travel_Frequently,Research & Development,5,Medical,Female,4,Sales Executive,Married,0.0,14,0,7.0,3,6,1,2,4.0,2.0,3.0,2,3,7133491600,4,8.003354519774012,25,10.019286723163841
55,0,Travel_Rarely,Sales,3,Marketing,Male,2,Laboratory Technician,Married,4.0,15,1,35.0,3,10,1,4,3.0,2.0,3.0,2,3,14199105600,81,8.175601469237833,19,10.029466253443525
31,0,Travel_Rarely,Sales,3,Other,Male,1,Manufacturing Director,Divorced,1.0,13,0,1.0,2,1,0,0,4.0,4.0,3.0,3,3,2055715600,36,10.813751177024482,25,10.010178907721281
39,0,Travel_Rarely,Research & Development,3,Life Sciences,Male,2,Sales Executive,Single,0.0,12,1,21.0,5,20,11,10,2.0,1.0,3.0,2,3,9706190400,16,6.089302083333333,21,9.979149305555556
42,0,Non-Travel,Research & Development,4,Life Sciences,Female,2,Research Scientist,Single,1.0,13,1,20.0,3,20,3,7,4.0,3.0,3.0,3,3,3783480100,100,6.598213768115942,31,9.998805555555554
31,0,Non-Travel,Research & Development,2,Life Sciences,Male,2,Healthcare Representative,Married,4.0,14,0,13.0,3,11,4,8,3.0,3.0,4.0,3,3,529920400,196,6.097765957446808,26,10.00955791962175
54,0,Travel_Rarely,Research & Development,3,Medical,Female,2,Human Resources,Single,6.0,13,1,9.0,2,5,1,4,3.0,1.0,3.0,4,3,557904400,1,10.500978997289973,15,10.027591463414634
24,0,Travel_Rarely,Research & Development,4,Other,Male,1,Manufacturing Director,Single,1.0,11,2,4.0,5,4,1,2,2.0,3.0,2.0,1,3,31901532100,25,6.8744063421828905,35,10.016376597836775
23,0,Travel_Rarely,Research & Development,3,Life Sciences,Male,2,Research Scientist,Single,1.0,11,1,5.0,2,5,1,4,4.0,4.0,4.0,3,3,36814096900,49,7.025246527777778,21,9.993103009259258
40,0,Travel_Frequently,Research & Development,3,Medical,Female,3,Research Scientist,Married,1.0,21,0,10.0,1,10,9,4,4.0,3.0,4.0,2,4,38876008900,441,7.799973599632691,19,10.01905303030303
40,0,Travel_Rarely,Research & Development,1,Medical,Female,5,Research Scientist,Married,3.0,18,3,15.0,3,11,5,10,2.0,2.0,3.0,2,3,1255993600,64,6.187881218038122,22,9.98335309158531
25,0,Travel_Rarely,Sales,5,Medical,Female,2,Laboratory Technician,Married,4.0,12,0,6.0,2,2,1,2,3.0,2.0,3.0,3,3,7225000000,400,6.211339243498818,26,10.006312056737588
30,0,Travel_Rarely,Human Resources,4,Life Sciences,Male,2,Research Scientist,Married,1.0,11,0,12.0,3,12,1,7,4.0,2.0,2.0,2,3,2172492100,400,6.117868794326242,26,9.949313238770685
25,0,Travel_Rarely,Research & Development,2,Medical,Male,5,Sales Executive,Divorced,6.0,15,1,7.0,2,2,0,2,4.0,3.0,2.0,3,3,1683460900,49,10.196005910165484,26,10.019159574468086
47,0,Travel_Rarely,Research & Development,4,Life Sciences,Male,2,Sales Executive,Single,2.0,13,1,25.0,2,17,12,11,1.0,3.0,3.0,2,3,1805400100,1,7.794042824074074,21,9.979219907407407
33,0,Non-Travel,Research & Development,3,Life Sciences,Male,2,Research Scientist,Divorced,1.0,12,0,1.0,4,1,0,0,2.0,3.0,2.0,3,3,19672867600,1,6.203211805555555,21,9.995644675925925
38,0,Travel_Rarely,Research & Development,3,Life Sciences,Female,2,Sales Executive,Married,0.0,17,0,16.0,3,15,5,8,4.0,2.0,3.0,3,3,4751344900,361,7.91453514739229,16,9.993073696145125
31,0,Travel_Rarely,Research & Development,4,Medical,Female,3,Sales Executive,Married,0.0,13,1,3.0,3,2,1,2,1.0,3.0,3.0,3,3,3751562500,100,7.226888888888889,26,10.038174940898344
38,0,Travel_Frequently,Research & Development,4,Other,Male,2,Research Scientist,Married,2.0,19,0,10.0,2,8,7,7,1.0,3.0,3.0,3,3,1346156100,1,6.494887706855792,26,9.993867612293144
42,0,Travel_Rarely,Research & Development,3,Medical,Male,2,Laboratory Technician,Divorced,6.0,19,1,9.0,3,4,1,2,4.0,1.0,2.0,1,3,10016006400,36,9.803851165980797,18,9.997399405578417
41,0,Travel_Rarely,Sales,2,Medical,Male,1,Healthcare Representative,Married,3.0,17,1,12.0,1,5,1,0,4.0,4.0,3.0,1,3,569776900,4,7.67073629306162,32,9.97695657447841
47,0,Non-Travel,Research & Development,2,Medical,Male,1,Sales Executive,Married,0.0,11,1,14.0,2,13,5,12,3.0,2.0,1.0,2,3,2152032100,441,7.2248530762167125,19,10.014484618916438
35,0,Travel_Rarely,Research & Development,3,Life Sciences,Male,2,Healthcare Representative,Married,7.0,15,0,5.0,2,2,2,2,4.0,3.0,3.0,2,3,6237840400,16,10.381681839402427,23,10.01748599439776
22,0,Travel_Rarely,Human Resources,1,Human Resources,Male,2,Sales Executive,Single,0.0,11,0,4.0,1,3,1,2,4.0,3.0,4.0,3,3,642115600,144,6.414363173216885,32,9.949836244541485
35,0,Travel_Rarely,Research & Development,3,Medical,Female,2,Sales Executive,Single,1.0,25,2,10.0,4,10,0,8,2.0,3.0,3.0,3,4,17271216400,81,7.986352859135287,22,9.983720362622035
33,0,Travel_Rarely,Sales,4,Medical,Male,3,Healthcare Representative,Married,0.0,14,0,10.0,2,9,8,1,2.0,4.0,3.0,2,3,259532100,9,9.07009825327511,32,9.9996288209607
32,0,Travel_Rarely,Research & Development,2,Technical Degree,Male,3,Manufacturing Director,Single,1.0,13,0,6.0,4,6,4,1,3.0,2.0,3.0,3,3,2876176900,9,6.992426006792819,32,10.005327510917029
40,0,Travel_Rarely,Research & Development,4,Medical,Male,2,Research Director,Married,8.0,17,1,8.0,3,1,0,0,1.0,4.0,2.0,2,3,2571504100,1,6.217579033007903,22,10.006362157136214
32,0,Travel_Rarely,Research & Development,2,Medical,Male,3,Sales Executive,Married,0.0,13,0,3.0,3,2,2,2,2.0,2.0,3.0,3,3,18755302500,1,6.02121158392435,26,9.995124113475178
39,0,Travel_Rarely,Research & Development,4,Life Sciences,Male,1,Sales Executive,Single,7.0,14,1,18.0,1,7,1,7,1.0,4.0,3.0,3,3,17961360400,16,8.004868173258004,25,9.983310969868175
38,0,Travel_Rarely,Sales,4,Medical,Female,2,Research Director,Married,3.0,11,1,20.0,3,18,1,11,2.0,3.0,3.0,2,3,411684100,400,8.04372015610652,19,9.99780991735537
32,0,Travel_Rarely,Research & Development,3,Life Sciences,Male,2,Manager,Married,1.0,12,2,14.0,3,14,5,7,3.0,4.0,3.0,3,3,4066612900,324,7.899861111111111,23,9.997937675070029
37,0,Travel_Rarely,Research & Development,3,Life Sciences,Female,4,Sales Executive,Married,1.0,17,1,16.0,3,16,6,8,3.0,4.0,3.0,3,3,2947404100,1,9.395383881735814,28,10.017407010014306
25,0,Travel_Rarely,Research & Development,4,Medical,Female,2,Manufacturing Director,Divorced,0.0,21,0,6.0,2,5,0,4,1.0,3.0,2.0,3,4,775622500,4,7.97267217630854,19,10.00387741046832
44,0,Travel_Rarely,Research & Development,1,Life Sciences,Female,1,Sales Representative,Single,6.0,15,0,6.0,2,4,1,2,2.0,4.0,3.0,3,3,681210000,64,10.79869467984934,25,9.95959274952919
21,0,Travel_Rarely,Sales,5,Medical,Male,3,Research Scientist,Single,1.0,19,3,2.0,0,2,1,2,3.0,1.0,3.0,3,3,4471596900,100,8.192936676082862,25,10.026022834274952
39,0,Non-Travel,Research & Development,4,Life Sciences,Female,2,Research Director,Single,2.0,12,1,21.0,4,6,1,3,4.0,4.0,2.0,4,3,2231617600,9,6.270208042770804,22,10.000819386331939
23,1,Travel_Frequently,Research & Development,4,Life Sciences,Female,2,Manufacturing Director,Married,1.0,11,0,1.0,3,1,1,0,4.0,1.0,2.0,3,3,3818004100,4,7.99859977324263,16,9.981196145124716
36,0,Travel_Rarely,Research & Development,3,Life Sciences,Female,2,Laboratory Technician,Married,0.0,19,0,10.0,2,9,3,4,1.0,4.0,3.0,3,3,3745440000,576,7.8377682811016145,27,10.013347578347577
36,0,Travel_Frequently,Research & Development,1,Medical,Male,2,Sales Executive,Divorced,7.0,15,0,18.0,3,4,0,2,4.0,2.0,3.0,2,3,11227521600,256,7.801609510745314,18,10.016026520347507
56,0,Non-Travel,Research & Development,1,Life Sciences,Male,1,Sales Executive,Divorced,1.0,20,0,13.0,6,13,1,9,3.0,3.0,2.0,2,4,2988808900,64,6.571621168582376,29,9.995915948275861
29,1,Travel_Rarely,Research & Development,4,Medical,Male,2,Sales Representative,Married,9.0,25,0,4.0,4,2,2,2,1.0,4.0,4.0,3,4,897601600,81,10.940326135852452,14,10.002050157444895
42,0,Travel_Rarely,Research & Development,1,Life Sciences,Male,3,Research Scientist,Married,5.0,24,2,24.0,3,22,4,14,1.0,3.0,2.0,2,4,9996000400,289,7.3613338021565875,24,9.990131270511016
56,1,Travel_Rarely,Sales,4,Other,Male,2,Sales Executive,Married,8.0,24,1,14.0,3,10,9,8,4.0,3.0,1.0,3,4,1663008400,100,6.8020810185185185,21,9.994521990740742
41,0,Travel_Rarely,Research & Development,4,Life Sciences,Female,1,Healthcare Representative,Married,0.0,15,1,21.0,3,20,0,10,1.0,2.0,3.0,4,3,11924640000,169,7.7766064814814815,21,10.011864583333335
34,0,Travel_Rarely,Sales,3,Medical,Female,1,Laboratory Technician,Married,1.0,13,1,8.0,3,8,1,7,4.0,3.0,3.0,3,3,3883782400,1,7.387210837887067,17,10.036152094717668
36,0,Non-Travel,Sales,1,Medical,Female,1,Human Resources,Divorced,1.0,14,0,15.0,3,15,11,11,4.0,4.0,2.0,3,3,17548300900,1,7.725861823361823,27,10.010834520417854
41,0,Travel_Rarely,Research & Development,5,Medical,Male,1,Healthcare Representative,Divorced,2.0,13,0,14.0,3,5,0,4,3.0,2.0,3.0,3,3,1665456100,1,7.090624999999999,33,10.01922149122807
32,0,Travel_Rarely,Sales,4,Life Sciences,Female,2,Research Scientist,Single,1.0,11,0,4.0,3,4,1,2,4.0,1.0,3.0,3,3,3328136100,81,6.66114406779661,25,9.996480696798493
35,0,Travel_Rarely,Research & Development,3,Medical,Female,2,Healthcare Representative,Single,1.0,16,1,9.0,3,9,1,7,3.0,4.0,3.0,3,3,573123600,256,10.475925541724298,20,10.00500806823421
38,0,Travel_Rarely,Research & Development,3,Medical,Male,3,Sales Representative,Married,1.0,22,0,10.0,3,10,1,9,1.0,4.0,3.0,2,4,1524121600,529,6.927081560283688,26,10.037243498817967
50,1,Travel_Frequently,Sales,2,Life Sciences,Female,2,Laboratory Technician,Divorced,7.0,14,1,12.0,2,6,0,1,2.0,3.0,3.0,2,3,28220640100,16,7.187586445366528,20,10.013488934993084
36,0,Travel_Rarely,Research & Development,4,Life Sciences,Male,1,Healthcare Representative,Married,4.0,14,0,8.0,1,6,0,0,2.0,4.0,2.0,2,3,870250000,484,6.304837369420703,27,10.002126068376068
45,0,Travel_Rarely,Sales,3,Life Sciences,Male,1,Laboratory Technician,Single,8.0,16,1,8.0,2,5,0,1,4.0,3.0,3.0,4,3,1316964100,576,6.104605200945627,26,10.014869976359337
40,0,Travel_Rarely,Sales,4,Life Sciences,Male,1,Research Scientist,Single,2.0,11,1,8.0,6,2,2,2,3.0,3.0,3.0,3,3,8764704400,100,6.195991379310345,29,10.007065373563218
35,0,Travel_Frequently,Sales,2,Life Sciences,Male,2,Manufacturing Director,Married,1.0,25,0,10.0,2,10,0,2,3.0,3.0,4.0,2,4,1042644100,49,8.405673436041084,23,9.995781979458451
40,0,Travel_Rarely,Research & Development,4,Life Sciences,Male,1,Manager,Married,2.0,14,1,20.0,2,5,0,2,3.0,3.0,3.0,3,3,1280208400,289,7.508661616161616,30,10.055946368446369
35,0,Travel_Rarely,Human Resources,1,Life Sciences,Male,2,Research Scientist,Married,1.0,18,0,4.0,3,4,1,1,3.0,4.0,3.0,3,3,6380814400,196,6.858034934497817,32,10.00265890344493
29,0,Travel_Rarely,Research & Development,3,Medical,Male,3,Sales Executive,Married,4.0,11,0,10.0,5,4,0,3,4.0,2.0,3.0,2,3,1835265600,1,9.82063457854406,29,9.996350574712643
29,0,Travel_Rarely,Research & Development,3,Medical,Male,2,Sales Representative,Single,1.0,19,0,5.0,3,5,0,4,4.0,1.0,1.0,3,3,5704780900,25,6.062686403508772,33,10.002123538011697
50,1,Travel_Rarely,Research & Development,3,Medical,Male,1,Research Scientist,Divorced,4.0,15,2,20.0,1,3,2,0,4.0,1.0,3.0,3,3,30025958400,289,9.61787459658829,20,10.055743430152145
39,0,Travel_Rarely,Sales,3,Medical,Male,2,Sales Executive,Married,0.0,11,0,21.0,3,20,9,6,2.0,4.0,2.0,4,3,38812940100,625,7.5375743026977595,18,10.003640832190214
31,0,Non-Travel,Research & Development,4,Life Sciences,Female,4,Sales Executive,Single,0.0,12,0,10.0,3,9,1,7,2.0,1.0,3.0,3,3,21703182400,64,7.313956056466302,17,9.993931010928963
26,0,Travel_Rarely,Research & Development,4,Medical,Male,2,Manager,Single,0.0,20,0,5.0,3,4,0,0,4.0,3.0,3.0,3,4,8608128400,121,7.488528985507246,31,10.038211352657004
36,0,Travel_Frequently,Research & Development,1,Technical Degree,Male,1,Sales Executive,Married,4.0,12,0,17.0,2,5,0,3,3.0,4.0,3.0,3,3,184688100,25,7.731271990740741,21,9.959503472222222
39,0,Travel_Rarely,Research & Development,1,Medical,Female,1,Research Scientist,Married,4.0,14,2,9.0,3,7,1,7,4.0,1.0,3.0,3,3,2283884100,4,5.986141044061302,29,9.987278496168583
27,0,Travel_Rarely,Research & Development,2,Medical,Male,1,Laboratory Technician,Married,1.0,20,1,6.0,3,6,0,3,2.0,2.0,3.0,3,4,26968208400,64,9.328113275613275,30,9.999974747474747
49,0,Travel_Frequently,Research & Development,1,Medical,Male,3,Healthcare Representative,Married,2.0,18,1,17.0,2,9,0,8,4.0,2.0,2.0,2,3,897601600,36,6.417208333333334,21,9.989494212962963
34,0,Travel_Rarely,Sales,3,Medical,Female,1,Sales Executive,Married,2.0,14,1,6.0,6,4,1,2,2.0,3.0,4.0,3,3,159012100,16,6.4703896263520155,35,10.005007374631269
41,1,Travel_Rarely,Research & Development,2,Life Sciences,Female,1,Research Scientist,Single,8.0,12,1,8.0,2,6,0,5,2.0,4.0,1.0,3,3,440580100,49,8.586371082621083,27,10.002083333333333
49,0,Travel_Frequently,Sales,4,Life Sciences,Female,2,Manufacturing Director,Married,1.0,21,1,10.0,2,10,1,7,3.0,2.0,3.0,3,4,3375610000,1,6.697658066015806,22,9.995321943282194
37,1,Travel_Rarely,Research & Development,3,Life Sciences,Male,1,Sales Executive,Single,6.0,19,0,7.0,2,0,0,0,4.0,3.0,3.0,3,3,3188860900,4,8.490649320206284,24,10.00394397562119
33,0,Travel_Frequently,Research & Development,2,Medical,Male,2,Research Scientist,Married,1.0,14,0,8.0,3,8,3,0,4.0,3.0,3.0,3,3,1169640000,100,9.49848816029144,17,10.028876366120219
27,0,Travel_Rarely,Sales,4,Medical,Female,4,Manufacturing Director,Married,9.0,17,1,6.0,3,2,2,2,1.0,2.0,3.0,2,3,1936000000,25,6.415852741387676,32,10.020832120329938
32,0,Travel_Frequently,Research & Development,2,Medical,Female,2,Research Scientist,Single,0.0,16,1,8.0,2,7,3,6,4.0,4.0,2.0,2,3,1225000000,81,7.343237667127708,20,9.987534578146612
59,0,Travel_Rarely,Sales,2,Marketing,Female,5,Sales Representative,Married,4.0,12,1,12.0,3,1,0,0,3.0,1.0,2.0,3,3,426835600,4,10.021274231678488,26,10.017185579196218
30,0,Travel_Rarely,Research & Development,4,Medical,Male,2,Laboratory Technician,Divorced,1.0,17,2,1.0,2,1,0,0,4.0,3.0,3.0,3,3,29477456100,121,6.38853481163567,28,10.014359799713876
38,0,Travel_Frequently,Sales,4,Life Sciences,Male,2,Healthcare Representative,Single,0.0,15,1,10.0,1,9,1,8,4.0,3.0,3.0,3,3,1732224400,324,7.987472222222223,31,9.984806763285025
36,0,Travel_Rarely,Research & Development,3,Life Sciences,Male,1,Sales Executive,Married,6.0,23,1,17.0,2,7,7,7,3.0,3.0,2.0,3,4,8471361600,49,7.807432336182337,27,9.993613485280152
35,0,Travel_Rarely,Human Resources,4,Human Resources,Male,2,Manager,Married,0.0,11,0,6.0,2,5,0,3,1.0,2.0,3.0,3,3,1085043600,9,7.5059746168582375,29,10.008575191570882
29,0,Travel_Rarely,Sales,4,Life Sciences,Male,2,Laboratory Technician,Single,0.0,11,1,10.0,3,9,0,8,4.0,3.0,3.0,2,3,452412900,841,10.701363127240143,13,10.00236335125448
31,0,Travel_Rarely,Research & Development,2,Medical,Male,2,Laboratory Technician,Divorced,1.0,15,1,5.0,3,5,4,3,1.0,3.0,2.0,3,3,1580062500,4,6.289178436911488,25,10.00430790960452
34,0,Travel_Rarely,Research & Development,3,Technical Degree,Male,1,Laboratory Technician,Divorced,0.0,11,3,3.0,1,2,1,2,2.0,4.0,3.0,2,3,11648884900,784,7.597329244829244,30,9.978073593073592
28,1,Travel_Rarely,Research & Development,4,Life Sciences,Male,5,Research Director,Single,5.0,13,0,6.0,2,4,0,3,3.0,3.0,3.0,3,3,10192921600,1,10.496136584182436,32,9.984486899563318
29,0,Travel_Rarely,Research & Development,2,Life Sciences,Female,4,Laboratory Technician,Divorced,1.0,14,0,10.0,3,10,8,8,2.0,1.0,3.0,4,3,1329331600,256,8.015278964862299,27,10.00931623931624
32,0,Travel_Rarely,Human Resources,3,Human Resources,Female,2,Research Director,Divorced,0.0,19,0,7.0,3,6,0,5,1.0,2.0,2.0,3,3,5544291600,484,10.699560669456067,22,10.024629242212924
22,0,Non-Travel,Research & Development,3,Life Sciences,Female,3,Sales Executive,Divorced,1.0,16,1,1.0,2,1,0,0,4.0,4.0,2.0,4,3,11774420100,64,9.981459836459836,30,9.996299903799903
53,0,Travel_Rarely,Research & Development,3,Medical,Male,2,Manager,Married,2.0,13,0,31.0,3,25,3,7,1.0,4.0,3.0,3,3,444788100,121,8.030597928436912,25,10.050060028248588
38,0,Travel_Rarely,Research & Development,3,Life Sciences,Female,1,Manufacturing Director,Single,5.0,14,0,6.0,0,3,1,2,4.0,4.0,3.0,3,3,1385328400,841,9.70982456140351,14,9.98932073774179
24,0,Non-Travel,Research & Development,5,Life Sciences,Male,3,Research Scientist,Divorced,0.0,16,0,5.0,2,4,1,3,1.0,3.0,2.0,2,3,8798440000,1,6.899938936781609,29,9.976266762452108
36,1,Travel_Rarely,Research & Development,3,Life Sciences,Male,1,Research Director,Single,7.0,12,1,10.0,2,5,0,3,3.0,1.0,3.0,3,3,3009619600,1,6.495408357075024,27,10.015512820512821
34,0,Travel_Rarely,Sales,3,Marketing,Male,4,Research Scientist,Single,0.0,11,1,13.0,2,12,2,11,1.0,2.0,3.0,3,3,751856400,576,6.1428113425925925,21,10.027376157407408
21,0,Travel_Rarely,Sales,3,Life Sciences,Male,2,Manufacturing Director,Single,1.0,12,1,0.0,3,0,0,0,3.0,4.0,3.0,3,3,18925504900,4,5.9861622807017545,33,10.017953216374268
34,1,Travel_Rarely,Sales,2,Marketing,Female,2,Research Scientist,Single,2.0,13,0,8.0,2,4,1,3,2.0,1.0,3.0,1,3,7162236900,225,7.79967320261438,23,10.010552054154996
53,0,Travel_Rarely,Sales,1,Life Sciences,Male,5,Human Resources,Divorced,4.0,15,0,26.0,4,14,4,8,3.0,3.0,2.0,3,3,999824400,4,7.515122448979591,16,10.010784580498866
32,1,Travel_Frequently,Research & Development,3,Medical,Female,2,Manufacturing Director,Single,1.0,13,0,10.0,2,10,6,7,2.0,1.0,3.0,3,3,27549360400,100,9.541501661918328,27,9.977282763532763
42,0,Travel_Rarely,Research & Development,3,Technical Degree,Male,2,Laboratory Technician,Married,0.0,20,0,10.0,5,9,4,2,3.0,2.0,3.0,2,4,4423580100,100,6.92253032508491,32,9.985886705482775
44,0,Travel_Rarely,Research & Development,1,Life Sciences,Female,1,Manufacturing Director,Married,3.0,15,2,24.0,0,22,5,17,1.0,4.0,3.0,3,3,549902500,9,7.089795381801555,18,9.986679240969364
46,0,Travel_Rarely,Sales,3,Life Sciences,Female,1,Research Scientist,Single,3.0,13,2,22.0,3,2,2,1,2.0,1.0,2.0,1,3,1169640000,4,8.047628472222222,21,10.02474537037037
33,0,Travel_Rarely,Sales,3,Medical,Male,1,Manufacturing Director,Single,4.0,14,0,7.0,3,1,0,0,3.0,4.0,3.0,3,3,1912312900,9,6.498398345153665,26,9.978152482269504
44,0,Travel_Rarely,Human Resources,3,Life Sciences,Male,5,Healthcare Representative,Married,2.0,21,0,9.0,2,4,1,3,4.0,4.0,4.0,3,4,2264808100,676,8.49551521438451,20,9.98770977408944
30,0,Travel_Rarely,Research & Development,4,Technical Degree,Female,1,Research Scientist,Single,1.0,16,1,10.0,3,10,1,8,4.0,3.0,3.0,3,3,2810060100,1,6.059143421664341,22,9.994948860994887
39,1,Travel_Rarely,Human Resources,4,Medical,Male,1,Sales Executive,Married,3.0,14,1,19.0,3,1,0,0,4.0,4.0,4.0,3,3,1349092900,1,6.5079414476717385,20,10.023271092669432
24,1,Travel_Rarely,Human Resources,5,Human Resources,Male,3,Sales Executive,Married,2.0,11,1,6.0,2,2,2,0,2.0,4.0,2.0,2,3,2273382400,4,9.683534013605442,16,10.009363945578231
43,0,Travel_Rarely,Sales,5,Technical Degree,Female,1,Research Director,Divorced,1.0,19,0,6.0,3,5,1,4,4.0,3.0,2.0,2,3,162307600,81,6.5083962488129155,27,10.017289886039885
50,1,Travel_Rarely,Research & Development,4,Medical,Male,1,Research Director,Married,1.0,11,0,3.0,3,3,0,2,1.0,3.0,3.0,2,3,2401000000,144,8.930534934497818,32,10.003328481319748
35,0,Travel_Rarely,Sales,4,Marketing,Male,3,Manufacturing Director,Married,1.0,13,0,2.0,1,2,2,2,4.0,4.0,3.0,3,3,10953715600,4,7.090280162136385,28,9.995069146399619
36,0,Travel_Rarely,Research & Development,1,Life Sciences,Female,4,Sales Executive,Married,9.0,12,1,6.0,2,1,0,0,2.0,1.0,4.0,2,3,28923804900,625,9.11446905766526,24,9.9696319737459
33,0,Travel_Frequently,Sales,2,Marketing,Male,4,Human Resources,Married,2.0,11,0,10.0,2,5,1,3,3.0,1.0,3.0,2,3,846228100,81,6.563536727103673,22,10.013902835890285
35,0,Travel_Rarely,Research & Development,1,Medical,Male,1,Research Scientist,Divorced,1.0,14,1,1.0,2,1,0,0,3.0,4.0,3.0,3,3,3323522500,100,6.195321576763486,20,9.981694329183956
27,0,Travel_Rarely,Sales,2,Marketing,Female,3,Research Scientist,Divorced,1.0,15,1,1.0,3,1,0,0,4.0,1.0,3.0,2,3,2115080100,64,7.592880055788005,22,9.985448628544862
26,1,Travel_Rarely,Sales,3,Marketing,Male,2,Manager,Single,1.0,12,0,1.0,6,1,0,1,1.0,3.0,2.0,3,3,577921600,16,7.717430254930256,30,10.015698653198653
27,0,Travel_Frequently,Sales,3,Life Sciences,Male,4,Healthcare Representative,Single,1.0,20,1,9.0,1,9,1,7,4.0,3.0,3.0,3,4,1006158400,576,6.806234161793372,33,9.984664961013644
30,0,Travel_Frequently,Research & Development,4,Medical,Male,1,Research Scientist,Single,1.0,14,1,12.0,3,12,3,7,3.0,4.0,3.0,1,3,413308900,1,6.819847940613027,29,10.007630507662837
41,1,Travel_Rarely,Sales,4,Marketing,Male,2,Sales Executive,Married,1.0,13,1,23.0,2,22,15,8,2.0,3.0,3.0,3,3,10422368100,400,5.989205182072829,23,10.017762605042018
34,0,Non-Travel,Research & Development,2,Technical Degree,Female,1,Research Scientist,Single,0.0,13,1,10.0,2,9,8,7,2.0,3.0,3.0,2,3,7430440000,49,7.813032503457815,20,10.015719225449516
37,0,Travel_Rarely,Research & Development,3,Life Sciences,Female,3,Sales Executive,Married,4.0,16,0,8.0,3,1,0,0,2.0,2.0,3.0,2,3,426009600,289,6.091138032305433,34,10.019226627508566
46,0,Travel_Frequently,Research & Development,3,Technical Degree,Male,3,Sales Executive,Single,4.0,14,1,14.0,2,9,0,8,1.0,4.0,3.0,3,3,1628122500,400,9.277514124293786,25,9.992677730696798
35,0,Travel_Rarely,Research & Development,4,Medical,Female,3,Research Scientist,Married,1.0,16,1,1.0,2,1,0,1,4.0,4.0,3.0,3,3,1473024400,64,6.892216459197787,20,9.990342323651452
48,1,Travel_Rarely,Research & Development,4,Technical Degree,Female,1,Sales Executive,Single,9.0,16,0,23.0,6,1,0,0,1.0,3.0,3.0,1,3,2107728100,4,9.344940898345154,26,10.029927895981087
28,1,Travel_Rarely,Research & Development,1,Medical,Male,1,Sales Executive,Single,1.0,22,1,2.0,3,2,2,2,3.0,3.0,2.0,3,4,655872100,100,10.719073275862069,29,10.044796455938698
44,0,Travel_Rarely,Research & Development,1,Medical,Female,3,Research Scientist,Divorced,5.0,12,2,9.0,3,4,1,3,2.0,1.0,2.0,3,3,244296900,1,9.40453509995351,22,9.986668991166898
35,0,Non-Travel,Research & Development,4,Technical Degree,Female,3,Manufacturing Director,Married,2.0,15,2,10.0,2,4,2,3,3.0,1.0,3.0,3,3,2399040400,25,9.5451777306968,25,9.993449858757064
26,0,Travel_Rarely,Research & Development,4,Life Sciences,Female,3,Sales Executive,Married,7.0,20,1,5.0,2,2,0,0,3.0,4.0,2.0,3,4,2293452100,16,10.211988555078685,28,10.008116356700048
33,0,Travel_Frequently,Sales,4,Life Sciences,Female,1,Human Resources,Single,1.0,14,1,15.0,2,15,8,12,1.0,4.0,3.0,3,3,1011240000,841,8.229783821478383,22,10.02429451417945
35,0,Travel_Frequently,Research & Development,3,Medical,Male,3,Manufacturing Director,Married,1.0,20,0,9.0,3,9,1,8,2.0,1.0,2.0,3,4,4288940100,225,6.509724596391263,27,10.005982905982906
35,0,Travel_Rarely,Human Resources,2,Life Sciences,Female,1,Laboratory Technician,Married,3.0,13,0,4.0,6,2,2,2,3.0,1.0,3.0,2,3,4080654400,9,8.808449975949976,30,9.981843434343434
31,0,Travel_Rarely,Sales,2,Life Sciences,Female,2,Research Scientist,Divorced,3.0,12,1,10.0,3,7,1,7,4.0,4.0,2.0,3,3,12642753600,100,6.109294326241135,26,10.01805791962175
37,0,Travel_Rarely,Sales,3,Marketing,Male,4,Human Resources,Divorced,1.0,13,0,7.0,2,7,0,7,1.0,3.0,4.0,3,3,25702502400,16,7.374041727316836,32,9.981991751576903
32,0,Travel_Rarely,Research & Development,3,Other,Male,2,Sales Executive,Married,1.0,11,0,9.0,2,9,7,8,1.0,4.0,3.0,3,3,557904400,441,8.126881914381915,30,9.998336940836941
38,0,Travel_Frequently,Research & Development,3,Medical,Male,2,Manufacturing Director,Single,1.0,17,3,10.0,2,10,9,9,4.0,4.0,3.0,3,3,26660358400,625,6.234996513249651,22,9.997859135285914
50,0,Travel_Rarely,Sales,4,Marketing,Female,4,Research Scientist,Divorced,5.0,14,3,29.0,2,27,13,8,2.0,3.0,2.0,3,3,7015737600,4,9.482685569386813,20,10.031549100968189
59,0,Travel_Rarely,Research & Development,3,Technical Degree,Male,1,Laboratory Technician,Single,7.0,11,0,28.0,6,21,7,9,1.0,1.0,2.0,3,3,27575923600,1,6.880628415300546,17,9.974883879781421
36,0,Travel_Rarely,Sales,2,Marketing,Female,2,Sales Executive,Divorced,1.0,14,2,17.0,3,17,12,8,3.0,3.0,3.0,3,3,7406323600,1,5.989278262979136,32,10.014728287239203
55,0,Travel_Rarely,Research & Development,3,Medical,Male,3,Research Scientist,Divorced,2.0,17,1,21.0,2,5,0,2,4.0,3.0,3.0,3,3,516198400,49,8.108733796296297,21,10.002833333333333
36,0,Travel_Frequently,Research & Development,3,Life Sciences,Female,2,Laboratory Technician,Single,1.0,13,0,6.0,5,6,0,3,2.0,2.0,3.0,3,3,407232400,9,7.219032567049809,29,9.964297174329502
35,0,Travel_Frequently,Human Resources,3,Other,Female,2,Sales Representative,Married,4.0,13,1,5.0,3,3,1,2,2.0,1.0,2.0,3,3,1667905600,81,6.108751835535977,34,10.009484826235928
36,1,Travel_Rarely,Sales,2,Life Sciences,Male,4,Laboratory Technician,Married,0.0,18,3,2.0,2,1,0,0,4.0,3.0,2.0,4,3,20767692100,49,8.89545844625113,15,10.005022583559168
59,0,Travel_Frequently,Research & Development,4,Life Sciences,Male,3,Research Scientist,Single,7.0,19,1,20.0,4,4,1,3,1.0,3.0,2.0,2,3,532686400,100,6.798518131101813,22,9.980786843328685
29,0,Travel_Rarely,Research & Development,4,Life Sciences,Female,1,Sales Representative,Married,0.0,11,0,6.0,3,5,0,4,3.0,2.0,3.0,3,3,2343528100,784,7.813715846994535,17,9.988211520947177
31,0,Travel_Rarely,Research & Development,2,Medical,Female,3,Sales Executive,Single,1.0,21,1,1.0,2,1,1,0,3.0,2.0,3.0,1,4,1836122500,9,6.348673795476893,35,9.973397246804327
32,0,Travel_Rarely,Sales,4,Life Sciences,Male,2,Manufacturing Director,Married,1.0,15,1,10.0,1,10,0,9,2.0,2.0,3.0,2,3,9438122500,9,7.515204011065007,20,9.976128400184416
31,0,Travel_Rarely,Research & Development,3,Medical,Female,2,Research Director,Single,1.0,18,0,11.0,3,11,1,8,3.0,4.0,3.0,3,3,454542400,729,6.118682367149759,31,10.006661835748792
35,0,Travel_Rarely,Research & Development,4,Medical,Male,2,Healthcare Representative,Single,0.0,14,1,16.0,2,15,2,8,3.0,1.0,3.0,4,3,10249537600,4,5.999399906235349,24,10.011550632911392
45,0,Travel_Rarely,Human Resources,3,Human Resources,Female,1,Sales Executive,Married,4.0,13,0,17.0,3,0,0,0,4.0,1.0,4.0,1,3,2995372900,196,8.909158496732028,23,10.01407446311858
37,0,Travel_Rarely,Research & Development,3,Life Sciences,Female,3,Sales Executive,Single,4.0,17,3,16.0,3,5,0,2,1.0,3.0,4.0,3,3,2711284900,1,6.56862073112073,30,10.001914381914382
46,0,Travel_Rarely,Research & Development,3,Medical,Male,3,Manager,Divorced,8.0,15,1,16.0,0,4,0,2,2.0,2.0,3.0,3,3,27017496900,81,10.306561930783241,17,9.999758652094718
30,0,Travel_Rarely,Sales,3,Life Sciences,Male,4,Human Resources,Married,1.0,18,1,10.0,2,10,3,0,4.0,4.0,2.0,3,3,527161600,324,9.17510808926081,22,9.986861924686192
35,0,Travel_Rarely,Research & Development,4,Life Sciences,Female,3,Human Resources,Single,1.0,13,0,6.0,5,6,0,4,2.0,3.0,3.0,3,3,1655676100,400,7.8793479284369115,25,10.006767890772128
55,0,Travel_Rarely,Research & Development,3,Life Sciences,Female,2,Laboratory Technician,Married,3.0,12,1,24.0,4,1,1,0,1.0,4.0,3.0,3,3,5536848100,4,6.696436781609195,29,9.968728448275861
38,0,Non-Travel,Sales,1,Marketing,Male,2,Laboratory Technician,Divorced,7.0,13,2,17.0,2,13,1,9,2.0,4.0,3.0,4,3,590490000,121,8.80858660130719,23,9.998382352941178
34,0,Travel_Rarely,Research & Development,2,Medical,Male,1,Research Scientist,Married,1.0,14,0,5.0,1,5,1,3,1.0,2.0,3.0,3,3,3455088400,64,7.978471641097165,22,9.991151789865178
56,0,Travel_Rarely,Human Resources,1,Medical,Male,2,Sales Executive,Single,4.0,11,1,37.0,2,6,0,2,4.0,4.0,2.0,3,3,699073600,4,6.30531795224977,19,10.00231290174472
23,0,Travel_Rarely,Research & Development,3,Medical,Male,2,Laboratory Technician,Divorced,3.0,22,3,3.0,2,0,0,0,3.0,1.0,3.0,3,4,4146072100,100,6.401212121212121,30,9.998755411255411
51,0,Travel_Rarely,Research & Development,4,Life Sciences,Female,5,Manufacturing Director,Married,3.0,17,0,10.0,2,4,0,3,4.0,4.0,3.0,2,3,600740100,841,6.7253349336991315,18,10.000723593964336
30,0,Travel_Rarely,Sales,2,Technical Degree,Male,1,Sales Representative,Married,1.0,21,1,11.0,2,11,10,8,3.0,4.0,3.0,4,4,4085766400,64,7.587324074074075,21,10.004972222222223
46,1,Travel_Rarely,Sales,2,Medical,Female,2,Research Scientist,Single,1.0,22,0,9.0,0,9,4,7,3.0,4.0,3.0,3,4,9436179600,1,6.169058981889378,34,10.008945178658834
40,0,Travel_Frequently,Research & Development,3,Medical,Male,1,Healthcare Representative,Married,1.0,16,2,22.0,2,22,11,11,3.0,2.0,2.0,2,3,3692992900,36,7.406232281664381,18,9.988411065386373
51,0,Travel_Rarely,Research & Development,4,Life Sciences,Female,5,Sales Representative,Single,0.0,12,1,11.0,2,10,1,0,3.0,4.0,1.0,3,3,600250000,64,10.09669596812002,24,9.984149085794655
30,0,Travel_Rarely,Research & Development,3,Life Sciences,Male,1,Manufacturing Director,Divorced,1.0,12,3,11.0,0,11,2,7,3.0,2.0,2.0,3,3,8556250000,81,8.090893770339378,22,10.024245699674571
46,0,Travel_Frequently,Research & Development,1,Medical,Male,1,Laboratory Technician,Married,2.0,15,1,21.0,3,10,9,5,3.0,1.0,2.0,3,3,430147600,144,8.994402494331066,16,9.987049886621314
32,0,Travel_Rarely,Sales,3,Marketing,Male,1,Research Scientist,Single,1.0,14,0,12.0,6,11,5,7,2.0,3.0,3.0,2,3,10340856100,225,7.266617852161785,22,9.972862622036262
54,0,Travel_Rarely,Research & Development,1,Medical,Female,1,Laboratory Technician,Married,9.0,25,1,16.0,2,4,0,3,1.0,3.0,1.0,2,4,2357102500,625,7.627571256038647,31,9.962099033816425
24,0,Travel_Rarely,Sales,2,Marketing,Male,2,Research Scientist,Married,0.0,20,3,4.0,1,3,0,2,1.0,3.0,2.0,3,4,1670356900,36,7.8056066945606695,22,10.00971641097164
28,0,Non-Travel,Sales,4,Medical,Male,2,Laboratory Technician,Married,1.0,13,0,5.0,2,5,0,4,2.0,3.0,4.0,2,3,560268900,81,5.9833804143126175,25,9.981654896421846
58,0,Travel_Rarely,Research & Development,4,Life Sciences,Male,2,Sales Executive,Single,0.0,14,0,38.0,2,37,1,8,4.0,3.0,2.0,4,3,883278400,64,7.1178888888888885,21,9.993472222222222
44,0,Non-Travel,Research & Development,2,Medical,Female,1,Research Scientist,Married,4.0,16,0,17.0,3,3,1,2,2.0,2.0,4.0,2,3,38361139600,529,6.73713693957115,33,9.968796296296295
37,1,Travel_Rarely,Human Resources,3,Human Resources,Male,2,Healthcare Representative,Divorced,4.0,17,0,7.0,4,3,0,2,3.0,1.0,3.0,3,3,3007425600,81,10.096624371284866,18,10.01723136716964
32,0,Travel_Rarely,Human Resources,2,Human Resources,Female,1,Sales Representative,Single,1.0,15,1,1.0,2,1,0,0,4.0,1.0,3.0,2,3,424772100,144,8.000715307582261,28,9.991409155937054
20,1,Travel_Frequently,Sales,4,Life Sciences,Female,2,Healthcare Representative,Single,1.0,22,0,1.0,3,1,1,0,4.0,4.0,3.0,3,4,9848577600,16,10.71681765790687,20,9.982883817427386
34,0,Travel_Rarely,Research & Development,4,Other,Male,4,Laboratory Technician,Single,1.0,22,1,16.0,2,16,2,10,1.0,3.0,3.0,2,4,1762320400,1,7.607830009496676,27,9.978681149097817
37,0,Non-Travel,Sales,2,Life Sciences,Male,1,Research Scientist,Divorced,5.0,20,1,17.0,3,1,0,0,3.0,4.0,4.0,3,4,4644422500,576,7.752644075610881,20,9.996190640848317
59,0,Non-Travel,Research & Development,2,Life Sciences,Male,2,Sales Executive,Married,9.0,14,0,30.0,0,3,2,2,3.0,4.0,3.0,3,3,2230672900,144,7.205767763471626,28,9.995697424892704
50,0,Travel_Frequently,Research & Development,4,Medical,Male,4,Research Scientist,Married,3.0,13,2,28.0,3,8,0,7,1.0,2.0,2.0,2,3,3772416400,9,9.57719489981785,17,10.020277777777778
25,1,Travel_Rarely,Sales,1,Marketing,Male,2,Research Director,Single,1.0,13,0,6.0,6,6,0,3,3.0,3.0,3.0,2,3,6784816900,100,8.478968089990818,19,10.003098025711664
25,0,Travel_Rarely,Research & Development,3,Technical Degree,Male,1,Laboratory Technician,Married,1.0,22,1,2.0,3,2,2,1,4.0,4.0,3.0,3,4,7837560900,676,7.685013343037361,32,10.006836487142165
22,0,Travel_Rarely,Research & Development,1,Life Sciences,Male,1,Sales Representative,Single,1.0,12,1,1.0,2,0,0,0,2.0,4.0,3.0,3,3,37368756100,4,6.2889583333333325,21,10.019465277777776
51,0,Travel_Frequently,Research & Development,3,Life Sciences,Female,1,Sales Executive,Single,3.0,14,1,23.0,4,13,12,8,1.0,1.0,2.0,3,3,429732900,1,7.503041125541126,30,10.033854016354017
34,1,Travel_Frequently,Human Resources,4,Life Sciences,Female,5,Sales Executive,Single,1.0,15,0,9.0,3,9,0,6,1.0,3.0,3.0,3,3,3093584400,16,8.177102836879433,26,9.978282505910165
54,0,Non-Travel,Research & Development,3,Life Sciences,Male,1,Laboratory Technician,Single,2.0,17,0,23.0,5,5,4,4,4.0,4.0,3.0,3,3,38466976900,81,8.07852859135286,22,9.954423523942353
24,0,Travel_Rarely,Research & Development,1,Life Sciences,Male,2,Laboratory Technician,Married,0.0,13,1,6.0,4,5,1,2,2.0,3.0,3.0,3,3,1160764900,4,6.51509139009139,30,9.967633477633479
34,0,Travel_Rarely,Sales,3,Marketing,Female,2,Sales Representative,Divorced,6.0,12,1,12.0,2,1,0,0,3.0,2.0,3.0,3,3,2563396900,16,6.020694444444445,31,9.987694444444443
37,0,Travel_Rarely,Sales,1,Technical Degree,Male,1,Laboratory Technician,Single,2.0,12,2,12.0,3,5,1,3,3.0,4.0,3.0,3,3,2152032100,36,6.211864568431092,28,10.010358845970435
34,0,Travel_Rarely,Sales,2,Medical,Male,2,Healthcare Representative,Single,2.0,21,1,14.0,3,11,5,8,3.0,1.0,3.0,3,4,2377537600,81,7.862405002405002,30,10.019249639249638
36,0,Travel_Frequently,Human Resources,3,Medical,Male,1,Research Scientist,Married,0.0,11,0,10.0,1,9,2,8,2.0,4.0,3.0,3,3,723610000,49,8.021531914893618,26,9.996167848699764
36,0,Travel_Rarely,Research & Development,3,Medical,Female,2,Manufacturing Director,Divorced,5.0,13,0,7.0,6,1,0,0,1.0,4.0,3.0,3,3,30859948900,1,7.500177595628415,17,9.985643214936248
43,0,Travel_Frequently,Research & Development,4,Life Sciences,Male,1,Sales Executive,Married,1.0,12,1,25.0,3,25,4,12,3.0,4.0,4.0,3,3,579846400,9,8.757728758169936,23,10.026653828197945
30,0,Travel_Frequently,Research & Development,3,Life Sciences,Female,3,Healthcare Representative,Divorced,1.0,24,0,10.0,2,10,0,9,1.0,3.0,2.0,3,4,791859600,100,7.892903187998125,24,10.001837787154242
33,0,Non-Travel,Sales,3,Life Sciences,Male,2,Sales Executive,Married,0.0,21,0,8.0,3,7,0,7,3.0,2.0,4.0,3,4,12645002500,49,6.676623663412366,22,9.983757554625756
56,1,Travel_Rarely,Research & Development,3,Life Sciences,Male,2,Laboratory Technician,Married,9.0,19,0,7.0,1,5,4,3,2.0,2.0,3.0,1,3,1096934400,225,8.992446493624772,17,9.995212887067396
51,0,Travel_Rarely,Research & Development,2,Other,Female,2,Sales Representative,Single,7.0,14,1,23.0,2,20,15,15,1.0,3.0,3.0,3,3,36286440100,9,6.678879743941473,18,9.990505258344765
31,1,Travel_Rarely,Research & Development,4,Technical Degree,Female,3,Sales Executive,Married,4.0,20,0,12.0,2,7,7,7,2.0,3.0,2.0,3,4,458388100,4,8.390953856749313,19,9.970207759412304
26,0,Travel_Rarely,Sales,3,Medical,Female,2,Manager,Married,1.0,19,0,5.0,4,5,4,3,3.0,2.0,2.0,2,3,3328136100,289,7.695775273224044,17,9.995840163934426
58,1,Travel_Rarely,Sales,2,Medical,Female,1,Research Scientist,Married,1.0,13,1,40.0,2,40,15,6,4.0,4.0,2.0,2,3,1922822500,4,7.626250586029068,24,9.99851617440225
19,1,Travel_Rarely,Research & Development,2,Life Sciences,Male,1,Manager,Single,1.0,23,1,0.0,2,0,0,0,4.0,3.0,2.0,3,4,2843022400,25,9.407780082987552,20,10.004435223605348
22,0,Travel_Rarely,Sales,4,Technical Degree,Male,1,Sales Executive,Married,0.0,13,1,3.0,1,2,2,1,3.0,4.0,3.0,3,3,2174356900,841,6.380174220272904,33,9.994512670565301
49,0,Travel_Rarely,Research & Development,3,Life Sciences,Female,1,Sales Executive,Married,1.0,11,1,16.0,3,15,5,11,3.0,1.0,2.0,2,3,2231617600,4,7.225774134790528,17,9.9907866575592
43,0,Travel_Frequently,Sales,2,Life Sciences,Male,1,Sales Executive,Single,4.0,13,0,18.0,2,3,1,2,2.0,3.0,3.0,4,3,1031052100,4,7.994240506329114,24,10.015379746835443
50,0,Travel_Frequently,Research & Development,4,Life Sciences,Male,2,Sales Executive,Single,4.0,14,1,16.0,3,2,2,1,3.0,4.0,3.0,4,3,2891212900,361,7.110352564102564,27,9.986636989553658
31,1,Travel_Rarely,Research & Development,1,Medical,Female,2,Sales Executive,Married,3.0,22,0,4.0,2,2,2,2,2.0,3.0,3.0,2,4,1653235600,225,8.409509015594542,33,9.997724171539963
41,0,Travel_Rarely,Research & Development,2,Other,Male,1,Manufacturing Director,Divorced,3.0,11,3,12.0,2,9,0,7,3.0,3.0,3.0,1,3,2712326400,289,8.12291910331384,33,10.015405701754386
26,0,Travel_Rarely,Research & Development,4,Life Sciences,Male,2,Sales Executive,Married,1.0,13,1,8.0,5,8,5,7,3.0,3.0,3.0,4,3,2378512900,289,7.873234618916437,19,9.984746326905418
36,0,Travel_Rarely,Human Resources,1,Human Resources,Male,2,Research Scientist,Divorced,6.0,21,1,7.0,2,3,0,1,2.0,2.0,3.0,4,4,971568900,625,6.7485386989553655,27,9.986555080721747
51,1,Travel_Frequently,Research & Development,3,Life Sciences,Female,1,Manager,Single,2.0,11,0,18.0,2,4,0,3,1.0,4.0,3.0,4,3,246176100,36,7.19089890319504,28,9.978614687649022
39,0,Travel_Rarely,Research & Development,3,Life Sciences,Female,1,Research Scientist,Married,4.0,13,1,17.0,3,15,5,9,4.0,3.0,4.0,4,3,38643696400,49,7.905141770401107,20,9.979537805440295
25,0,Travel_Rarely,Sales,1,Medical,Female,3,Research Scientist,Married,2.0,14,1,6.0,3,2,2,2,1.0,3.0,3.0,2,3,941876100,841,7.824501669051026,28,9.998017405817835
30,0,Travel_Rarely,Research & Development,1,Medical,Male,2,Laboratory Technician,Married,0.0,11,0,12.0,5,11,4,7,3.0,4.0,1.0,3,3,10888922500,441,10.019050141242937,25,9.978160310734463
32,1,Travel_Rarely,Research & Development,4,Life Sciences,Female,2,Research Director,Single,7.0,15,0,10.0,0,5,0,4,1.0,1.0,4.0,2,3,1720590400,4,7.873010869565218,31,9.983857487922705
45,0,Travel_Rarely,Research & Development,1,Technical Degree,Female,2,Healthcare Representative,Single,5.0,23,1,9.0,4,6,0,3,3.0,4.0,2.0,3,4,3326982400,4,7.431106538637403,18,9.962813214449017
38,0,Travel_Rarely,Research & Development,4,Life Sciences,Female,2,Research Director,Single,3.0,16,1,19.0,4,3,2,2,4.0,3.0,3.0,3,3,2542176400,49,10.42669295839049,18,9.975812757201647
30,0,Travel_Rarely,Sales,3,Marketing,Female,2,Laboratory Technician,Single,1.0,16,1,5.0,2,5,0,4,1.0,3.0,2.0,4,3,3329290000,169,6.679929981634527,19,10.007924701561066
32,0,Travel_Frequently,Sales,3,Marketing,Male,3,Laboratory Technician,Divorced,0.0,21,0,9.0,3,8,0,7,4.0,4.0,4.0,3,4,6015553600,4,6.497091217855409,32,10.014753760310528
30,0,Travel_Rarely,Research & Development,3,Medical,Female,3,Sales Executive,Divorced,5.0,13,0,8.0,5,3,2,2,4.0,1.0,3.0,3,3,10621363600,1,6.717123842592593,21,10.009586805555555
30,0,Travel_Rarely,Sales,3,Medical,Male,2,Research Scientist,Single,0.0,11,1,6.0,3,5,1,2,2.0,4.0,3.0,3,3,1549209600,81,6.389748677248678,30,10.00470658970659
41,0,Travel_Frequently,Sales,2,Medical,Female,3,Manufacturing Director,Divorced,4.0,12,1,21.0,6,7,7,7,4.0,1.0,2.0,2,3,6312302500,100,7.291085648148148,21,9.993640046296296
41,0,Travel_Rarely,Research & Development,4,Medical,Male,4,Research Scientist,Married,2.0,12,3,7.0,2,5,1,4,3.0,1.0,3.0,4,3,3298204900,100,8.00730787037037,21,9.998498842592593
19,0,Travel_Rarely,Research & Development,3,Other,Female,5,Manufacturing Director,Single,1.0,18,3,1.0,2,1,0,0,2.0,2.0,3.0,2,3,23110080400,1,6.3915671091445425,35,10.019883235004917
40,0,Travel_Frequently,Research & Development,4,Medical,Male,2,Manufacturing Director,Divorced,1.0,12,1,20.0,2,20,2,13,2.0,2.0,3.0,3,3,2959360000,676,7.00086966713549,24,10.007273792780122
35,0,Travel_Rarely,Sales,1,Marketing,Female,3,Laboratory Technician,Married,1.0,14,3,10.0,2,10,0,6,3.0,2.0,3.0,3,3,1413760000,64,7.405430032543003,22,9.996285448628544
53,0,Travel_Rarely,Sales,2,Life Sciences,Female,5,Manufacturing Director,Married,2.0,12,1,13.0,1,7,4,5,2.0,3.0,1.0,2,3,1236928900,196,10.895969267139481,26,10.01069621749409
32,0,Travel_Frequently,Sales,2,Life Sciences,Female,1,Manufacturing Director,Single,1.0,19,1,9.0,4,9,3,7,2.0,4.0,3.0,1,3,469155600,4,7.9063129251700675,16,9.995306122448978
29,0,Non-Travel,Research & Development,4,Technical Degree,Male,3,Healthcare Representative,Married,1.0,11,1,10.0,6,10,0,9,4.0,3.0,3.0,4,3,3444516100,100,6.079574879227054,31,10.014262077294685
51,0,Travel_Rarely,Research & Development,3,Other,Female,3,Research Director,Married,2.0,15,1,10.0,4,1,0,0,2.0,3.0,3.0,3,3,6412806400,1,7.573345410628019,31,9.99625
58,0,Travel_Rarely,Sales,3,Marketing,Female,1,Research Scientist,Married,4.0,11,3,9.0,4,1,0,0,2.0,2.0,2.0,1,3,2710243600,9,10.002300925925926,21,10.004434027777778
40,0,Travel_Rarely,Research & Development,2,Technical Degree,Male,4,Laboratory Technician,Married,7.0,18,0,15.0,4,12,2,11,3.0,4.0,2.0,3,3,2803702500,121,6.209419934640523,23,10.011151960784314
34,0,Travel_Frequently,Sales,4,Marketing,Male,2,Manufacturing Director,Married,6.0,16,0,6.0,1,4,1,2,3.0,3.0,3.0,3,3,26938656900,576,7.023323996265173,23,10.000381652661064
22,0,Travel_Rarely,Research & Development,3,Medical,Male,1,Laboratory Technician,Married,1.0,25,1,2.0,2,2,2,2,3.0,4.0,3.0,3,4,17606636100,9,7.6878176328502414,31,10.021832125603865
27,0,Non-Travel,Research & Development,3,Medical,Male,1,Healthcare Representative,Divorced,6.0,16,1,6.0,2,2,2,2,4.0,2.0,1.0,4,3,774508900,9,6.283424753867791,24,10.019966010314112
28,0,Travel_Rarely,Sales,4,Life Sciences,Male,2,Healthcare Representative,Married,1.0,13,1,5.0,4,5,0,2,3.0,4.0,1.0,2,3,2951748900,16,6.481372126436781,29,9.983532088122605
57,0,Travel_Rarely,Research & Development,3,Life Sciences,Male,2,Manufacturing Director,Divorced,3.0,14,1,12.0,5,5,1,4,3.0,4.0,1.0,3,3,405216900,9,10.911611811391223,23,10.012806956115782
27,0,Non-Travel,Research & Development,3,Life Sciences,Male,1,Manufacturing Director,Divorced,1.0,19,0,1.0,1,1,0,1,3.0,3.0,2.0,3,3,19504915600,4,10.577804659498208,13,9.99578405017921
50,0,Travel_Rarely,Research & Development,3,Life Sciences,Female,2,Manufacturing Director,Single,3.0,15,1,21.0,5,5,4,4,3.0,2.0,3.0,4,3,1913187600,16,6.260163194444444,21,9.96938888888889
41,0,Travel_Rarely,Sales,4,Marketing,Male,4,Laboratory Technician,Divorced,4.0,12,1,13.0,3,9,1,8,1.0,3.0,3.0,3,3,4681296400,49,6.183946808510638,26,10.006280141843972
30,0,Travel_Rarely,Human Resources,4,Human Resources,Female,1,Manager,Married,2.0,12,1,12.0,0,10,7,4,2.0,4.0,3.0,2,3,30366547600,1,6.8905061205273075,25,10.006944444444445
38,0,Travel_Rarely,Sales,1,Medical,Male,2,Laboratory Technician,Single,4.0,16,0,12.0,0,8,0,7,1.0,4.0,4.0,2,3,30986560900,1,6.283979441997063,34,9.984018600097896
32,0,Travel_Rarely,Research & Development,3,Medical,Female,1,Manufacturing Director,Single,3.0,14,1,8.0,3,5,1,4,3.0,3.0,3.0,3,3,2098556100,400,6.908863636363637,30,9.990239297739297
27,0,Travel_Rarely,Research & Development,4,Medical,Male,2,Healthcare Representative,Married,0.0,13,0,6.0,2,5,1,1,3.0,2.0,2.0,3,3,2242022500,25,8.916565126050422,23,9.988222455648925
19,1,Travel_Frequently,Research & Development,2,Life Sciences,Male,2,Healthcare Representative,Single,0.0,22,1,1.0,4,0,0,0,3.0,1.0,4.0,3,4,1753096900,100,7.487804735114862,24,9.99573488045007
36,0,Travel_Frequently,Sales,3,Marketing,Female,2,Research Director,Single,4.0,21,2,13.0,3,8,7,2,4.0,2.0,2.0,3,4,3030502500,625,7.3757114392873895,24,10.005107829348336
30,0,Non-Travel,Sales,3,Medical,Female,1,Sales Executive,Divorced,1.0,18,1,12.0,2,12,6,10,3.0,1.0,3.0,3,3,2992090000,1,6.768581306628517,28,10.020979971387696
45,0,Travel_Rarely,Research & Development,2,Medical,Male,2,Sales Executive,Divorced,4.0,13,1,9.0,3,5,0,3,3.0,1.0,4.0,3,3,2998657600,576,8.1273556998557,30,9.982714045214045
56,0,Travel_Rarely,Research & Development,3,Life Sciences,Male,4,Manager,Divorced,4.0,12,0,19.0,2,2,2,2,3.0,1.0,3.0,2,3,669256900,16,8.299431330472103,28,9.94922746781116
33,0,Travel_Rarely,Research & Development,2,Medical,Male,1,Sales Executive,Single,0.0,18,3,4.0,4,3,0,2,3.0,4.0,4.0,3,3,595360000,4,6.815491363211952,23,9.98796802054155
19,1,Travel_Rarely,Research & Development,2,Life Sciences,Male,2,Sales Executive,Single,1.0,21,0,1.0,2,1,1,0,2.0,4.0,2.0,3,4,25510478400,64,7.2163328460038985,33,10.023988791423003
46,0,Travel_Rarely,Research & Development,3,Technical Degree,Female,2,Laboratory Technician,Divorced,1.0,12,0,24.0,1,24,15,7,2.0,1.0,3.0,1,3,23651364100,100,6.874954462659381,17,10.015840163934426
38,0,Travel_Rarely,Sales,4,Life Sciences,Male,1,Manufacturing Director,Single,1.0,14,0,2.0,3,2,2,1,3.0,4.0,3.0,4,3,5015472400,16,7.907437198067633,31,9.981537439613525
34,0,Travel_Rarely,Sales,3,Marketing,Female,2,Manager,Single,2.0,14,1,9.0,2,3,1,2,4.0,2.0,3.0,3,3,2881542400,81,6.19154970760234,33,9.977662037037037
41,1,Travel_Rarely,Research & Development,4,Life Sciences,Male,5,Laboratory Technician,Single,1.0,24,1,4.0,1,4,0,2,2.0,2.0,2.0,3,4,2859040900,324,10.125495271867614,26,9.981056737588652
50,0,Travel_Rarely,Sales,4,Marketing,Male,3,Sales Executive,Married,2.0,11,0,5.0,4,3,0,2,3.0,3.0,2.0,2,3,1020802500,361,6.774787439613526,31,9.972364734299518
53,0,Travel_Rarely,Sales,2,Life Sciences,Male,1,Manager,Divorced,1.0,13,0,5.0,2,4,1,3,4.0,1.0,3.0,3,3,1591212100,1,6.100402661064425,23,9.988955415499532
33,0,Travel_Rarely,Research & Development,3,Life Sciences,Male,1,Human Resources,Married,1.0,11,3,8.0,6,8,1,6,4.0,2.0,3.0,1,3,1092963600,16,7.518541954817889,20,9.99001613646842
40,0,Travel_Rarely,Research & Development,3,Life Sciences,Female,2,Sales Executive,Married,1.0,20,2,21.0,2,20,9,9,4.0,3.0,3.0,3,4,4907002500,121,6.1997328154425615,25,9.971854990583804
55,0,Travel_Rarely,Research & Development,1,Life Sciences,Female,2,Laboratory Technician,Single,8.0,17,0,36.0,0,24,2,15,3.0,2.0,3.0,2,3,704902500,36,6.076173872617387,22,10.002188516968852
34,0,Travel_Frequently,Human Resources,4,Other,Female,1,Research Scientist,Married,1.0,11,2,10.0,4,10,1,9,4.0,3.0,2.0,4,3,194044900,49,6.798693853427896,26,9.982401891252955
51,0,Travel_Rarely,Human Resources,2,Human Resources,Male,2,Sales Representative,Single,3.0,18,0,21.0,2,7,1,0,4.0,2.0,3.0,3,3,660490000,16,7.402082737243682,28,10.002091082498808
52,0,Travel_Rarely,Research & Development,4,Medical,Female,2,Sales Representative,Married,0.0,11,1,34.0,3,33,11,9,3.0,3.0,3.0,3,3,1251036900,4,6.283778756730298,34,10.009817670093
27,0,Travel_Rarely,Sales,3,Marketing,Male,1,Research Scientist,Single,1.0,12,2,7.0,3,7,0,3,4.0,2.0,2.0,3,3,1588819600,225,7.48798463356974,26,9.978191489361702
35,1,Travel_Rarely,Research & Development,4,Life Sciences,Female,2,Research Director,Married,3.0,12,0,8.0,3,1,0,1,2.0,3.0,3.0,4,3,11843968900,4,8.998655876951332,19,9.96033287419651
45,0,Non-Travel,Research & Development,2,Medical,Female,1,Sales Executive,Married,9.0,19,0,22.0,3,20,11,8,1.0,4.0,3.0,3,3,9072562500,81,6.252302098235575,28,9.986959942775393
37,0,Travel_Rarely,Research & Development,3,Life Sciences,Female,1,Research Scientist,Married,1.0,12,0,8.0,2,8,1,7,2.0,1.0,2.0,1,3,857904100,49,10.093918856615952,20,9.979589672660213
35,0,Travel_Frequently,Research & Development,3,Other,Male,2,Research Director,Single,5.0,13,0,10.0,2,6,1,2,2.0,2.0,3.0,4,3,517562500,1,6.084731481481482,21,10.009523148148148
42,0,Non-Travel,Research & Development,1,Technical Degree,Male,2,Sales Executive,Divorced,2.0,11,1,11.0,2,5,0,2,3.0,3.0,3.0,3,3,6207864100,1,6.387923059042306,22,9.993205485820548
38,0,Travel_Rarely,Sales,2,Marketing,Male,5,Research Scientist,Married,9.0,14,0,14.0,0,1,0,0,4.0,3.0,3.0,3,3,2430490000,64,6.297548463356974,26,9.996028368794327
38,0,Travel_Rarely,Human Resources,1,Human Resources,Female,1,Manufacturing Director,Married,3.0,14,1,9.0,3,7,1,7,4.0,4.0,1.0,4,3,6157540900,625,7.292095204178538,27,10.02340574548908
27,0,Travel_Frequently,Research & Development,4,Medical,Male,1,Manager,Married,5.0,13,0,6.0,4,2,2,0,3.0,1.0,3.0,2,3,1936880100,169,6.508089120370371,21,10.017886574074074
49,0,Non-Travel,Research & Development,1,Other,Female,2,Sales Executive,Divorced,1.0,19,1,7.0,5,7,1,7,4.0,4.0,3.0,3,3,8539608100,529,9.578439046333784,14,10.028615609536661
34,0,Travel_Frequently,Research & Development,2,Medical,Male,4,Sales Representative,Divorced,1.0,23,0,5.0,2,5,2,0,4.0,3.0,4.0,3,4,884467600,49,10.523336834733895,23,9.992954014939308
40,0,Travel_Rarely,Research & Development,3,Medical,Female,1,Laboratory Technician,Married,8.0,12,2,15.0,0,7,3,7,3.0,4.0,4.0,2,3,2026800400,529,10.387393857271906,15,9.982697606142727
38,1,Travel_Rarely,Sales,4,Life Sciences,Female,3,Research Scientist,Married,7.0,15,0,17.0,3,1,0,0,2.0,1.0,3.0,3,3,11551950400,36,8.37882823871907,32,10.012635856380399
29,1,Travel_Rarely,Sales,2,Life Sciences,Female,2,Research Scientist,Married,1.0,19,2,10.0,2,10,1,9,2.0,4.0,2.0,3,3,241802500,100,6.695554331864905,34,10.02341532060695
22,0,Travel_Rarely,Research & Development,3,Life Sciences,Female,4,Healthcare Representative,Divorced,1.0,11,2,4.0,3,4,2,2,4.0,2.0,2.0,3,3,16734009600,1,8.511136584182436,32,9.993759097525473
36,0,Travel_Frequently,Research & Development,3,Life Sciences,Female,2,Laboratory Technician,Single,1.0,17,0,8.0,3,8,1,7,2.0,4.0,3.0,3,3,531302500,1,7.498819158664837,18,9.999770233196159
40,0,Non-Travel,Research & Development,2,Life Sciences,Male,1,Manufacturing Director,Married,9.0,22,0,5.0,2,3,0,2,4.0,4.0,1.0,4,4,27902361600,784,6.102570048309179,31,9.97605193236715
46,0,Travel_Rarely,Research & Development,1,Medical,Male,5,Research Scientist,Divorced,7.0,18,0,17.0,3,4,0,3,4.0,1.0,3.0,3,3,1178548900,625,6.036308668582375,29,10.011597222222223
32,1,Travel_Rarely,Research & Development,3,Medical,Male,1,Healthcare Representative,Married,1.0,11,0,14.0,2,14,9,8,4.0,4.0,2.0,4,3,1208952900,25,7.797340579710145,31,9.97815458937198
30,0,Non-Travel,Research & Development,4,Life Sciences,Male,2,Healthcare Representative,Single,1.0,12,1,12.0,2,11,5,8,3.0,3.0,3.0,2,3,4134490000,289,7.963074229691878,23,9.991056255835668
27,0,Travel_Frequently,Research & Development,2,Medical,Female,1,Laboratory Technician,Single,1.0,19,1,7.0,4,7,0,7,4.0,3.0,3.0,3,3,4245825600,324,6.196217494089835,26,10.002001182033098
51,0,Travel_Rarely,Research & Development,1,Medical,Female,1,Manufacturing Director,Married,5.0,13,0,16.0,2,10,4,7,2.0,2.0,1.0,3,3,1526464900,4,6.716984978540772,28,10.034666189794944
30,1,Travel_Rarely,Research & Development,4,Life Sciences,Female,2,Research Scientist,Single,5.0,13,0,8.0,3,5,0,4,4.0,1.0,3.0,2,3,3093584400,100,8.493341678588461,28,10.004870052455889
41,0,Travel_Rarely,Research & Development,3,Life Sciences,Male,2,Human Resources,Single,3.0,19,2,16.0,3,1,0,0,4.0,4.0,3.0,2,3,4737568900,1,9.079756515775035,18,10.0097508001829
30,1,Travel_Frequently,Sales,2,Medical,Male,2,Healthcare Representative,Single,5.0,14,0,9.0,2,6,0,1,3.0,1.0,2.0,2,3,819104400,9,6.992415458937198,31,9.986213768115942
29,1,Travel_Rarely,Research & Development,3,Life Sciences,Male,1,Sales Executive,Single,0.0,13,0,7.0,3,6,1,5,3.0,3.0,2.0,2,3,2478048400,4,7.816956115779645,23,9.98955415499533
45,0,Non-Travel,Research & Development,3,Medical,Female,2,Research Scientist,Single,6.0,12,2,23.0,2,19,12,8,4.0,4.0,3.0,3,3,10749542400,4,6.608641843971631,26,9.976424349881798
54,0,Travel_Rarely,Sales,2,Marketing,Female,2,Laboratory Technician,Married,2.0,19,0,16.0,2,6,0,5,4.0,1.0,3.0,2,3,3762595600,64,6.409974851394604,18,10.003668267032465
36,0,Travel_Rarely,Research & Development,4,Life Sciences,Male,1,Healthcare Representative,Single,8.0,25,2,16.0,3,13,3,7,4.0,2.0,4.0,2,4,4536022500,256,7.5909802571166205,19,10.000595730027548
33,0,Travel_Rarely,Sales,1,Other,Female,3,Sales Executive,Married,6.0,22,2,7.0,2,3,1,1,3.0,2.0,3.0,3,4,1085702500,81,7.464012345679013,18,10.019253543667125
37,0,Travel_Frequently,Sales,4,Life Sciences,Male,2,Laboratory Technician,Divorced,1.0,15,1,10.0,5,10,0,7,2.0,4.0,3.0,3,3,2743664400,4,10.10788686459739,14,10.003208502024291
38,0,Travel_Rarely,Research & Development,2,Medical,Male,4,Laboratory Technician,Divorced,0.0,12,0,17.0,4,16,5,13,1.0,3.0,2.0,3,3,4188678400,1,6.9217973856209145,23,9.995528711484592
31,0,Non-Travel,Sales,1,Medical,Female,3,Research Scientist,Married,0.0,11,1,6.0,2,5,1,4,3.0,3.0,3.0,2,3,9235210000,16,5.996345410628019,31,10.031235507246377
59,0,Travel_Rarely,Research & Development,3,Life Sciences,Female,3,Manager,Married,3.0,13,0,7.0,2,1,0,0,3.0,4.0,3.0,3,3,39334788900,25,6.164645593869731,29,10.03321240421456
37,0,Travel_Frequently,Sales,3,Marketing,Female,2,Laboratory Technician,Divorced,4.0,19,0,13.0,2,9,5,8,1.0,4.0,3.0,3,3,9517953600,4,7.017593380614657,26,10.000355791962175
29,0,Travel_Frequently,Sales,4,Medical,Female,1,Sales Executive,Married,1.0,19,3,11.0,4,11,4,1,2.0,4.0,3.0,3,3,2468102400,225,6.299962651727357,23,9.978294817927171
35,0,Travel_Frequently,Research & Development,3,Life Sciences,Female,1,Sales Executive,Single,1.0,13,0,10.0,6,10,0,8,3.0,3.0,4.0,2,3,460102500,361,6.029894636015325,29,10.033177681992337
29,1,Travel_Rarely,Research & Development,1,Life Sciences,Female,1,Research Scientist,Single,1.0,21,0,4.0,2,4,0,1,3.0,4.0,2.0,3,4,475240000,49,8.406493491399349,22,10.010384704788471
52,0,Travel_Rarely,Research & Development,2,Medical,Female,4,Manager,Single,7.0,14,0,6.0,5,2,2,2,3.0,4.0,2.0,3,3,6965571600,1,7.407588383838384,19,10.002689393939393
42,0,Travel_Rarely,Research & Development,4,Life Sciences,Female,2,Sales Executive,Married,1.0,11,2,22.0,2,22,11,15,3.0,4.0,3.0,3,3,1186802500,49,6.3959226627508565,34,10.04908467939305
59,0,Travel_Rarely,Research & Development,4,Technical Degree,Male,1,Healthcare Representative,Married,8.0,11,0,7.0,3,2,2,2,2.0,3.0,2.0,4,3,761760000,16,6.698972222222221,31,10.050463768115943
50,0,Travel_Rarely,Research & Development,2,Life Sciences,Male,2,Sales Executive,Divorced,3.0,23,1,32.0,2,7,0,6,4.0,4.0,2.0,4,4,3961443600,121,7.743357279693487,29,10.01942648467433
33,1,Travel_Rarely,Sales,4,Marketing,Male,1,Research Scientist,Married,5.0,21,0,8.0,2,5,0,4,3.0,4.0,1.0,2,4,5097960000,121,10.915240820219362,28,9.981586790653314
43,0,Travel_Rarely,Sales,3,Marketing,Female,2,Manufacturing Director,Married,5.0,24,0,22.0,3,17,1,9,4.0,4.0,3.0,3,4,859662400,1,9.265778246601032,24,10.01858766994843
33,1,Travel_Rarely,Sales,3,Life Sciences,Male,2,Manager,Married,7.0,11,0,13.0,2,9,1,7,1.0,1.0,4.0,3,3,2649160900,1,7.096989130434782,31,10.006388888888889
52,0,Non-Travel,Research & Development,3,Technical Degree,Male,1,Sales Executive,Single,1.0,14,0,33.0,3,33,15,12,1.0,3.0,4.0,2,3,2031304900,4,8.808812613843353,17,9.991269353369763
32,0,Travel_Rarely,Human Resources,4,Life Sciences,Female,3,Manufacturing Director,Married,2.0,16,1,6.0,2,4,1,2,3.0,2.0,3.0,2,3,7334209600,169,8.046774496015002,24,9.999266291608063
32,1,Travel_Rarely,Sales,1,Life Sciences,Male,3,Healthcare Representative,Single,0.0,11,0,4.0,2,3,1,2,4.0,3.0,1.0,3,3,609102400,529,10.176452546296296,21,10.028049768518517
39,0,Travel_Rarely,Sales,4,Life Sciences,Male,2,Research Director,Divorced,7.0,12,1,7.0,2,3,1,2,3.0,3.0,3.0,4,3,6660192100,676,6.312204861111111,21,10.006744212962962
32,0,Non-Travel,Sales,4,Marketing,Male,4,Research Scientist,Married,0.0,13,1,4.0,3,3,2,2,3.0,4.0,3.0,2,3,444788100,4,6.141971365638766,34,10.010011013215859
41,0,Travel_Rarely,Sales,3,Life Sciences,Female,2,Laboratory Technician,Divorced,2.0,15,0,17.0,3,1,0,0,3.0,1.0,2.0,2,3,2802643600,841,6.131716963877458,18,10.026912437128487
45,0,Travel_Rarely,Research & Development,1,Life Sciences,Female,2,Sales Representative,Married,0.0,14,0,25.0,4,24,1,7,3.0,4.0,3.0,2,3,3376772100,324,6.931283068783069,30,10.017816257816259
31,0,Travel_Frequently,Research & Development,4,Medical,Male,1,Research Scientist,Divorced,9.0,14,1,9.0,3,2,2,2,2.0,3.0,3.0,4,3,593896900,49,7.298196173351775,20,9.981557169202398
33,0,Travel_Rarely,Research & Development,4,Life Sciences,Female,1,Sales Executive,Married,1.0,12,1,2.0,2,2,0,2,3.0,4.0,2.0,3,3,765075600,4,6.778947626040137,34,10.04586637298091
34,0,Travel_Rarely,Research & Development,3,Other,Female,1,Sales Executive,Married,6.0,13,0,13.0,3,11,5,9,4.0,1.0,3.0,2,3,36244544400,676,6.414911894273128,34,10.017347038668625
37,0,Travel_Rarely,Research & Development,5,Medical,Female,2,Manufacturing Director,Married,2.0,14,3,17.0,3,3,0,2,3.0,1.0,2.0,3,3,933302500,484,7.610144581056466,17,9.98399704007286
45,0,Travel_Frequently,Sales,1,Marketing,Male,3,Research Scientist,Married,4.0,13,0,9.0,3,3,0,2,1.0,3.0,3.0,2,3,523952100,441,7.992223360655738,17,9.998887750455374
37,1,Travel_Frequently,Sales,3,Marketing,Male,1,Laboratory Technician,Divorced,6.0,11,1,17.0,2,1,0,0,1.0,3.0,3.0,3,3,1600800100,4,7.111666666666666,23,9.998628618113912
39,0,Travel_Frequently,Research & Development,3,Medical,Female,1,Manufacturing Director,Single,0.0,19,1,20.0,2,19,11,8,3.0,3.0,3.0,3,3,16809122500,484,7.392469806763285,31,10.000532608695652
29,0,Travel_Rarely,Sales,3,Other,Female,2,Human Resources,Single,1.0,18,0,6.0,2,6,1,5,3.0,4.0,3.0,2,3,1252452100,16,7.292814357567444,18,9.999753086419753
42,0,Travel_Rarely,Research & Development,4,Medical,Female,1,Research Scientist,Single,3.0,17,1,10.0,5,3,0,2,4.0,1.0,3.0,3,3,3634884100,25,8.522277091906721,18,10.01978966620942
29,0,Travel_Rarely,Research & Development,4,Medical,Male,1,Laboratory Technician,Divorced,2.0,15,0,10.0,2,3,0,2,4.0,4.0,3.0,2,3,717704100,4,6.0929541263254965,20,10.004248501613645
25,0,Travel_Rarely,Research & Development,2,Life Sciences,Male,2,Sales Executive,Married,0.0,20,0,5.0,4,4,1,2,1.0,3.0,3.0,3,4,1370480400,625,7.706631794131794,30,9.979973544973545
42,0,Travel_Rarely,Sales,2,Medical,Male,1,Laboratory Technician,Divorced,0.0,14,1,10.0,2,9,7,8,4.0,1.0,3.0,2,3,575040400,324,9.492594513600737,20,10.018546565237436
